transaction_id,date,merchant,category,amount,account_type,is_recurring,notes
T101730,01/28/23,Home Depot,Transport ,71.98,credit,yes,
T102656,2023-04-04,Chipotle Mexican Grill,Travel,31.10,checking,Y,
T100033,2024-02-04,Costco Wholesale,Subscriptions,120.02,checking,,
T104927,2023-05-19,Spotify,DINING,$76.17,savings,0,reimbursable
T103901,07/16/24,Starbucks,Subscriptions ,245.44,credit,N,split w/ roommate
T103606,05/18/24,Amazon.com,Transport ,38.19,savings,1,  
T104643,12/14/24,Costco Wholesale,Groceries,70.91,credit,yes,auto-pay
T102290,10/24/24,Spotify,Dining ,$96.04,checking,,
T101055,04-07-2023,Starbucks,groceries ,12.59,credit,Y,
T101204,04/22/24,UBER,Entertainmnt,23.90,savings,no,  
T100879,08/10/24,Delta Air Lines,GROCERIES,101.15,savings,Y,
T103132,2023-02-09,Netflix,Shoping,91.91,savings,False,auto-pay
T103882,"April 23, 2023",  Chipotle Mexican Grill  ,Subscriptions ,$35.78,savings,1,  
T102822,2023-05-27,Shell Gas Station,SUBSCRIPTIONS,39.35 USD,credit,N,
T101943,"March 11, 2024",Delta Air Lines, Groceries,187.56,credit,Y,
T102077,2023-08-24,Netflix,TRANSPORTATION,88.33,savings,,
T100501,11/22/2024,Netflix,Grocery,7.16,savings,,
T101044,"March 10, 2024",Trader Joe's,Transportation,62.46,savings,0,reimbursable
T101746,07/07/2024,Delta Air Lines,travel,69.66 USD,savings,True,  
T103961,2024-09-02,Shell Gas Station,subscription,83.80 USD,checking,,
T102254,"October 25, 2024",AT&T Wireless,Subscriptions ,53.11,checking,1,
T100838,27-10-2023,Costco Wholesale,dining out,39.90,savings,1,auto-pay
T103438,29-09-2024,chipotle mexican grill,Utilities,156.54,credit,False,split w/ roommate
T103693,"March 11, 2023",AT&T Wireless,TRANSPORTATION,30.12 USD,checking,False,
T104589,02/22/2023,Chipotle Mexican Grill,DINING,$39.30,credit,,reimbursable
T102298,"March 08, 2024",Amazon.com,DINING,$139.47,savings,,
T102182,"December 01, 2024",Delta Air Lines,Utilities,177.55,savings,N,
T104584,"March 06, 2024",Trader Joe's,health care,30.65 USD,,N,
T104588,01/07/2023,Costco Wholesale,DINING,$98.25,checking,yes,reimbursable
T102440,07/11/2023,AMAZON.COM, Utilities,72.38,checking,False,  
T101720,"May 02, 2023",Netflix,Entertainment,"$7,114.00",credit,Y,split w/ roommate
T101432,03/11/23,Target, Utilities,$10.14,checking,N,  
T100555,01/25/2024,Target, Groceries,291.23 USD,savings,yes,
T104920,01/01/23,Target,Transportation,81.89 USD,checking,no,split w/ roommate
T101773,10-04-2024,Uber,GROCERIES,66.55 USD,savings,True,
T100742,05-12-2023,Best Buy,utilities,$55.35,savings,0,reimbursable
T103718,"July 27, 2023",delta air lines,Entertainmnt,86.05,checking,N,reimbursable
T104162,11/10/2024,  Spotify  ,Subscriptions,55.80 USD,savings,True,auto-pay
T103652,01/10/24,Delta Air Lines,Healthcare,32.36 USD,credit,yes,auto-pay
T101626,01-06-2024,Delta Air Lines,Transport ,101.87,savings,False,  
T100023,12/05/2023,AT&T Wireless,Subscriptions ,42.89,checking,,split w/ roommate
T100373,12-08-2024,AT&T Wireless, Utilities,67.24,savings,no,
T104441,"August 20, 2024",Trader Joe's,Transportation,55.73 USD,credit,yes,auto-pay
T103317,2023-01-06,Costco Wholesale,entertainment,$4.03,savings,True,
T100468,03/13/2023,Uber, Utilities,87.43,credit,N,  
T103611,11/01/23,Uber,entertainment,172.07,credit,,split w/ roommate
T102487,"November 23, 2024",Uber,Travel,6.25 USD,credit,no,
T103411,"May 16, 2023",Starbucks,,107.57 USD,credit,N,
T102244,"February 18, 2023",spotify,travel,35.70 USD,checking,False,reimbursable
T103922,07/10/2024,Starbucks,dining out,61.85,credit,True,split w/ roommate
T103379,"June 25, 2023",AT&T Wireless,Healthcare,260.39 USD,checking,Y,  
T103286,08/27/23,CHIPOTLE MEXICAN GRILL,TRANSPORTATION,$126.42,checking,0,split w/ roommate
T101047,19-03-2024,Costco Wholesale,subscription,8.96 USD,checking,,auto-pay
T101569,22-02-2024,Chipotle Mexican Grill,Transportation,28.58 USD,credit,yes,  
T103532,03/15/2023,Shell Gas Station, Utilities,$45.99,credit,1,
T102344,09/27/23,target,Entertainmnt,$66.44,savings,,reimbursable
T101543,"September 22, 2023",Whole Foods Market,Entertainment,42.40 USD,savings,,
T104932,03/21/24,Shell Gas Station, Utilities,70.98,savings,False,split w/ roommate
T100106,11/02/24,Delta Air Lines,ENTERTAINMENT,30.53,,Y,  
T103529,2024-06-01,COSTCO WHOLESALE,ENTERTAINMENT,77.31,credit,yes,  
T101729,06/27/2024,Shell Gas Station, Utilities,99.71,savings,1,  
T103992,2023-12-21,  Spotify  ,entertainment,47.86,checking,no,auto-pay
T104603,2024-03-06,Netflix,Entertainmnt,65.55,savings,1,split w/ roommate
T104571,2023-04-01,Spotify	,,51.91 USD,credit,yes,  
T104323,2023-09-22,Target,groceries ,236.19 USD,checking,False,split w/ roommate
T102266,2024-08-25,Amazon.com	,travel,$41.70,checking,True,  
T100577,"October 25, 2023",Best Buy,Entertainment,25.95,credit,0,auto-pay
T100589,"April 26, 2023",Uber,Travel,42.60 USD,savings,Y,  
T103094,03/28/24,Target,GROCERIES,106.19,credit,1,split w/ roommate
T104792,"January 25, 2024",Whole Foods Market,groceries ,42.10 USD,credit,yes,auto-pay
T104523,2024-01-22,Delta Air Lines,Shopping,$71.08,checking,N,
T102699,03/02/2023,AT&T Wireless,Healthcare ,$50.91,checking,,
T104787,04/17/23,Amazon.com,Shoping,20.64,savings,1,
T104687,2023-07-19,Costco Wholesale,Grocery,94.55 USD,savings,False,
T100239,"July 30, 2023",Shell Gas Station,dining out,13.47,checking,no,
T100065,08-02-2024,Delta Air Lines, Utilities,36.75 USD,savings,0,
T102603,2023-02-12,Starbucks,Travel,$111.29,savings,False,auto-pay
T104634,05/25/23,Starbucks,Healthcare,40.15,checking,N,
T100497,2023-02-10,Amazon.com,shopping,132.46 USD,credit,yes,split w/ roommate
T100279,"April 04, 2023",AT&T Wireless,transport,119.30 USD,checking,True,reimbursable
T100472,"February 21, 2024",  Starbucks  ,utilities,$71.13,credit,1,
T103226,"February 06, 2023",Shell Gas Station,subscription,58.12,checking,no,  
T102653,"November 07, 2024",Starbucks,Healthcare,98.55,savings,Y,  
T103951,02/22/24,Amazon.com,Dining ,53.43,,,
T100296,"May 21, 2023",Target,Utility,207.89,savings,1,auto-pay
T101434,03/17/2023,Shell Gas Station,,91.98,credit,,split w/ roommate
T104221,15-09-2023,Delta Air Lines,Grocery,61.31 USD,,,
T104374,03/17/23,Amazon.com,Shoping,174.14,checking,0,reimbursable
T102619,04/01/24,CVS Pharmacy,entertainment,$7.49,savings,,
T103826,"May 09, 2024",Whole Foods Market,SHOPPING,$103.09,savings,0,reimbursable
T102899,04-02-2024,Home Depot,Utility,86.40 USD,checking,True,reimbursable
T100084,"August 21, 2024",AT&T Wireless,TRANSPORTATION,15.68 USD,checking,,
T103666,04/25/2023,Whole Foods Market,,116.10 USD,credit,True,split w/ roommate
T104010,22-09-2023,,Utilities,65.16,savings,False,
T101351,2024-07-14,Target,Healthcare ,56.14 USD,credit,0,split w/ roommate
T102957,"May 05, 2024",WHOLE FOODS MARKET,travel,63.58,savings,,  
T104802,09-04-2023,Chipotle Mexican Grill,Shoping,$91.37,savings,1,reimbursable
T102792,03/09/23,Amazon.com,Travel,$80.59,savings,1,split w/ roommate
T102596,2024-12-29,Delta Air Lines,Transportation,$60.91,credit,Y,
T103126,2023-11-24,Amazon.com,utilities,84.92,savings,,  
T102002,11/19/23,SPOTIFY,Transportation,38.83,savings,N,
T101174,2024-06-16,,Utilities,46.33,savings,,auto-pay
T103194,04/26/2024,Spotify,Dining ,$2.81,checking,yes,auto-pay
T101340,12/21/23,Amazon.com,Shoping,105.6,credit,N,split w/ roommate
T104657,"December 07, 2023",CVS Pharmacy,TRANSPORTATION,73.04,checking,1,auto-pay
T101075,"August 05, 2023",Target,dining out,149.07,checking,True,  
T101451,"May 02, 2023",Starbucks,Dining,46.25,credit,yes,auto-pay
T104243,"February 26, 2024",Home Depot,Shoping,$53.09,checking,no,  
T101941,"January 28, 2023",Costco Wholesale,Entertainmnt,138.75,checking,yes,split w/ roommate
T100179,"October 07, 2024",Home Depot,travel,$55.89,,N,reimbursable
T100800,01/31/2023,Target,transport,63.84,credit,False,split w/ roommate
T100079,"August 19, 2023",Chipotle Mexican Grill,subscription,97.56,credit,no,reimbursable
T104113,22-12-2023,Shell Gas Station,HEALTHCARE,134.42,credit,,
T104194,07/22/23,  Whole Foods Market  ,Entertainmnt,193.60,credit,0,  
T101818,12/18/23,Spotify,entertainment,69.77 USD,savings,True,reimbursable
T100561,2024-08-29,,Travel,204.31,savings,no,reimbursable
T101618,2023-04-27,Delta Air Lines,Grocery,39.81,checking,no,reimbursable
T102937,04/03/2023,Uber,Entertainment,$81.48,savings,N,  
T100199,"April 17, 2024",Chipotle Mexican Grill,Dining,141.53,credit,Y,reimbursable
T101117,2023-12-24,Starbucks,travel,$75.90,savings,True,split w/ roommate
T103032,2023-02-12,Starbucks,GROCERIES,$46.02,savings,True,  
T103721,09/11/2024,Costco Wholesale,TRAVEL,46.07,credit,True,
T102021,12/24/2024,Chipotle Mexican Grill,ENTERTAINMENT,6019.00,savings,True,split w/ roommate
T103805,"April 03, 2023",Whole Foods Market,Groceries,128.54 USD,credit,1,
T100422,2023-08-01,CVS Pharmacy,Entertainment,115.38,credit,1,split w/ roommate
T104968,11-07-2023,Spotify,Healthcare,131.6,credit,Y,auto-pay
T100393,03/06/24,Chipotle Mexican Grill,Healthcare,71.68 USD,savings,no,auto-pay
T100553,"February 27, 2024",Home Depot,health care,214.11,credit,False,reimbursable
T102758,01/14/24,AT&T Wireless	,health care,$118.16,savings,Y,reimbursable
T101550,2024-03-20,Best Buy,transport,$79.82,savings,True,
T100157,27-05-2024,Amazon.com,Healthcare,$196.69,credit,,
T104706,2024-04-26,Uber,subscription,114.19,credit,N,split w/ roommate
T102910,"June 16, 2024",Trader Joe's,Transportation,$17.09,checking,,split w/ roommate
T100333,03/29/2024,best buy,Utility,15.49,savings,yes,
T104058,05/16/2024,Trader Joe's,Dining ,108.16,checking,N,  
T100228,13-08-2023,TRADER JOE'S,Shopping,92.73 USD,savings,0,auto-pay
T103559,02/19/23,  Spotify  ,shopping,$153.69,credit,1,reimbursable
T101658,06-11-2023,Trader Joe's,utilities,213.57,credit,,auto-pay
T100657,08/23/23,Netflix,TRANSPORTATION,$44.64,savings,yes,  
T104063,"January 30, 2024",Whole Foods Market,TRAVEL,26.93 USD,savings,1,split w/ roommate
T100029,"August 12, 2024",Chipotle Mexican Grill,Utilities,47.44,checking,True,reimbursable
T102986,16-05-2024,Chipotle Mexican Grill,,22.88,checking,yes,split w/ roommate
T101126,2024-06-29,Best Buy,Healthcare ,58.83 USD,savings,False,auto-pay
T103789,02/24/2024,Chipotle Mexican Grill,TRAVEL,94.17 USD,credit,False,
T102527,2023-06-23,COSTCO WHOLESALE,utilities,92.05 USD,savings,N,
T101740,2023-11-07,Whole Foods Market,utilities,60.98,savings,True,auto-pay
T101501,2023-04-14,Best Buy,TRANSPORTATION,100.81,credit,yes,reimbursable
T104215,25-04-2024,Uber,Entertainmnt,67.89,checking,N,split w/ roommate
T102123,12/17/2023,  Best Buy  ,Grocery,28.12 USD,checking,,
T101477,09/12/2024,Spotify,,$35.28,credit,0,
T103158,07/24/24,HOME DEPOT,Subscriptions,137.5,checking,1,reimbursable
T104096,07/15/24,Costco Wholesale,SHOPPING,20.88,credit,yes,split w/ roommate
T100915,2024-03-01,Shell Gas Station,Shopping,$35.00,credit,Y,
T100151,2024-08-19,Shell Gas Station	,dining out,$4.93,,0,auto-pay
T103044,2024-03-07,,Subscriptions,40.40,checking,1,  
T102815,07/28/2023,Chipotle Mexican Grill,,$156.22,credit,1,  
T104394,"March 23, 2024",Shell Gas Station,Grocery,$210.54,credit,1,  
T100240,04-07-2024,Delta Air Lines,Subscriptions ,19.08,savings,False,reimbursable
T102227,"September 27, 2024",Amazon.com,Transportation,55.32,credit,0,
T102459,03/15/2023,Netflix,DINING,$136.53,checking,False,
T104651,11/05/23,Spotify,Subscriptions,78.05,savings,1,auto-pay
T101946,11/27/2024,Target,dining out,58.28 USD,checking,Y,  
T104728,27-05-2024,Amazon.com,utilities,140.02,credit,no,
T104656,"October 10, 2023",Uber	,SHOPPING,$280.16,savings,no,reimbursable
T103248,09/15/23,CVS Pharmacy,Subscriptions,65.97,credit,1,split w/ roommate
T100168,11/02/24,Target,utilities,22.86,credit,yes,  
T102633,2024-07-02,Starbucks,TRAVEL,73.34 USD,savings,1,  
T101971,02/19/2023,Delta Air Lines,Shoping,274.68,savings,,  
T100683,02/04/23,Whole Foods Market,dining out,$68.23,credit,N,
T100626,10/17/23,Uber,entertainment,$79.23,checking,1,auto-pay
T100655,"April 07, 2023",Spotify,Entertainment,$29.71,checking,no,  
T100765,05/05/2024,BEST BUY,Dining,18.56 USD,savings,True,
T104395,03/11/24,Home Depot,Dining ,43.04,credit,no,
T102698,,AT&T Wireless	,subscription,$76.18,savings,Y,
T101272,07/09/23,Starbucks	,utilities,$23.25,savings,True,
T104476,2024-05-04,Home Depot,Subscriptions ,66.03 USD,savings,0,split w/ roommate
T101519,24-01-2024,Chipotle Mexican Grill,travel,85.71,savings,yes,split w/ roommate
T102841,2023-01-09,Spotify,Healthcare,94.9,checking,,
T104210,09-05-2023,Home Depot, Groceries,31.76,savings,1,split w/ roommate
T101090,12/07/23,AT&T Wireless,SUBSCRIPTIONS,167.11 USD,credit,yes,reimbursable
T103494,2023-05-14,AT&T Wireless,Utilities,49.46,credit,no,  
T103786,12/19/2024,Delta Air Lines,TRAVEL,113.27,checking,yes,  
T103321,"March 04, 2024",Netflix,Shoping,$31.21,credit,False,  
T101858,"September 25, 2024",Whole Foods Market,Entertainmnt,277.59,savings,N,
T103127,04/12/2023,Chipotle Mexican Grill, Groceries,56.65,credit,,  
T102292,2024-08-13,Chipotle Mexican Grill,Healthcare ,$206.14,credit,0,
T101588,03/03/24,Target,health care,$186.83,checking,1,
T102267,"May 11, 2024",Whole Foods Market,SUBSCRIPTIONS,47.16,checking,False,
T104808,13-07-2023,Netflix,transport,131.68,checking,1,reimbursable
T104509,12-05-2023,Netflix,TRAVEL,38.72,savings,True,reimbursable
T101844,"November 03, 2023",Whole Foods Market,Entertainmnt,90.82,checking,,
T104715,"March 11, 2023",Best Buy,Transport ,102.53,checking,Y,
T101200,2024-04-26,Trader Joe's,GROCERIES,69.72 USD,savings,0,auto-pay
T101647,"July 21, 2024",AT&T Wireless,groceries,14.89,credit,,  
T101323,"January 29, 2023",Amazon.com,Transport ,30.68,checking,1,split w/ roommate
T101536,03-02-2023,  AT&T Wireless  ,Dining ,99.59,savings,no,
T103151,"January 09, 2023",Costco Wholesale,GROCERIES,2642.00,credit,yes,  
T103985,2023-09-03,  Uber  ,HEALTHCARE,142.72,checking,,  
T101183,06/22/24,Trader Joe's,TRAVEL,126.86 USD,savings,True,
T101669,23-11-2023,Shell Gas Station, Utilities,58.57 USD,checking,Y,reimbursable
T104246,11/19/23,Whole Foods Market,,$105.21,savings,no,  
T104873,05/26/23,Home Depot,Transport ,95.77,,0,reimbursable
T103815,2023-11-17,Netflix,Utility,217.12,savings,Y,reimbursable
T104458,02/01/2024,Trader Joe's,Grocery,$44.33,,1,reimbursable
T100227,2023-06-12,CHIPOTLE MEXICAN GRILL,HEALTHCARE,70.83,checking,True,
T100952,"May 31, 2023",Uber,health care,87.10 USD,credit,False,split w/ roommate
T103784,2024-12-20,Home Depot,Travel,120.06 USD,savings,N,
T101215,2023-08-16,Uber,Grocery,44.20 USD,checking,1,  
T103959,03/16/2024,Shell Gas Station,utilities,31.92,credit,True,split w/ roommate
T104482,02/27/2024,Netflix,Healthcare ,$65.53,savings,,split w/ roommate
T100624,07/18/23,Uber,Transportation,,checking,True,  
T104038,04-03-2023,Costco Wholesale,Healthcare ,81.19 USD,checking,N,
T100763,01/12/2024,AT&T Wireless,shopping,$114.07,,1,reimbursable
T100653,"April 07, 2023",Best Buy,entertainment,19.16,credit,yes,  
T100805,02-06-2023,Costco Wholesale,ENTERTAINMENT,$79.53,credit,Y,split w/ roommate
T104755,06/30/23,Target,Dining ,$21.65,checking,,  
T100248,10/25/23,Starbucks,groceries,$64.40,savings,False,
T104174,"December 19, 2024",Chipotle Mexican Grill,ENTERTAINMENT,47.74 USD,checking,True,auto-pay
T104126,"May 29, 2024",AT&T Wireless, Groceries,$159.09,savings,1,
T100807,03/12/23,Netflix,entertainment,$49.86,credit,True,reimbursable
T100416,2024-11-26,Amazon.com,TRAVEL,$69.48,savings,0,
T101020,04/17/23,Netflix,Entertainment,"$11,865.00",credit,no,reimbursable
T103883,"May 22, 2023",starbucks,DINING,86.00,savings,0,
T101966,2023-02-24,Netflix,travel,$98.78,,,
T103193,02/23/2023,Uber,Dining ,59.1,checking,,
T101789,08/04/2023,AT&T WIRELESS,ENTERTAINMENT,$60.78,credit,1,split w/ roommate
T102304,2023-10-22,Costco Wholesale,travel,92.72,savings,Y,split w/ roommate
T100485,09/12/2024,Uber,,46.18 USD,checking,0,split w/ roommate
T100831,10/20/24,Whole Foods Market,entertainment,100.30,credit,0,split w/ roommate
T103282,10/07/23,Spotify,Groceries,$29.32,checking,yes,
T104929,"November 22, 2024",Starbucks,HEALTHCARE,5.94 USD,checking,0,auto-pay
T102377,2024-12-19,AT&T Wireless,Dining,116.53,savings,,  
T102992,"May 07, 2024",Trader Joe's,Transportation,$69.64,checking,,  
T101650,11-03-2023,Spotify,TRANSPORTATION,100.59,,False,  
T103464,13-07-2023,Shell Gas Station,Travel,132.97,checking,Y,  
T103808,09/19/24,Shell Gas Station,Dining,46.04,credit,yes,  
T100080,"October 13, 2023",Best Buy,Grocery,45.15,credit,True,split w/ roommate
T103331,07/28/24,Chipotle Mexican Grill	,Grocery,26.12,savings,Y,reimbursable
T101545,07-12-2024,Starbucks,utilities,$14.48,,no,  
T102692,07/23/2024,Home Depot	,Shopping,109.14 USD,credit,True,auto-pay
T103339,06/22/2024,Spotify,ENTERTAINMENT,13690.0,savings,no,auto-pay
T104180,11/18/2023,Whole Foods Market,travel,18.45,credit,0,
T101210,01/02/2023,Chipotle Mexican Grill,transport,$151.72,checking,yes,reimbursable
T101049,"April 15, 2024",Shell Gas Station,subscription,$246.46,credit,False,auto-pay
T102683,19-03-2023,Trader Joe's	,SUBSCRIPTIONS,$35.62,credit,Y,  
T103966,07/22/2024,Whole Foods Market,Subscriptions,$239.14,checking,yes,split w/ roommate
T102499,07/29/24,Spotify,utilities,844.0,credit,N,reimbursable
T104534,08/24/23,Costco Wholesale,subscription,35.11,checking,Y,auto-pay
T104793,02/29/24,AT&T Wireless,SHOPPING,9.84,checking,True,reimbursable
T104242,2024-11-01,Home Depot	,HEALTHCARE,68.54,checking,Y,
T100088,17-01-2024,Netflix,GROCERIES,89.08,savings,True,
T103513,07/29/2023,Home Depot,transport,31.77,savings,False,auto-pay
T104624,16-02-2024,Home Depot,Subscriptions,59.34,checking,0,split w/ roommate
T100008,"November 17, 2024",AT&T Wireless,TRAVEL,22.63,credit,yes,reimbursable
T103698,16-04-2023,Whole Foods Market,entertainment,$161.31,savings,True,reimbursable
T103215,29-12-2024,Home Depot,transport,39.20,checking,False,
T104842,2024-11-22,Spotify,Shoping,6.18 USD,credit,1,split w/ roommate
T102990,12/30/23,Chipotle Mexican Grill,transport,31.35,checking,1,split w/ roommate
T101374,09/30/24,Costco Wholesale,Shopping,17.39,checking,yes,  
T103810,2024-03-20,Netflix,shopping,50.29,checking,no,auto-pay
T102100,2024-08-18,Chipotle Mexican Grill,ENTERTAINMENT,$60.51,savings,1,split w/ roommate
T100144,13-09-2024,CVS Pharmacy,health care,$136.85,checking,,
T100810,2024-05-05,  Costco Wholesale  ,TRANSPORTATION,$54.77,savings,,  
T102765,2024-07-27,Target,entertainment,166.35,checking,Y,
T100842,03/16/2024,Target,,37.17,,,
T102305,07/18/24,Amazon.com,ENTERTAINMENT,$130.81,credit,False,split w/ roommate
T102543,"December 06, 2024",Uber,transport,91.2,checking,no,split w/ roommate
T103830,2024-12-04,Spotify,Shoping,101.97,credit,no,auto-pay
T100465,02/25/2023,CVS Pharmacy	,Subscriptions,$44.42,savings,1,reimbursable
T101448,"February 12, 2024",,SHOPPING,298.11,checking,True,auto-pay
T102780,02/04/24,Uber,Healthcare ,155.41,checking,True,  
T103804,09-03-2023,Spotify,Shopping,18.71 USD,credit,True,
T104275,08/14/2023,CVS Pharmacy,Subscriptions ,49.52 USD,credit,False,
T104315,10-10-2024,Trader Joe's,Subscriptions ,,credit,True,split w/ roommate
T104696,27-03-2024,Home Depot,TRAVEL,59.85,savings,,
T100100,06/29/2023,Delta Air Lines,Shoping,107.28,savings,,reimbursable
T102895,2023-04-15,CVS Pharmacy,subscription,81.27,checking,no,reimbursable
T102892,2023-08-25,Best Buy,TRANSPORTATION,97.75 USD,checking,no,split w/ roommate
T103410,10/21/24,CVS Pharmacy,Groceries,29.50,savings,0,auto-pay
T102598,03/09/24,  Costco Wholesale  , Groceries,106.77,checking,False,
T100410,10/05/24,CVS Pharmacy,SUBSCRIPTIONS,15.89 USD,savings,,auto-pay
T100734,05-03-2023,Best Buy,,$149.07,credit,Y,split w/ roommate
T101471,14-08-2023,Uber, Utilities,28.10 USD,credit,,
T103011,20-06-2024,Uber,groceries,63.8,savings,1,
T104560,09/07/24,Best Buy,Travel,15.79 USD,checking,False,auto-pay
T102186,2024-04-30,Delta Air Lines,Groceries,70.46,credit,yes,reimbursable
T102742,05/30/2023,Home Depot,DINING,132.99,credit,Y,
T101103,"June 21, 2024",Amazon.com,groceries,$84.79,checking,True,
T104184,07/04/23,uber,DINING,118.66,credit,no,  
T104273,"September 28, 2024",Shell Gas Station,Transportation,92.48,credit,Y,auto-pay
T103404,12/01/2023,Amazon.com,groceries ,130.91,checking,no,auto-pay
T102346,08/06/24,Delta Air Lines,,592.90 USD,checking,1,reimbursable
T104801,"April 02, 2023",Best Buy,ENTERTAINMENT,85.14 USD,checking,0,
T103704,07/28/2024,Trader Joe's,Dining,43.28,checking,no,split w/ roommate
T101491,05/25/2024,shell gas station,Dining,$50.22,savings,Y,  
T101322,18-04-2024,Delta Air Lines,Subscriptions ,$90.38,savings,1,split w/ roommate
T103137,09/18/23,Home Depot,Travel,$176.22,savings,Y,  
T102420,"August 08, 2024",Starbucks,groceries ,100.36,checking,Y,split w/ roommate
T103469,2024-08-18,CHIPOTLE MEXICAN GRILL,Healthcare,111.10,savings,True,
T104324,11/01/2024,CVS Pharmacy,HEALTHCARE,$23.37,savings,yes,
T104325,2023-06-24,Starbucks,,$213.39,savings,True,auto-pay
T102577,01/11/2024,Chipotle Mexican Grill,travel,20091.00,checking,Y,  
T101905,04/19/23,Trader Joe's,Utility,14.76 USD,savings,yes,split w/ roommate
T104630,01-11-2024,  Trader Joe's  ,Dining,$32.48,savings,1,
T100297,2024-11-09,Trader Joe's,Utilities,93.33,savings,,auto-pay
T100881,05/14/2024,Shell Gas Station,DINING,41.72,checking,False,  
T102874,17-07-2023,Uber,transport,$86.01,credit,no,
T101375,12/02/2024,Starbucks,Transport ,22.72,checking,N,
T100599,01-03-2024,Target,,51.12,credit,False,
T102093,10/29/2023,Spotify,Entertainmnt,74.15,savings,yes,split w/ roommate
T100230,01/20/23,Whole Foods Market,Transportation,$30.33,credit,no,auto-pay
T101454,2023-12-29,Spotify,Healthcare,115.13,checking,Y,split w/ roommate
T101870,07/06/23,CVS Pharmacy,DINING,$93.96,credit,False,split w/ roommate
T102770,12/06/2024,  Delta Air Lines  ,Utilities,$248.60,,,
T104028,19-09-2024,Netflix,ENTERTAINMENT,$123.31,checking,,reimbursable
T101623,04/20/2023,Spotify,Healthcare ,55.21 USD,checking,1,reimbursable
T101052,12/11/24,Trader Joe's,health care,25.96,checking,yes,auto-pay
T104984,2023-07-09,Chipotle Mexican Grill,transport,213.37,savings,no,auto-pay
T104796,02/14/2023,WHOLE FOODS MARKET, Utilities,$144.54,,True,auto-pay
T101220,08/09/2023,Uber,SUBSCRIPTIONS,134.92,credit,True,
T100828,05/10/2024,Chipotle Mexican Grill,,65.65,credit,0,  
T104447,2024-09-29,CVS Pharmacy,Utilities,97.71 USD,checking,yes,
T102145,"July 03, 2023",Trader Joe's,Utility,10.7,savings,no,reimbursable
T102284,04/17/24,Whole Foods Market,Subscriptions,48.45,credit,yes,auto-pay
T100731,"March 10, 2024",Whole Foods Market,transport,173.87,credit,False,auto-pay
T102549,03/16/24,Trader Joe's,Subscriptions ,114.73,savings,1,  
T100877,02/01/24,BEST BUY,,$29.15,credit,,
T102917,"September 02, 2023",Uber,Healthcare ,57.91,savings,0,
T101612,2023-03-01,Target,,$16.42,credit,,
T104898,10/19/24,Chipotle Mexican Grill,shopping,$101.65,savings,no,  
T104054,2024-03-01,Target,Dining ,98.66,savings,False,split w/ roommate
T102091,"September 04, 2024",Delta Air Lines,Healthcare,$139.79,checking,no,reimbursable
T103064,08/12/2023,Whole Foods Market,shopping,30.69,credit,yes,split w/ roommate
T101305,08/13/2023,Target,Entertainment,12.72,,,auto-pay
T102921,12/30/2024,Uber,Transport ,$64.48,checking,0,
T104648,12/28/23,Uber,Travel,62.72,savings,0,split w/ roommate
T102127,"February 01, 2023",AT&T Wireless,shopping,107.41,savings,Y,split w/ roommate
T103910,01/04/2024,Netflix,dining out,89.16,credit,1,
T102387,11/02/24,Chipotle Mexican Grill,DINING,11.72 USD,checking,N,split w/ roommate
T101074,"July 11, 2024",spotify,Groceries,104.05,savings,no,
T103773,"September 21, 2024",Trader Joe's,Dining,125.54,checking,no,auto-pay
T101293,"November 06, 2023",Delta Air Lines,Travel,28.89,savings,,  
T104294,2024-11-24,AT&T WIRELESS,travel,206.53,savings,no,reimbursable
T100149,30-06-2023,  Costco Wholesale  , Utilities,23.96,credit,N,auto-pay
T100471,2024-02-24,Starbucks,Healthcare ,$30.09,credit,Y,
T102654,2024-10-31,CVS Pharmacy,Travel,76.12,checking,Y,split w/ roommate
T102339,22-02-2023,Costco Wholesale,Entertainmnt,19.17 USD,savings,True,split w/ roommate
T103398,11/09/24,Chipotle Mexican Grill,Utility,61.14,checking,Y,
T101197,"July 02, 2024",Spotify,Subscriptions,41.98,savings,N,  
T104820,04/21/24,chipotle mexican grill,travel,$181.73,savings,True,
T103739,12-12-2024,Target,Utilities,19.58,checking,no,split w/ roommate
T102025,11/15/23,Trader Joe's,shopping,$63.46,credit,1,  
T100012,2023-11-17,Target,shopping,12.06 USD,savings,False,
T100093,10/29/2024,AT&T Wireless	,travel,70.31,savings,1,reimbursable
T103357,09/27/2023,Chipotle Mexican Grill,Healthcare ,28.27 USD,credit,0,auto-pay
T102714,2023-07-17,Home Depot,SHOPPING,$68.58,credit,Y,
T103207,"October 02, 2024",Best Buy,entertainment,71.62,checking,Y,reimbursable
T103807,09/25/24,Costco Wholesale,Transportation,152.73 USD,checking,True,
T101412,12-11-2023,TARGET,Utility,50.70 USD,checking,yes,
T103082,"June 12, 2024",Whole Foods Market,TRAVEL,55.02 USD,credit,yes,  
T102406,12/23/23,Starbucks,TRAVEL,$139.90,checking,yes,
T100681,12-05-2023,Costco Wholesale,TRAVEL,39.45 USD,checking,False,
T102011,"November 01, 2023",Home Depot,TRAVEL,49.99,checking,True,auto-pay
T101018,29-01-2023,Starbucks,groceries ,140.58 USD,credit,N,
T101860,09/10/2023,Shell Gas Station,Shoping,34.18 USD,checking,True,reimbursable
T102471,03/31/2024,Uber,HEALTHCARE,53.19,checking,Y,
T100530,2023-12-30,Best Buy,entertainment,66.28,savings,Y,auto-pay
T101173,12-04-2023,Amazon.com,Entertainment,29.79 USD,savings,1,  
T102172,11/18/2024,Best Buy,GROCERIES,$28.21,savings,N,  
T103422,"December 20, 2024",Home Depot, Utilities,56.99,savings,1,
T103493,2024-01-21,Delta Air Lines,,25.84,credit,,auto-pay
T103162,01/19/24,Spotify,,246.27,credit,no,  
T104681,04-02-2024,Chipotle Mexican Grill,Grocery,23.74,credit,False,  
T100486,"July 28, 2023",Netflix,SHOPPING,101.05,credit,yes,auto-pay
T104430,2023-01-26,Starbucks,Dining ,52.25,savings,False,auto-pay
T103990,2023-03-06,Netflix,Entertainmnt,57.53,savings,Y,
T102221,08/31/2024,Best Buy,Travel,225.72 USD,checking,True,split w/ roommate
T103740,05/26/2024,CVS Pharmacy,ENTERTAINMENT,$96.83,,no,auto-pay
T102347,2024-08-29,Chipotle Mexican Grill,TRANSPORTATION,132.39,credit,False,  
T103475,2023-01-04,Delta Air Lines,Entertainmnt,44.48,checking,0,auto-pay
T100429,09/20/2024,Chipotle Mexican Grill,Travel,99.64,checking,N,auto-pay
T103541,19-02-2023,Delta Air Lines,TRAVEL,108.21,savings,Y,  
T104283,18-01-2023,Uber,transport,138.0,credit,yes,
T100544,06/05/2023,Netflix,HEALTHCARE,37.0,credit,Y,auto-pay
T102117,01/05/2023,Amazon.com,Transportation,54.98,savings,Y,split w/ roommate
T100132,05/17/23,Uber,health care,11.28,savings,,split w/ roommate
T101893,"December 27, 2024",Home Depot,TRAVEL,90.49 USD,credit,1,  
T104907,03-11-2023,AT&T Wireless,transport,$41.95,savings,N,
T103745,2023-10-23,CVS Pharmacy, Utilities,59.73,credit,False,split w/ roommate
T101897,05-09-2023,Trader Joe's,groceries,57.35,savings,1,auto-pay
T103096,06-09-2023,Chipotle Mexican Grill,Utilities,44.4,checking,False,reimbursable
T102964,2023-06-03,Whole Foods Market,ENTERTAINMENT,102.78,savings,False,
T104763,08/04/2023,Delta Air Lines,Dining ,322.79 USD,credit,True,auto-pay
T101260,11/20/2024,Home Depot,Healthcare ,34.14,checking,True,
T100287,09/22/24,Netflix,Utilities,155.28 USD,credit,0,
T102170,"February 18, 2024",Whole Foods Market,SUBSCRIPTIONS,86.01,credit,Y,split w/ roommate
T103221,2024-07-05,AT&T Wireless,Dining ,44.21,credit,Y,  
T101807,26-01-2023,Whole Foods Market,Healthcare ,$103.60,savings,Y,
T101181,2024-12-19,Delta Air Lines,Healthcare,129.97,credit,yes,
T102380,2024-08-18,Netflix,Groceries,92.14,credit,Y,
T101965,06/05/2023,Netflix,GROCERIES,200.65,checking,N,
T102146,"March 19, 2024",AT&T Wireless,SUBSCRIPTIONS,33.48,savings,0,split w/ roommate
T103684,07/20/2024,Best Buy,subscription,2.25 USD,checking,0,  
T102685,"March 24, 2023",Home Depot	,transport,37.33,checking,True,  
T104462,05/14/2024,CVS PHARMACY,Shopping,52.0,credit,Y,auto-pay
T103007,"June 20, 2023",Costco Wholesale,Shopping,$54.14,credit,True,auto-pay
T100746,12/15/2023,HOME DEPOT,Subscriptions ,25.89,checking,,split w/ roommate
T103757,24-07-2024,  Chipotle Mexican Grill  ,Subscriptions ,97.13 USD,checking,Y,
T103589,2024-04-05,Whole Foods Market,groceries ,,credit,1,auto-pay
T101344,06/05/2024,Target,Entertainment,170.06,checking,True,split w/ roommate
T104746,2024-10-05,Delta Air Lines,entertainment,31.70,credit,N,
T102052,"February 12, 2023",Spotify,TRANSPORTATION,62.48,checking,False,
T100109,04/06/24,Shell Gas Station,entertainment,$42.54,savings,1,
T101672,05-08-2023,Chipotle Mexican Grill,travel,$23.51,checking,Y,
T103192,05/23/24,AMAZON.COM,TRAVEL,$67.05,savings,1,
T101767,08/25/2024,Spotify,Grocery,268.56,savings,True,reimbursable
T101212,05/01/24,Home Depot,dining out,$66.86,checking,False,auto-pay
T104385,"May 25, 2023",Starbucks,Travel,$174.20,savings,N,
T101738,09-08-2023,Costco Wholesale,Subscriptions,9.32,savings,0,
T100751,05/23/2023,BEST BUY,TRAVEL,30.41,checking,0,  
T100426,"April 08, 2023",Amazon.com,Transportation,$43.57,credit,0,reimbursable
T103412,"February 23, 2023",Uber,Utilities,60.17,checking,no,
T102591,01/24/24,Spotify,Healthcare ,91.75,checking,False,split w/ roommate
T100670,2023-09-23,AT&T Wireless,Utility,74.80 USD,checking,Y,split w/ roommate
T101755,09/05/2024,Netflix,shopping,,savings,,
T101514,"March 03, 2023",  Shell Gas Station  ,Healthcare ,59.01,checking,Y,auto-pay
T100994,2023-09-29,Uber,Shoping,68.01,savings,yes,reimbursable
T103382,2024-03-02,  Amazon.com  ,Utility,81.42,credit,Y,reimbursable
T104308,03/17/23,Best Buy,Utility,232.76,checking,,reimbursable
T103738,2023-03-22,NETFLIX,Transportation,14.19,checking,1,  
T102569,"December 27, 2024",AT&T Wireless,HEALTHCARE,49.14,checking,0,
T104875,"October 12, 2024",CVS Pharmacy,health care,65.72,credit,0,auto-pay
T103685,"August 30, 2024",CVS Pharmacy	,entertainment,50.09,savings,False,auto-pay
T103505,03/06/23,Uber,Groceries,71.54 USD,credit,0,auto-pay
T104745,23-08-2024,Best Buy,DINING,$157.35,credit,1,
T104511,05/16/2023,CVS Pharmacy,TRANSPORTATION,71.26,checking,yes,reimbursable
T102317,17-06-2024,Chipotle Mexican Grill,Healthcare ,35.77,savings,0,reimbursable
T100584,23-12-2024,Costco Wholesale,Transportation,$83.72,savings,no,
T102955,2023-03-12,Best Buy,Utilities,18.18,checking,True,
T103296,01/14/24,Netflix,groceries,91.17,credit,,
T101084,2024-03-17,Shell Gas Station,shopping,96.24,credit,0,  
T102746,"March 07, 2023",Spotify,utilities,28.12,savings,1,split w/ roommate
T101557,07/03/24,Delta Air Lines	,travel,68.05 USD,savings,True,auto-pay
T104952,09/12/23,Target,TRAVEL,70.86,credit,0,split w/ roommate
T101209,2024-02-04,Spotify,Utility,47.69,checking,Y,split w/ roommate
T101534,05/23/24,Spotify,transport,88.98 USD,,N,reimbursable
T100414,02-12-2023,Chipotle Mexican Grill,Healthcare ,27.37,checking,N,
T101765,24-05-2023,Best Buy,HEALTHCARE,4129.0,credit,N,auto-pay
T103000,2024-11-19,delta air lines,Shopping,38.69,checking,no,  
T102983,"April 26, 2023",SHELL GAS STATION,travel,61.49 USD,credit,,reimbursable
T104760,2024-07-23,Home Depot,Utilities,$191.77,credit,Y,auto-pay
T101468,"April 28, 2023",Best Buy,Transportation,147.22 USD,savings,True,split w/ roommate
T100437,"September 01, 2023",Delta Air Lines,Subscriptions ,43.20 USD,credit,True,
T100505,"March 25, 2024",AT&T Wireless,TRANSPORTATION,140.34,,0,
T100491,04/28/2023,Home Depot,transport,65.80,credit,0,auto-pay
T100290,"April 29, 2023",Spotify,shopping,106.51,credit,,reimbursable
T101995,2023-01-07,Spotify,Dining,57.43 USD,savings,False,
T104278,"August 19, 2024",Uber,,51.86,checking,0,split w/ roommate
T100252,2023-12-10,Whole Foods Market,ENTERTAINMENT,$103.96,savings,True,  
T102142,05/26/2023,Chipotle Mexican Grill,Travel,45.82 USD,credit,yes,reimbursable
T104807,2024-07-11,Costco Wholesale,subscription,$161.80,checking,True,split w/ roommate
T100350,2024-01-21,Whole Foods Market,,70.52,savings,1,
T101499,"March 25, 2023",Shell Gas Station,health care,"7,772.00 USD",checking,N,auto-pay
T100346,03/31/2023,Best Buy,Entertainment,134.84,savings,Y,
T102991,22-05-2024,Delta Air Lines,Utility,$66.99,savings,0,
T101614,"December 18, 2024",AT&T Wireless,dining out,$12.32,checking,,split w/ roommate
T100457,07/28/24,Chipotle Mexican Grill,Shoping,139.82 USD,savings,N,  
T104791,05/24/2023,Delta Air Lines,SUBSCRIPTIONS,16.65 USD,credit,,
T100090,10/02/23,Netflix,GROCERIES,91.29,savings,True,split w/ roommate
T101652,05/17/23,SPOTIFY,Groceries,$89.04,savings,yes,auto-pay
T104350,2023-10-07,  Trader Joe's  ,Entertainmnt,167.84 USD,savings,N,split w/ roommate
T103573,"March 17, 2024",Target,HEALTHCARE,52.96 USD,credit,N,  
T101094,11/26/23,Best Buy,travel,104.13 USD,checking,yes,
T103340,2023-03-11,Starbucks,entertainment,61.80 USD,credit,N,
T100026,08/02/24,Trader Joe's,Utilities,$48.50,checking,Y,auto-pay
T102671,11/01/2024,Amazon.com, Utilities,36.33,savings,False,split w/ roommate
T100776,07/26/2023,CVS Pharmacy,TRAVEL,51.08,checking,False,
T103471,2024-01-25,Uber,groceries,252.09 USD,savings,N,
T103441,28-03-2024,Amazon.com, Groceries,$90.95,credit,,split w/ roommate
T104072,"December 20, 2024",Netflix	,ENTERTAINMENT,138.78,checking,0,
T103829,24-11-2023,CVS Pharmacy,ENTERTAINMENT,40.79,checking,True,
T101630,04/20/2023,Delta Air Lines,Utility,$60.11,checking,,  
T104513,05/08/2024,Trader Joe's,groceries,135.38,checking,1,
T103819,12/17/23,Whole Foods Market,Transportation,157.09 USD,credit,N,  
T104198,"September 07, 2024",Trader Joe's,Subscriptions ,82.44,checking,yes,
T103917,2023-03-18,Amazon.com,,103.3,credit,0,  
T101101,09/09/23,uber,groceries ,133.31 USD,credit,0,
T101924,"September 10, 2024",Chipotle Mexican Grill,Grocery,7.29,checking,True,reimbursable
T100812,01/10/24,Uber,entertainment,93.98,checking,Y,
T100254,"October 04, 2023",Target,transport,58.19,checking,False,auto-pay
T103982,06/03/23,Best Buy,HEALTHCARE,291.78,checking,,auto-pay
T103098,"September 16, 2024",Spotify,Transport ,43.10 USD,savings,no,
T104999,"January 13, 2024",Whole Foods Market,Subscriptions,42.77,credit,1,
T104376,21-06-2023,Best Buy,Healthcare,108.95 USD,checking,N,
T102584,30-01-2024,Home Depot,DINING,69.13,savings,True,reimbursable
T104068,10/04/24,CVS PHARMACY,Transportation,32.31 USD,savings,1,split w/ roommate
T103323,24-12-2023,Trader Joe's,Subscriptions,$52.73,checking,False,reimbursable
T102107,22-10-2024,AT&T Wireless,Utility,53.67,savings,Y,
T104684,2023-12-26,Starbucks, Utilities,43.07,savings,True,split w/ roommate
T104718,"April 09, 2024",Costco Wholesale,Entertainmnt,84.44,credit,N,split w/ roommate
T100315,07/12/2024,Uber,,39.20,savings,False,
T103673,2024-03-24,starbucks,Transport ,$70.01,credit,0,split w/ roommate
T102404,10-04-2024,Netflix,DINING,$182.14,savings,True,
T101670,2023-10-26,Chipotle Mexican Grill,TRANSPORTATION,77.44,checking,1,split w/ roommate
T100586,12/09/2023,Best Buy,ENTERTAINMENT,3272.9999999999995,checking,1,  
T102063,11-12-2024,Chipotle Mexican Grill,Grocery,22.32 USD,credit,True,reimbursable
T104338,09/06/24,Trader Joe's,utilities,7.39 USD,credit,1,
T100069,2023-03-07,Costco Wholesale,health care,37.67,savings,True,
T101115,"March 01, 2023",AT&T Wireless,shopping,$111.42,checking,yes,
T101268,"April 21, 2023",Starbucks,dining out,$154.78,savings,False,reimbursable
T101728,03/22/23,Chipotle Mexican Grill,DINING,$183.12,credit,0,auto-pay
T101609,09-11-2024,Best Buy,Transport ,42.58 USD,savings,,split w/ roommate
T101010,08/20/24,TRADER JOE'S,Transportation,11.59,savings,no,split w/ roommate
T102451,"August 13, 2023",Shell Gas Station	,utilities,22.24,credit,,
T103774,03/20/2023,AT&T Wireless,dining out,$175.54,credit,True,
T101038,03/21/23,Home Depot,Grocery,16.88,savings,True,  
T103751,"April 18, 2023",CVS Pharmacy,Entertainmnt,"1,942.00 USD",credit,1,
T104195,08/09/24,CVS Pharmacy, Groceries,6.02,savings,N,reimbursable
T100387,"May 24, 2023",Amazon.com,transport,96.61,credit,1,reimbursable
T100538,"August 26, 2024",Shell Gas Station,Utility,$32.44,savings,no,split w/ roommate
T103431,"November 30, 2024",Amazon.com,Subscriptions ,$53.92,savings,0,
T102583,,Costco Wholesale,DINING,29.23,checking,yes,
T102177,06/09/2024,Starbucks,Transportation,18.55,credit,N,split w/ roommate
T100764,2024-09-09,Spotify,Utilities,126.73,savings,0,
T103250,24-02-2023,starbucks,Shoping,$54.91,checking,Y,reimbursable
T100221,12/14/2023,Costco Wholesale,Dining ,17.4,checking,,auto-pay
T102226,"August 28, 2023",Best Buy,GROCERIES,$93.61,credit,,split w/ roommate
T101135,2023-10-29,Home Depot,Healthcare,84.61,savings,no,
T104637,03-06-2023,,entertainment,$37.91,credit,0,split w/ roommate
T100677,29-12-2024,CVS Pharmacy,dining out,$54.72,savings,no,
T104388,02/09/2023,Delta Air Lines,utilities,14.99,checking,no,split w/ roommate
T104095,07-01-2023,chipotle mexican grill,TRANSPORTATION,$51.04,,N,auto-pay
T104783,01/25/2024,Starbucks,SUBSCRIPTIONS,250.16,credit,Y,reimbursable
T102323,"September 01, 2024",Amazon.com,Transportation,55.15,checking,Y,auto-pay
T104039,11-04-2023,Delta Air Lines,groceries ,122.82,credit,1,auto-pay
T100177,15-12-2023,Spotify,SUBSCRIPTIONS,$47.78,credit,,  
T103172,03/17/24,Delta Air Lines,HEALTHCARE,36.13,checking,0,
T100803,"April 22, 2024",Shell Gas Station, Utilities,97.09,savings,Y,  
T104697,08/12/2024,Uber,Grocery,$5.69,checking,yes,auto-pay
T101964,2024-06-08,Uber	, Groceries,$40.67,credit,,auto-pay
T101752,06-07-2023,AT&T Wireless,Shoping,$45.77,credit,False,
T104969,"June 08, 2023",Spotify,Dining ,35.99,credit,False,
T102251,12/29/2023,Spotify,TRAVEL,$52.02,credit,False,  
T104204,2024-10-16,Whole Foods Market,entertainment,,savings,False,split w/ roommate
T101253,29-06-2024,Spotify,Healthcare,34.36 USD,credit,,auto-pay
T101261,03/31/23,Spotify, Utilities,39.30 USD,checking,0,  
T100848,03/04/2024,delta air lines,Entertainment,17.00 USD,credit,0,  
T100893,02-08-2024,AT&T Wireless,Transport ,62.51,savings,True,
T104397,07/07/2024,Whole Foods Market,shopping,14.76 USD,credit,True,reimbursable
T103633,"January 03, 2024",Uber,DINING,30.75,checking,,reimbursable
T100811,04/21/2023,Spotify,Subscriptions ,$81.80,checking,yes,reimbursable
T103716,06/15/2023,Whole Foods Market,Dining ,$75.38,checking,no,
T103378,"August 04, 2024",AT&T Wireless,travel,17.08,checking,,split w/ roommate
T103828,12/01/23,Whole Foods Market,Healthcare ,63.77,savings,Y,split w/ roommate
T102718,"March 08, 2023",Target,HEALTHCARE,61.75,checking,True,split w/ roommate
T100711,12/25/24,Amazon.com,Transport ,57.74,savings,yes,
T102167,2024-05-18,AT&T Wireless,utilities,113.40,checking,,
T100219,2023-07-29,Shell Gas Station,shopping,$160.61,,True,auto-pay
T102119,2023-05-23,Netflix,groceries ,311.72,checking,no,split w/ roommate
T100798,,Best Buy,Travel,176.06,checking,no,auto-pay
T102194,"November 21, 2023",Best Buy,Utilities,43.73 USD,credit,0,
T100043,08/25/24,NETFLIX,subscription,$95.21,savings,1,auto-pay
T100210,02/16/2023,Shell Gas Station,Travel,77.70,credit,N,  
T104008,2023-01-14,CVS Pharmacy, Groceries,$30.32,checking,,reimbursable
T100354,10/05/2024,Delta Air Lines,Transportation,$44.36,checking,True,
T104480,12/15/2023,Uber,TRAVEL,46.13 USD,savings,,  
T102960,"August 19, 2024",Home Depot,dining out,$25.72,checking,,split w/ roommate
T103665,11-01-2023,AMAZON.COM,ENTERTAINMENT,109.59 USD,savings,N,  
T100856,05-07-2024,CVS Pharmacy,Entertainment,98.79,credit,N,reimbursable
T100367,26-12-2023,Netflix,Entertainment,7.86,checking,True,
T100705,11/16/2024,Starbucks,Shoping,6.00,savings,True,
T103837,01/28/2023,Trader Joe's,Entertainmnt,69.85,checking,no,reimbursable
T101611,"January 13, 2023",Whole Foods Market, Utilities,62.14,credit,no,split w/ roommate
T100135,09-10-2024,Home Depot,Subscriptions ,30.08,credit,0,auto-pay
T103351,"January 12, 2023",Trader Joe's,TRANSPORTATION,$120.06,checking,1,
T100047,12-11-2023,Delta Air Lines,Utility,84.33,checking,1,  
T104579,18-05-2023,Netflix,TRAVEL,$47.40,credit,no,split w/ roommate
T104995,2024-03-07,,Shoping,74.69 USD,savings,,split w/ roommate
T103610,"June 07, 2023",Costco Wholesale,,$84.69,checking,,  
T103617,2024-07-21,Costco Wholesale,entertainment,49.75 USD,credit,N,
T104666,07/15/24,Home Depot,Entertainmnt,64.42 USD,savings,Y,split w/ roommate
T103406,"January 07, 2024",AMAZON.COM, Utilities,22.34,checking,Y,
T100787,04-04-2024,  CVS Pharmacy  ,dining out,44.48,savings,1,
T100061,"May 15, 2024",Whole Foods Market,subscription,49.25 USD,credit,True,
T104699,15-12-2024,AT&T Wireless	,HEALTHCARE,107.07 USD,savings,0,auto-pay
T104734,2024-02-27,CVS Pharmacy,travel,141.59 USD,credit,0,
T100095,09/05/24,Spotify,Shopping,$24.01,credit,0,auto-pay
T100478,05/24/23,CVS Pharmacy,utilities,176.03 USD,checking,no,split w/ roommate
T102970,09/25/2024,Costco Wholesale,Travel,69.38,checking,0,auto-pay
T102642,"May 12, 2023",Netflix,shopping,32.38 USD,credit,no,  
T100889,08/27/2023,Costco Wholesale	,travel,111.35,credit,,auto-pay
T100642,01/11/2024,CVS Pharmacy	,travel,$99.07,checking,Y,split w/ roommate
T101665,09-04-2024,  Spotify  ,transport,19.80,credit,N,  
T103057,"March 11, 2024",NETFLIX,TRAVEL,,credit,yes,
T102236,05/04/2023,Amazon.com,TRAVEL,5929.0,checking,yes,auto-pay
T103712,02/10/2024,Best Buy	,HEALTHCARE,$25.58,checking,1,  
T100322,05/07/23,Uber,Shopping,$17.64,checking,,
T101973,2024-07-31,Spotify,groceries,$130.27,checking,Y,auto-pay
T104762,"December 26, 2023",Starbucks,Travel,44.57,savings,True,split w/ roommate
T102144,03/03/2023,CVS Pharmacy,Travel,$108.11,checking,False,reimbursable
T101813,2023-02-04,Trader Joe's,dining out,129.08,savings,yes,reimbursable
T103661,05-01-2023,,ENTERTAINMENT,116.71,savings,no,  
T100996,12-09-2024,DELTA AIR LINES,subscription,86.85,savings,yes,
T101421,09/21/23,Starbucks,,$30.44,checking,N,auto-pay
T102121,01/03/2023,Target,groceries ,$45.51,checking,True,reimbursable
T102538,"November 27, 2024",Costco Wholesale, Utilities,$71.58,checking,,auto-pay
T100291,07/11/24,  CVS Pharmacy  ,Travel,$12.86,checking,1,  
T103855,2024-05-01,Starbucks,Shoping,20.41 USD,checking,True,auto-pay
T102605,07/29/24,Starbucks,GROCERIES,221.18,checking,yes,auto-pay
T100533,"May 05, 2023",Netflix, Groceries,27.61,savings,0,  
T104337,"July 24, 2024",Uber,Entertainment,$129.85,checking,1,split w/ roommate
T101541,02/26/2023,Netflix,Entertainment,64.38,savings,True,split w/ roommate
T104856,"April 06, 2023",Starbucks,Subscriptions,$21.20,savings,1,split w/ roommate
T103288,20-06-2023,CVS Pharmacy,groceries ,50.14,checking,N,auto-pay
T104587,08/04/2023,,Travel,45.66,checking,True,  
T101864,04/11/2024,Trader Joe's,groceries ,45.35 USD,credit,no,
T102379,08-03-2024,Chipotle Mexican Grill,Transport ,$74.07,credit,Y,auto-pay
T103273,02/03/23,Starbucks,,124.10 USD,savings,1,reimbursable
T100428,2023-12-04,Starbucks,travel,54.16,savings,no,split w/ roommate
T104253,08/15/2024,Shell Gas Station,shopping,39.16,checking,True,
T104874,12-10-2023,Spotify,,42.54 USD,credit,yes,
T104795,01-11-2023,Target,Groceries,122.46,checking,Y,auto-pay
T102833,04/01/23,Shell Gas Station,SHOPPING,156.95,savings,Y,auto-pay
T102488,04/23/2023,Target,DINING,214.88,credit,Y,
T101538,08/03/23,Home Depot,shopping,$65.66,savings,True,auto-pay
T102555,2024-05-06,Costco Wholesale,TRAVEL,$62.79,,False,
T101553,11/05/24,Whole Foods Market,Entertainmnt,105.0,checking,no,  
T103084,,Chipotle Mexican Grill	,Dining,31.25 USD,credit,True,
T104077,09/21/2023,Best Buy,health care,52.65,savings,no,
T101149,2024-05-15,AT&T Wireless,subscription,57.51,savings,True,
T104319,2024-10-24,Target,Groceries,4.20 USD,,no,
T104594,12/26/24,Best Buy,groceries,244.76 USD,credit,N,split w/ roommate
T104994,22-12-2023,Best Buy,Entertainment,8.29,credit,yes,auto-pay
T103761,"February 22, 2024",Amazon.com,groceries,62.84,checking,False,auto-pay
T101221,07/23/23,Costco Wholesale,entertainment,11.64,checking,Y,
T101714,"January 28, 2023",Home Depot,transport,53.31 USD,credit,True,reimbursable
T103249,06-05-2023,Uber,Travel,$25.85,credit,no,
T101255,03/02/24,Costco Wholesale,travel,79.22 USD,checking,0,auto-pay
T103571,2023-01-29,Home Depot,TRAVEL,117.41,checking,0,split w/ roommate
T103405,30-04-2024,Target,subscription,140.38 USD,checking,yes,reimbursable
T104340,"February 11, 2023",Whole Foods Market,Utilities,$37.70,savings,False,
T103692,2024-12-20,CVS Pharmacy,SHOPPING,$86.94,savings,N,split w/ roommate
T104081,"April 07, 2024",Whole Foods Market,Dining ,60.15,credit,True,  
T101405,"March 26, 2024",Best Buy,GROCERIES,16.88,checking,False,reimbursable
T101978,12/25/23,Costco Wholesale,Transport ,$126.71,savings,1,
T103720,2023-02-03,Uber,GROCERIES,221.84,checking,0,reimbursable
T103036,"October 14, 2024",Home Depot,entertainment,36.89,credit,yes,
T101335,07/11/24,  Shell Gas Station  ,Shopping,$10.83,checking,False,split w/ roommate
T104732,"May 12, 2024",Amazon.com,DINING,$43.17,savings,Y,  
T101001,02/11/23,Netflix,Healthcare ,12.25 USD,checking,N,auto-pay
T102225,"September 15, 2024",Whole Foods Market,SUBSCRIPTIONS,82.29,,,
T100070,"April 05, 2023",Trader Joe's,Entertainment,4.54 USD,checking,True,auto-pay
T104904,"October 28, 2024",Best Buy,Dining ,"$8,147.00",credit,yes,  
T103591,"July 28, 2024",Costco Wholesale,travel,82.02,checking,no,
T102550,22-02-2024,Uber,DINING,24.81,savings,,  
T100931,12/16/24,Trader Joe's,TRAVEL,45.69,savings,no,reimbursable
T103346,"January 25, 2023",Whole Foods Market,Transport ,55.02 USD,checking,True,reimbursable
T101427,2024-03-22,  Shell Gas Station  ,Utility,57.78 USD,credit,1,  
T102034,"August 12, 2023",Netflix,Shopping,$181.97,checking,True,  
T100927,07/29/2024,Target,Entertainmnt,92.45,savings,False,
T103813,04-11-2023,DELTA AIR LINES,GROCERIES,53.89 USD,checking,Y,split w/ roommate
T100721,02/19/24,CVS Pharmacy,,126.9,savings,True,
T103509,02/07/2023,Home Depot,Utilities,94.29 USD,savings,no,
T102099,29-12-2023,Netflix,subscription,31.57,checking,yes,
T104931,04/16/24,Target,dining out,$16.39,savings,,auto-pay
T104098,"January 11, 2024",Amazon.com,transport,133.76,savings,Y,
T103641,2023-06-10,Trader Joe's,TRANSPORTATION,$146.34,savings,False,
T100691,"March 01, 2023",Starbucks,Travel,110.44,savings,,
T103871,"December 30, 2023",Trader Joe's,Travel,71.49,checking,1,auto-pay
T101361,04/14/23,Shell Gas Station,Dining ,$44.42,savings,yes,  
T101032,"April 14, 2023",Best Buy,subscription,94.64,savings,Y,
T102820,2024-06-10,Spotify,Shoping,184.3,savings,0,reimbursable
T102650,04/14/2024,AT&T Wireless	,Healthcare,80.84,,Y,  
T101872,"July 18, 2024",Chipotle Mexican Grill,GROCERIES,65.48 USD,savings,False,auto-pay
T103782,07-12-2024,Target,TRANSPORTATION,$229.03,checking,False,  
T104478,12/23/2024,CHIPOTLE MEXICAN GRILL,Subscriptions,3.63,savings,Y,
T104471,07-06-2023,Best Buy,TRANSPORTATION,49.40,credit,no,auto-pay
T101988,21-09-2023,Target,Transportation,11.86 USD,credit,yes,auto-pay
T102669,2024-10-21,Home Depot,Entertainment,$34.51,credit,,
T103071,06/21/24,Starbucks,utilities,$25.92,savings,yes,
T102932,"April 24, 2024",Best Buy,transport,51.13,checking,True,
T102856,10/21/2024,chipotle mexican grill,groceries ,93.55 USD,checking,False,reimbursable
T101744,07/11/2023,Starbucks,Grocery,50.38,savings,1,  
T101034,2024-09-29,shell gas station,SHOPPING,$188.76,savings,Y,split w/ roommate
T101029,15-07-2023,Spotify,travel,90.50,checking,Y,auto-pay
T103062,25-06-2024,,Subscriptions ,$88.35,checking,N,
T101862,06-07-2024,AT&T WIRELESS,health care,9.31,checking,True,split w/ roommate
T101513,"March 06, 2023",Uber,Utility,$174.99,savings,Y,  
T103715,18-08-2024,Spotify,Travel,11.33,checking,,  
T104536,08/15/2024,Uber,travel,18.94 USD,savings,False,  
T100233,04/01/24,Whole Foods Market,subscription,$109.03,savings,yes,reimbursable
T101073,04/03/2023,  Home Depot  ,Utilities,287.0,credit,0,auto-pay
T104635,31-03-2023,Whole Foods Market,Utilities,94.15,credit,0,  
T101717,28-11-2023,  Delta Air Lines  ,Shopping,$100.04,checking,True,
T100633,"February 25, 2024",Costco Wholesale,SHOPPING,59.06,credit,,
T102277,11/05/2024,AMAZON.COM,Dining,69.99 USD,savings,1,
T100415,01/31/23,AT&T Wireless,Shoping,114.63,credit,0,  
T101424,14-12-2023,Trader Joe's,Utility,175.81,credit,False,
T101782,27-04-2024,Uber,ENTERTAINMENT,$150.82,checking,0,
T100724,"November 19, 2024",Target,transport,$120.96,checking,1,
T101879,11/05/23,Chipotle Mexican Grill	,health care,58.17 USD,savings,Y,  
T100733,26-07-2023,home depot,groceries ,45.48,savings,,
T101533,"February 02, 2024",Shell Gas Station,Dining ,113.61 USD,checking,no,
T100017,19-03-2023,Whole Foods Market,Transport ,$95.11,savings,0,
T101270,15-01-2024,Best Buy,travel,,savings,Y,split w/ roommate
T102850,2023-04-14,WHOLE FOODS MARKET,groceries ,,credit,Y,reimbursable
T102110,2023-09-06,Home Depot,Subscriptions,51.19 USD,checking,Y,split w/ roommate
T104356,2023-11-11,Chipotle Mexican Grill, Groceries,$66.26,savings,,
T100596,07/24/23,Best Buy	,SUBSCRIPTIONS,48.02 USD,credit,Y,  
T101362,12/09/2024,Costco Wholesale	,,$47.87,checking,no,split w/ roommate
T102218,06/15/2024,  Costco Wholesale  ,Healthcare,38.74,credit,N,split w/ roommate
T101485,02/24/23,Spotify,entertainment,58.28 USD,credit,Y,auto-pay
T104386,"August 17, 2023",Trader Joe's,Shopping,115.12,checking,,  
T102118,09-01-2023,Amazon.com,ENTERTAINMENT,162.22 USD,savings,0,split w/ roommate
T100969,02/11/2023,CVS Pharmacy,Dining ,$68.31,,yes,split w/ roommate
T100371,11/02/2024,AT&T Wireless,DINING,69.68,credit,yes,
T101832,09/19/2023,Delta Air Lines,Dining,57.50 USD,checking,no,auto-pay
T101867,17-04-2024,Costco Wholesale,ENTERTAINMENT,43.89,savings,False,auto-pay
T103937,2024-08-23,Chipotle Mexican Grill,TRANSPORTATION,54.15,checking,True,reimbursable
T100598,24-11-2023,Starbucks,DINING,111.63 USD,checking,Y,split w/ roommate
T100676,2023-10-28,Amazon.com,SUBSCRIPTIONS,64.89 USD,savings,,  
T100238,05-12-2023,Starbucks	,TRAVEL,$23.19,checking,yes,
T104519,08/13/24,Spotify, Utilities,106.65 USD,checking,0,auto-pay
T104935,30-07-2024,Amazon.com,groceries,$141.20,credit,Y,
T103360,08/08/24,Chipotle Mexican Grill,Dining,101.27 USD,credit,False,reimbursable
T101158,"October 01, 2024",TRADER JOE'S,shopping,$88.46,credit,False,
T100075,04-04-2023,Home Depot,Shopping,32.58 USD,checking,yes,auto-pay
T101190,12/17/24,AT&T WIRELESS,HEALTHCARE,234.58,savings,no,  
T102622,02/21/2023,Amazon.com,groceries,$94.21,savings,yes,split w/ roommate
T104420,2024-09-11,Chipotle Mexican Grill,TRAVEL,$106.74,credit,yes,
T103209,03/16/2024,Amazon.com,Travel,$19.91,credit,1,reimbursable
T102837,2024-04-02,Delta Air Lines,transport,"$13,861.00",savings,0,  
T103334,06/04/2023,Best Buy, Utilities,134.81,savings,N,reimbursable
T104348,12/09/24,Amazon.com,Healthcare,29.23 USD,credit,no,  
T103908,2023-12-15,Shell Gas Station,Dining,$100.14,credit,no,
T103085,2024-09-15,Whole Foods Market,Subscriptions ,31.80 USD,credit,False,reimbursable
T104601,2024-08-07,Best Buy, Utilities,94.99,credit,Y,auto-pay
T104318,04/28/2023,Target,Dining,76.61,checking,no,reimbursable
T100911,09/26/24,Shell Gas Station,,28.08,,True,
T103024,2024-03-19,AT&T Wireless,shopping,$96.01,savings,0,split w/ roommate
T100096,"December 15, 2023",Target,SHOPPING,28.30,credit,1,  
T104661,14-02-2024,Target,Dining,89.81 USD,credit,no,
T101456,03/31/24,Whole Foods Market,Groceries,$166.91,savings,0,split w/ roommate
T104777,10/18/2023,AT&T Wireless,Travel,$88.86,savings,Y,
T100621,2024-06-19,Delta Air Lines,Dining,45.04,credit,False,
T102367,"September 29, 2024",Target, Groceries,100.78 USD,credit,Y,split w/ roommate
T103750,01-06-2023,Netflix,Dining ,57.08 USD,credit,no,auto-pay
T100566,2023-10-28,Netflix,Entertainment,33.76,credit,0,split w/ roommate
T104299,26-08-2024,Spotify,Dining,58.62,checking,0,reimbursable
T104593,30-10-2023,CVS Pharmacy,groceries ,83.51,credit,yes,
T102045,23-05-2024,DELTA AIR LINES,,137.95 USD,savings,,auto-pay
T103377,11/18/2023,Netflix,travel,110.55,,True,auto-pay
T100051,12/01/2024,  Shell Gas Station  ,subscription,$49.40,credit,yes,
T104844,"September 08, 2023",Starbucks,Entertainmnt,64.67 USD,savings,yes,split w/ roommate
T104740,"April 28, 2023",Netflix,subscription,32.61 USD,checking,False,split w/ roommate
T104934,02/18/2024,Starbucks,Transport ,57.97,savings,True,reimbursable
T103877,03/31/2024,Uber,Groceries,172.35,checking,1,split w/ roommate
T100534,06/21/23,Delta Air Lines,,108.86,credit,N,reimbursable
T104690,"August 26, 2024",Best Buy,Entertainment,29.65 USD,credit,yes,split w/ roommate
T103292,07/22/2023,Costco Wholesale,TRANSPORTATION,$81.08,checking,True,
T101480,"August 18, 2024",Uber,ENTERTAINMENT,88.82,savings,yes,split w/ roommate
T100443,23-12-2023,Netflix,GROCERIES,$233.76,credit,1,  
T104271,01/19/24,AT&T Wireless,subscription,$50.71,credit,yes,
T100195,02/13/2024,AT&T Wireless,DINING,$44.67,checking,Y,
T102879,06/25/2024,Amazon.com,Healthcare,$54.98,,1,
T101972,03/24/23,at&t wireless,Shoping,60.0,credit,yes,  
T103821,04/07/23,Netflix,DINING,36.92 USD,credit,,
T103978,"October 25, 2023",Whole Foods Market, Utilities,163.39,savings,True,
T104157,2024-01-27,Home Depot,Healthcare ,67.25 USD,savings,no,
T103254,"July 12, 2024",Starbucks,Utilities,82.53,credit,True,
T103065,11/04/23,Shell Gas Station,Grocery,138.2,credit,,split w/ roommate
T103318,01/27/2023,Delta Air Lines,Dining ,51.14,savings,0,reimbursable
T103078,"October 01, 2024",Starbucks,groceries ,70.53,savings,yes,split w/ roommate
T102518,12-04-2023,Shell Gas Station,travel,79.96 USD,checking,,auto-pay
T100644,04/07/23,Starbucks,Healthcare ,$108.92,credit,N,  
T104241,"January 07, 2024",AT&T Wireless	,HEALTHCARE,17.06,checking,Y,reimbursable
T104463,03/12/2023,Uber,Shopping,124.79,checking,False,split w/ roommate
T101600,03/12/23,DELTA AIR LINES,transport,15.80,savings,False,split w/ roommate
T104479,2024-12-09,Amazon.com,Dining ,24.35,savings,N,
T100120,2024-04-19,Chipotle Mexican Grill,SHOPPING,,checking,N,auto-pay
T101244,"July 06, 2024",  Target  ,Healthcare ,15.92,savings,yes,reimbursable
T103811,11/29/24,Uber,entertainment,15.52,savings,yes,reimbursable
T102586,"November 20, 2024",HOME DEPOT,Entertainment,$8.65,checking,Y,auto-pay
T104962,2023-05-17,spotify,Shopping,10.21,checking,no,
T102522,"December 18, 2024",Chipotle Mexican Grill,entertainment,23.60,credit,Y,  
T102311,"April 01, 2023",Netflix,TRANSPORTATION,32.1,credit,0,
T100134,10-02-2024,Delta Air Lines,Travel,$76.25,credit,,
T102534,11-06-2023,Netflix,Healthcare ,56.56,savings,N,auto-pay
T103628,2023-09-27,Amazon.com,Travel,112.08 USD,checking,True,auto-pay
T104291,"June 09, 2023",Home Depot,Grocery,69.47,checking,0,reimbursable
T103516,"June 10, 2023",Chipotle Mexican Grill,Grocery,115.31,savings,,
T100184,2024-09-01,Target,ENTERTAINMENT,59.34,checking,N,reimbursable
T101391,05-06-2023,Spotify,TRAVEL,65.77 USD,,1,
T101739,"April 08, 2023",Netflix,SUBSCRIPTIONS,195.80,checking,,split w/ roommate
T100511,11/09/2024,Uber,Grocery,$56.22,checking,True,auto-pay
T102570,23-06-2024,AT&T Wireless,Utilities,$112.35,checking,1,split w/ roommate
T100062,17-03-2024,Home Depot,Transport ,$121.96,savings,1,split w/ roommate
T103244,08/21/23,AT&T Wireless,DINING,70.46 USD,credit,True,
T102753,"February 06, 2024",Delta Air Lines,Subscriptions,68.55,credit,0,auto-pay
T103835,07/13/23,Starbucks,HEALTHCARE,39.46,credit,1,
T102857,30-04-2024,Starbucks,Transport ,15.58 USD,credit,False,
T104683,"August 09, 2024",Target,GROCERIES,96.86,savings,True,
T100251,01/23/2024,CVS Pharmacy,HEALTHCARE,71.23,savings,1,auto-pay
T100625,08/05/23,  Amazon.com  ,Utility,$11.37,checking,True,split w/ roommate
T103734,,Amazon.com,DINING,169.85,savings,yes,
T104181,04-06-2024,  Costco Wholesale  ,Utility,52.95,checking,N,reimbursable
T102686,2024-09-26,Delta Air Lines,Healthcare,30.43,savings,N,auto-pay
T101593,02/19/24,Home Depot,Grocery,$15.39,credit,0,
T100122,"September 30, 2024",AT&T Wireless,ENTERTAINMENT,10.6,savings,False,
T101808,10/28/2023,Uber,Dining,66.60 USD,checking,False,
T101002,2024-06-13,Best Buy,SHOPPING,$53.92,savings,0,auto-pay
T101983,20-12-2023,Uber,Subscriptions,101.06,savings,0,  
T102759,06-10-2024,Best Buy,,39.93,checking,1,
T103210,03/11/2023,Chipotle Mexican Grill,groceries,21.28 USD,checking,1,reimbursable
T100567,26-05-2023,Chipotle Mexican Grill,Transportation,99.99 USD,checking,Y,auto-pay
T102908,03/24/2024,Trader Joe's,ENTERTAINMENT,,,1,reimbursable
T104110,07/05/2023,  AT&T Wireless  ,Dining,28.38,checking,,reimbursable
T100693,2023-09-27,Home Depot,SHOPPING,$24.31,checking,,reimbursable
T103625,11-05-2024,Netflix,entertainment,207.09,,1,reimbursable
T102497,10/20/2023,Spotify,,114.36,savings,1,  
T103794,07-01-2024,Target,Shopping,69.99,credit,True,split w/ roommate
T104001,06/09/24,Chipotle Mexican Grill,shopping,$79.64,savings,1,  
T103169,2023-03-21,Home Depot,Utility,104.65,checking,,
T101096,09/03/24,AT&T Wireless,Utilities,66.92,savings,yes,
T100926,2023-01-27,STARBUCKS,Dining ,0.59 USD,savings,False,split w/ roommate
T100720,04-07-2024,Whole Foods Market,HEALTHCARE,100.54,savings,no,
T103957,10-07-2024,Spotify,GROCERIES,47.20,checking,Y,  
T102101,06/14/2023,Netflix,ENTERTAINMENT,17.98,checking,Y,auto-pay
T101487,05-04-2023,Spotify,health care,45.91 USD,checking,0,split w/ roommate
T101370,2024-05-27,Starbucks,Healthcare ,49.36 USD,savings,True,reimbursable
T103303,2024-11-04,Chipotle Mexican Grill,dining out,235.64,credit,N,
T100602,2023-10-07,Whole Foods Market,dining out,"$3,730.00",savings,False,auto-pay
T103275,2024-11-20,Uber,Travel,$60.66,checking,True,auto-pay
T104248,"July 04, 2024",Amazon.com,groceries,54.99 USD,,Y,auto-pay
T101129,"May 01, 2024",whole foods market,dining out,96.56,credit,0,
T103570,13-09-2024,Shell Gas Station,HEALTHCARE,142.04,savings,0,auto-pay
T100318,04-01-2023,Whole Foods Market,HEALTHCARE,67.97,checking,no,  
T101654,10/30/2023,Netflix,ENTERTAINMENT,,credit,N,
T101526,,Whole Foods Market,SHOPPING,15.28 USD,checking,1,reimbursable
T100274,"December 16, 2023",  Best Buy  ,Travel,35.55,checking,True,  
T101957,"July 15, 2024",Best Buy,GROCERIES,"$15,337.00",savings,0,
T100549,"February 10, 2023",Best Buy,Healthcare,83.53,checking,,auto-pay
T104810,2024-12-02,Uber,TRAVEL,$34.90,credit,1,
T100907,08/13/23,Whole Foods Market	,travel,123.75,credit,N,  
T104966,21-03-2024,Spotify,groceries,104.89,savings,False,
T104419,06/27/23,Netflix	,Groceries,148.29,credit,Y,split w/ roommate
T100605,11-05-2024,AT&T Wireless,entertainment,62.14,,1,
T104230,"August 30, 2024",Uber,Entertainment,101.95,savings,False,reimbursable
T100527,"January 28, 2024",CVS Pharmacy,shopping,$169.33,credit,N,reimbursable
T101041,09/15/2023,Home Depot,TRAVEL,90.38,savings,0,auto-pay
T102417,10/12/2023,Shell Gas Station,TRAVEL,184.09 USD,credit,,auto-pay
T102526,04/07/2024,Target,Shoping,58.87,checking,False,  
T100829,12/24/2023,Whole Foods Market,Utility,266.87,credit,N,reimbursable
T103894,02/06/2024,Trader Joe's, Utilities,$108.33,savings,yes,split w/ roommate
T104899,11-01-2023,COSTCO WHOLESALE,HEALTHCARE,47.56,,,auto-pay
T102887,04/03/2024,Delta Air Lines,utilities,$80.77,,True,reimbursable
T102880,05/23/24,,entertainment,97.27,checking,Y,reimbursable
T100298,02/03/2023,Shell Gas Station,TRANSPORTATION,16.79 USD,credit,False,
T100068,05/04/2023,Uber,Groceries,105.31,checking,False,  
T102614,06/08/2023,Costco Wholesale,Subscriptions ,$29.72,savings,N,auto-pay
T101662,09/28/24,Uber,TRANSPORTATION,69.36,credit,True,
T102229,04/15/24,starbucks,TRAVEL,31.94 USD,savings,0,  
T103846,01/19/24,Chipotle Mexican Grill,health care,115.09,savings,N,
T102668,03/19/2024,Amazon.com,Dining,74.43,credit,no,split w/ roommate
T102242,05/02/2023,  Shell Gas Station  ,Dining ,$76.57,credit,False,split w/ roommate
T101747,17-01-2024,Best Buy,Dining,118.32,checking,N,reimbursable
T100150,"March 16, 2024",  CVS Pharmacy  ,Dining,$82.09,savings,True,reimbursable
T100756,"September 05, 2024",Netflix,entertainment,$79.17,savings,True,  
T104183,2024-11-16,AT&T Wireless,Grocery,$47.43,credit,True,reimbursable
T102547,10/22/23,Shell Gas Station,SUBSCRIPTIONS,99.35,checking,True,  
T104165,2024-11-20,Uber,TRAVEL,37.80,savings,True,  
T103722,02/15/24,Target,groceries ,27.06,savings,0,  
T102124,2023-12-15,Starbucks,Utility,47.62,checking,,  
T101242,"February 19, 2023",Best Buy,travel,$53.93,savings,True,split w/ roommate
T101942,04/20/24,Home Depot,TRAVEL,"$3,644.00",savings,True,
T100376,08-01-2023,Target,travel,$58.33,checking,True,reimbursable
T104446,05/07/2024,Home Depot,Healthcare ,64.91 USD,savings,False,
T102705,2024-02-04,Starbucks,SHOPPING,5.89,credit,False,auto-pay
T100859,01/20/23,Chipotle Mexican Grill	,,77.79,checking,N,split w/ roommate
T104794,2023-10-27,Best Buy,Healthcare,50.24,savings,,  
T104575,09/03/24,AT&T Wireless,Dining,$74.43,checking,N,auto-pay
T100378,02-04-2024,netflix,subscription,56.44,savings,,
T103370,2024-03-31,Whole Foods Market,,88.62,checking,yes,reimbursable
T104941,30-08-2024,CVS Pharmacy,health care,43.30,savings,False,reimbursable
T101168,04/14/2023,Best Buy,Groceries,40.39,savings,0,
T102678,01/06/2023,Netflix,TRANSPORTATION,47.58,checking,yes,split w/ roommate
T101945,05-09-2024,Costco Wholesale,Utility,129.21,savings,yes,auto-pay
T103609,17-03-2024,Best Buy,dining out,37.67 USD,savings,yes,reimbursable
T104239,07/21/24,Spotify,Grocery,182.12,checking,1,  
T101907,19-08-2023,Amazon.com,Utilities,$137.83,checking,,reimbursable
T101383,12/19/2024,Target,Transport ,80.28 USD,savings,no,split w/ roommate
T102228,"December 08, 2023",Trader Joe's,Entertainment,107.70 USD,checking,yes,
T102341,16-12-2023,Uber,groceries,50.31,checking,,  
T101419,09/06/23,Uber,subscription,85.61 USD,checking,1,
T100794,"June 26, 2023",Chipotle Mexican Grill,Dining ,89.23 USD,savings,1,auto-pay
T102580,10/01/24,Shell Gas Station,ENTERTAINMENT,49.54 USD,checking,1,reimbursable
T100841,01/21/24,Delta Air Lines,shopping,11.24 USD,checking,,split w/ roommate
T101723,2024-05-25,Amazon.com,Shoping,117.49,credit,False,split w/ roommate
T100977,"July 23, 2024",Shell Gas Station,Entertainment,59.35,credit,Y,
T100175,"July 15, 2024",Chipotle Mexican Grill,TRANSPORTATION,$91.11,savings,False,
T104443,08/06/24,Whole Foods Market,groceries ,$98.71,checking,,reimbursable
T102825,12/29/24,Whole Foods Market,Entertainmnt,115.20 USD,,False,split w/ roommate
T102022,13-01-2023,CVS Pharmacy,Dining ,"15,184.00 USD",,0,auto-pay
T100045,,Delta Air Lines,Subscriptions,$76.21,savings,,reimbursable
T103010,05/18/24,AT&T Wireless,Travel,69.40,checking,Y,auto-pay
T104671,12-11-2024,Chipotle Mexican Grill,Shopping,$137.56,savings,no,split w/ roommate
T102154,10/09/24,Delta Air Lines, Utilities,$393.47,credit,Y,reimbursable
T103291,"January 13, 2024",Whole Foods Market,Travel,$24.58,credit,Y,split w/ roommate
T100896,02/01/24,Netflix,travel,164.27,,1,reimbursable
T101590,2024-07-27,Trader Joe's,Grocery,99.47,checking,1,
T101721,05/05/2024,Amazon.com,ENTERTAINMENT,$9.97,credit,0,auto-pay
T102495,2024-12-05,Shell Gas Station,SUBSCRIPTIONS,$99.81,savings,N,reimbursable
T101837,17-06-2023,Chipotle Mexican Grill,Healthcare,118.85,credit,False,split w/ roommate
T104216,01/24/24,CVS Pharmacy,TRAVEL,98.89,checking,Y,  
T104089,2023-05-31,Amazon.com,Subscriptions,94.19,credit,True,split w/ roommate
T103204,2024-05-29,Whole Foods Market,Travel,21.78 USD,savings,False,
T104939,07/25/24,Amazon.com,,58.22 USD,savings,0,auto-pay
T102498,07/23/24,Costco Wholesale,Transport ,158.48,checking,,reimbursable
T100283,"September 01, 2024",  Delta Air Lines  ,Subscriptions ,93.50 USD,savings,1,
T101620,25-07-2023,Whole Foods Market,GROCERIES,63.19,checking,0,reimbursable
T103767,10-10-2024,CVS Pharmacy,health care,114.18,checking,N,
T104427,"December 28, 2024",Home Depot,travel,72.32,savings,N,reimbursable
T101413,"February 18, 2024",Home Depot,groceries,$201.10,savings,no,
T104954,02/19/2023,BEST BUY,HEALTHCARE,80.03,savings,0,split w/ roommate
T103063,25-02-2023,Shell Gas Station,shopping,13.16 USD,credit,no,  
T101057,2024-06-09,Spotify,entertainment,98.45 USD,checking,,
T101144,12/17/2024,Chipotle Mexican Grill,Healthcare ,87.28 USD,credit,,split w/ roommate
T104989,"June 23, 2024",Spotify,Transportation,67.01,savings,yes,
T104252,04/13/23,Trader Joe's,Shopping,58.32,savings,True,
T102764,2023-07-08,Spotify,,33.49,checking,,  
T103480,23-10-2023,CVS Pharmacy, Utilities,$63.47,credit,,
T101769,03/08/2024,Costco Wholesale,Shoping,65.49,savings,N,split w/ roommate
T104902,2023-08-22,Chipotle Mexican Grill,health care,266.27,checking,Y,
T100259,04/24/24,Amazon.com,Transport ,8785.0,credit,False,  
T103702,"May 07, 2023",Chipotle Mexican Grill,Transportation,28.47,,0,split w/ roommate
T103119,14-05-2023,Amazon.com	,Transportation,49.41,credit,Y,  
T104967,2023-01-18,Shell Gas Station,Utility,$88.35,credit,True,  
T104628,04-01-2023,  Starbucks  ,shopping,$81.39,savings,no,split w/ roommate
T103681,11-10-2024,AT&T Wireless,Shoping,$13.28,savings,1,reimbursable
T103825,10/15/2024,Netflix, Utilities,8.81 USD,credit,no,split w/ roommate
T101784,06/08/2023,Target,TRANSPORTATION,34.97,credit,N,
T100099,"February 12, 2024",Costco Wholesale,Groceries,63.78,credit,no,
T102640,10/29/24,CVS Pharmacy,HEALTHCARE,81.87,checking,no,
T103399,02/03/2024,Starbucks,Utility,$18.35,checking,1,  
T101433,11/28/24,Home Depot,Dining ,137.84,checking,,split w/ roommate
T103950,02/21/24,Starbucks,Transport ,108.95,savings,True,
T100351,08/13/23,Chipotle Mexican Grill,Entertainment,16.49 USD,checking,,auto-pay
T102818,30-01-2023,Trader Joe's,HEALTHCARE,173.81,credit,yes,  
T104434,01-11-2024,Trader Joe's,,32.61,checking,Y,auto-pay
T103101,2024-08-24,Best Buy,groceries ,37.36,checking,,
T104321,01/21/2023,Chipotle Mexican Grill,health care,6.92,credit,False,split w/ roommate
T100718,06/29/2023,Delta Air Lines,Groceries,32.84,savings,yes,reimbursable
T104620,"July 08, 2024",Trader Joe's,TRANSPORTATION,$16.88,credit,True,  
T102807,2023-08-16,Whole Foods Market,travel,$87.81,savings,N,  
T103362,02/18/2023,shell gas station,Entertainment,54.22,,1,auto-pay
T101815,01-10-2023,chipotle mexican grill,Utility,87.29 USD,checking,yes,reimbursable
T100308,04/03/2024,Best Buy,shopping,20.29 USD,checking,1,
T102726,08/19/23,Whole Foods Market,health care,"4,223.00 USD",checking,0,reimbursable
T100833,"January 21, 2023",Home Depot,travel,99.88 USD,savings,Y,  
T100366,31-07-2023,Netflix,Transportation,94.46,credit,False,reimbursable
T101743,12/10/2024,Whole Foods Market,Healthcare,$53.03,credit,,  
T104083,01/13/2023,Whole Foods Market,GROCERIES,99.02,savings,no,
T104150,2023-12-14,Chipotle Mexican Grill,Groceries,131.05,credit,False,
T104991,"May 22, 2024",Home Depot,TRAVEL,88.3,checking,yes,
T103599,03/15/24,CVS Pharmacy,HEALTHCARE,$97.45,credit,N,reimbursable
T100949,"December 30, 2024",Trader Joe's,Transportation,$189.58,savings,True,auto-pay
T101175,"September 15, 2024",Whole Foods Market,transport,54.61,checking,1,auto-pay
T100019,05/14/2024,,dining out,16.38 USD,checking,0,auto-pay
T101397,"August 20, 2023",Whole Foods Market	,subscription,116.74,credit,False,  
T102217,2024-12-15,Uber, Groceries,70.55 USD,credit,N,  
T104060,04/30/23,Starbucks,shopping,14.54,checking,Y,  
T100218,"June 21, 2023",Target,utilities,$24.08,checking,N,reimbursable
T104055,02-03-2024,Delta Air Lines,transport,19.22,checking,True,  
T100438,07/11/24,Uber,Dining,105.02,credit,N,  
T104858,2024-03-01,Netflix,Dining ,$15.73,checking,no,
T101187,2024-05-13,Target,Entertainmnt,115.57,,yes,auto-pay
T101822,12/08/24,Spotify,GROCERIES,12.75 USD,savings,N,split w/ roommate
T104884,02-06-2024,Uber,subscription,14.75,savings,no,
T103545,02/12/24,Spotify,GROCERIES,$192.27,checking,Y,auto-pay
T104034,02/07/2024,Shell Gas Station,DINING,$100.54,checking,1,split w/ roommate
T104768,10/05/24,whole foods market,subscription,65.88,credit,yes,
T104051,"July 12, 2023",Trader Joe's,Subscriptions ,$60.75,savings,Y,auto-pay
T102851,08/02/2024,Whole Foods Market,Subscriptions ,83.9,savings,1,auto-pay
T100802,"March 02, 2023",Home Depot,Healthcare,131.42 USD,savings,N,
T104980,24-11-2023,Home Depot,Transportation,$117.32,savings,no,  
T104926,11/16/23,CVS Pharmacy,TRANSPORTATION,$33.21,,True,  
T103844,03/02/2023,Trader Joe's,Transport ,18.64,savings,,auto-pay
T104043,"February 19, 2023",Uber,HEALTHCARE,17.84,checking,False,auto-pay
T100582,2024-06-08,Amazon.com,dining out,,savings,False,reimbursable
T100203,05-06-2024,CVS Pharmacy,entertainment,61.16,checking,yes,reimbursable
T104685,08/30/2023,,groceries,21.7,savings,yes,auto-pay
T103528,04/30/23,CVS Pharmacy,Subscriptions ,8.75 USD,savings,1,split w/ roommate
T100944,02/05/24,Starbucks,subscription,74.47 USD,checking,True,  
T102318,2024-01-23,trader joe's,TRAVEL,33.49,,0,
T102333,2023-02-11,Shell Gas Station,transport,139.68 USD,checking,False,auto-pay
T103519,01/05/24,CVS Pharmacy,,115.2,savings,no,split w/ roommate
T101675,"September 16, 2023",Uber,TRANSPORTATION,64.33,checking,0,reimbursable
T100964,2024-01-22,Delta Air Lines,health care,$39.91,credit,0,
T102476,"April 24, 2023",  AT&T Wireless  ,TRANSPORTATION,34.88,,no,
T102463,2024-01-02,Best Buy,HEALTHCARE,39.49 USD,credit,1,reimbursable
T102481,01/21/23,Uber,transport,$30.96,credit,1,reimbursable
T101505,01/27/23,Uber,travel,55.57,savings,0,reimbursable
T102109,"September 23, 2024",Chipotle Mexican Grill,Shopping,111.87 USD,credit,False,split w/ roommate
T100517,07/28/24,Spotify,Grocery,61.23 USD,credit,no,
T103895,,  AT&T Wireless  ,TRANSPORTATION,5.73,credit,True,split w/ roommate
T101406,12-08-2024,CVS Pharmacy,Transportation,18.46,credit,yes,
T101937,2023-10-11,CVS Pharmacy, Groceries,$6.49,credit,Y,  
T100668,04/02/2023,Spotify,Shopping,26.41,checking,True,split w/ roommate
T101902,17-04-2024,Netflix,Utility,73.67,credit,False,  
T101483,12/09/2023,STARBUCKS,Healthcare ,$74.40,savings,False,  
T104985,03/08/2023,Amazon.com,Utility,97.81 USD,savings,0,auto-pay
T101539,11/18/23,spotify,Healthcare,$142.55,savings,True,auto-pay
T100641,"September 10, 2023",TRADER JOE'S,Transport ,321.70,credit,no,
T101777,08/02/23,Netflix,entertainment,129.51 USD,credit,N,
T102426,"September 27, 2024",Netflix,transport,$48.09,checking,N,auto-pay
T102330,20-01-2023,Shell Gas Station	,shopping,83.86,savings,False,
T103473,19-06-2024,Target,Shoping,5741.0,savings,yes,split w/ roommate
T103504,28-04-2023,Spotify,Entertainment,$143.91,savings,0,
T101338,"July 27, 2023",Target,groceries ,116.07,credit,Y,split w/ roommate
T100759,07/28/2023,Target,HEALTHCARE,34.70,credit,False,
T102413,"February 14, 2024",Amazon.com,TRANSPORTATION,69.71,savings,yes,auto-pay
T102492,17-09-2024,Delta Air Lines, Utilities,74.13,savings,,split w/ roommate
T102754,04-05-2024,AT&T Wireless,DINING,72.71,credit,1,
T101192,2023-11-22,Delta Air Lines,TRANSPORTATION,146.15,,N,auto-pay
T101025,"March 16, 2024",Whole Foods Market,ENTERTAINMENT,$53.55,,0,auto-pay
T100214,"November 14, 2024",Delta Air Lines,dining out,56.67,credit,N,  
T102805,2023-02-28,CVS Pharmacy, Utilities,26.85,checking,yes,auto-pay
T104622,29-10-2024,AT&T Wireless,Transportation,38.94 USD,credit,N,
T101056,2023-07-26,Home Depot,Dining,$18.74,credit,0,split w/ roommate
T101321,12/18/23,Amazon.com,subscription,72.38,credit,yes,
T100196,"April 10, 2024",Starbucks,ENTERTAINMENT,73.66,savings,no,  
T101281,02/15/2023,Whole Foods Market,transport,100.42 USD,credit,N,  
T101632,10/11/24,Costco Wholesale,Groceries,$141.20,checking,1,split w/ roommate
T104048,01/22/23,Costco Wholesale,Travel,205.64,credit,1,reimbursable
T100887,"September 27, 2023",Spotify, Utilities,122.88 USD,,yes,auto-pay
T101420,10-07-2023,Trader Joe's,health care,"5,190.00 USD",credit,N,split w/ roommate
T102662,08/18/2024,spotify,travel,95.76 USD,credit,True,
T100568,01/18/2024,Home Depot,Shoping,$130.33,savings,1,split w/ roommate
T102517,05/21/24,AT&T Wireless,Transport ,$21.27,savings,N,split w/ roommate
T102788,03/30/24,Home Depot,TRANSPORTATION,81.05,credit,False,reimbursable
T100139,2024-03-03,Uber,health care,104.44,checking,False,reimbursable
T103659,2024-08-22,Costco Wholesale, Utilities,11.53,savings,N,reimbursable
T103727,12/10/24,Home Depot,HEALTHCARE,123.16,checking,0,
T101918,02/06/2023,Netflix,utilities,$106.44,credit,,reimbursable
T100463,"February 10, 2024",AT&T WIRELESS,transport,92.49 USD,savings,1,split w/ roommate
T104145,2023-09-12,Best Buy,HEALTHCARE,,checking,1,
T100594,10/29/24,Target,utilities,18.42 USD,savings,1,split w/ roommate
T102647,2023-05-07,CVS Pharmacy,Healthcare ,126.26,,False,reimbursable
T100450,2024-11-07,Starbucks,Utilities,33.49 USD,credit,N,
T103482,"April 16, 2023",AT&T Wireless,subscription,$141.39,checking,0,split w/ roommate
T104992,2023-06-28,Chipotle Mexican Grill,groceries ,77.25,checking,,
T103128,12/03/2023,Amazon.com,shopping,63.79 USD,credit,,
T101095,07-04-2023,Amazon.com,Utility,10.78,checking,yes,split w/ roommate
T103247,"November 06, 2023",Delta Air Lines,groceries,134.65,credit,yes,
T101128,"February 01, 2024",Best Buy,TRANSPORTATION,90.28,savings,0,
T103046,02/08/2023,Netflix,Entertainment,109.97,credit,1,  
T104075,01/02/2023,Best Buy,Dining,103.88 USD,checking,yes,auto-pay
T103047,2023-07-11,CVS Pharmacy,subscription,"$1,800.00",credit,,
T103336,03-07-2024,Chipotle Mexican Grill,Travel,,savings,False,  
T102080,2023-10-31,Trader Joe's, Groceries,44.12,savings,N,
T104752,06/04/2023,AT&T Wireless,Groceries,64.07,savings,yes,split w/ roommate
T100999,03/13/24,Delta Air Lines,Shoping,$84.77,credit,0,auto-pay
T102627,08/04/2023,netflix,Entertainment,4.34,savings,False,
T104381,"August 08, 2024",CVS Pharmacy	,Grocery,$26.89,credit,yes,split w/ roommate
T100192,"October 05, 2023",Chipotle Mexican Grill,dining out,$123.71,savings,N,reimbursable
T103864,,Chipotle Mexican Grill,transport,146.57 USD,checking,yes,  
T104244,11/12/23,Best Buy	,HEALTHCARE,,credit,no,
T102610,"August 12, 2024",Costco Wholesale,Travel,222.44 USD,checking,True,reimbursable
T104295,2024-03-31,cvs pharmacy,Shoping,$44.86,credit,N,
T104604,09/22/2024,Target,Utilities,130.07,checking,,
T102086,01-07-2023,Target,Healthcare ,54.98,credit,False,split w/ roommate
T103919,2024-06-21,Home Depot,GROCERIES,71.06 USD,savings,no,reimbursable
T103213,01/21/2024,Whole Foods Market,DINING,$12.89,savings,False,
T103758,2024-04-25,Spotify,subscription,$256.18,credit,False,  
T103934,"November 28, 2023",Amazon.com,Entertainment,136.83,checking,yes,split w/ roommate
T104257,2024-06-22,Target,entertainment,$35.39,credit,no,
T104790,02/15/2024,Target,entertainment,$167.63,savings,N,split w/ roommate
T104692,07/04/23,Starbucks,health care,134.64 USD,checking,Y,reimbursable
T104044,06/12/2024,,health care,171.44 USD,savings,N,split w/ roommate
T104352,06/25/24,Netflix, Utilities,$128.89,savings,yes,  
T101934,"September 24, 2023",Target,Entertainmnt,144.83 USD,credit,no,
T102589,11-07-2024,Best Buy, Groceries,13.35,checking,True,  
T104990,01/19/2023,Shell Gas Station,Utilities,$92.85,credit,0,
T100191,2023-04-18,AT&T Wireless,TRAVEL,$23.15,credit,False,  
T102697,12/16/2024,Chipotle Mexican Grill,dining out,$118.30,checking,,  
T103906,2023-10-10,Home Depot,Dining ,13101.0,checking,False,reimbursable
T104291,"June 09, 2023",HOME DEPOT,Grocery,69.47,checking,0,reimbursable
T104729,"December 04, 2024",Spotify,travel,12.29 USD,savings,N,split w/ roommate
T101894,2024-04-29,Uber,Entertainmnt,$51.47,checking,no,reimbursable
T102883,2023-09-29,CVS Pharmacy	,SUBSCRIPTIONS,139.79 USD,credit,True,
T101859,2023-10-29,Target,DINING,133.4,savings,,  
T103615,08/19/24,AT&T Wireless,Healthcare,32.12,savings,0,  
T103765,09/06/2024,Netflix,Dining ,58.45 USD,checking,1,
T102865,10/24/2023,Best Buy,subscription,$38.32,checking,,
T104900,2024-10-08,Whole Foods Market,groceries,,,False,
T100312,07/16/2024,Best Buy,ENTERTAINMENT,54.08,savings,0,
T101736,"March 15, 2023",  Best Buy  ,transport,21.71 USD,,N,reimbursable
T100166,09/19/2023,Netflix,Travel,39.21 USD,savings,no,split w/ roommate
T102174,11/16/23,Delta Air Lines,DINING,60.09,savings,True,auto-pay
T103349,"April 12, 2023",Shell Gas Station,Shopping,$30.53,checking,1,  
T101024,"May 31, 2024",best buy,Entertainment,74.62,checking,Y,
T101392,08/14/24,Uber,entertainment,$193.18,credit,1,
T103964,01/16/24,STARBUCKS,Utilities,68.65,credit,no,split w/ roommate
T103936,08/08/2023,  Shell Gas Station  ,TRAVEL,157.57,savings,False,
T101912,,Target,Travel,61.65,credit,True,  
T102231,01/16/24,Shell Gas Station,utilities,$143.96,checking,1,auto-pay
T103853,12/07/24,Trader Joe's,utilities,31.74,,no,
T101741,02/10/2024,AT&T Wireless,Travel,,credit,yes,split w/ roommate
T104945,08/09/23,best buy,Groceries,23.58 USD,checking,N,
T100152,06/18/2023,AT&T Wireless,Entertainment,71.91 USD,savings,Y,reimbursable
T103426,12/13/23,  Home Depot  ,TRAVEL,167.60 USD,credit,yes,
T104759,"November 15, 2023",Whole Foods Market,HEALTHCARE,76.72 USD,savings,1,  
T103971,09/11/23,Netflix,dining out,$51.39,savings,True,  
T101699,2023-08-08,Amazon.com,DINING,$8.03,checking,False,auto-pay
T101231,30-04-2024,Costco Wholesale,Utility,23.09 USD,,Y,auto-pay
T103189,2024-11-07,CVS Pharmacy,travel,227.32 USD,checking,Y,reimbursable
T103253,03-09-2024,CVS PHARMACY,Dining ,$33.43,checking,Y,
T102561,2023-07-17,Starbucks,dining out,51.24 USD,savings,0,reimbursable
T104895,2023-04-12,Uber,shopping,52.42,checking,0,
T102115,2023-05-30,Home Depot,Subscriptions,33.58,checking,yes,
T103333,06/26/2023,AT&T WIRELESS,Shopping,56.97 USD,savings,,  
T100031,"May 01, 2024",Home Depot,transport,82.24 USD,checking,no,  
T100937,10/07/24,Home Depot,health care,102.07,savings,0,auto-pay
T101437,08/19/2023,Delta Air Lines, Groceries,152.26,checking,no,split w/ roommate
T100752,"May 16, 2024",CVS PHARMACY,,57.86,savings,N,reimbursable
T103040,11-09-2024,Home Depot,health care,90.01,credit,no,
T100309,08/30/2024,Costco Wholesale,DINING,139.34,credit,Y,reimbursable
T102528,09/08/23,Starbucks,Grocery,$55.75,checking,no,
T101532,"January 23, 2024",Netflix,TRAVEL,94.07,savings,,
T103220,"January 15, 2024",Chipotle Mexican Grill,entertainment,79.53,credit,True,
T102696,05-08-2023,Netflix,health care,26.42 USD,checking,0,  
T100495,29-06-2024,Spotify,TRANSPORTATION,49.07,savings,no,auto-pay
T100205,05/23/24,Costco Wholesale,SHOPPING,66.82,checking,False,
T102757,11-03-2024,Trader Joe's,transport,61.30 USD,savings,False,  
T103792,09/13/23,Delta Air Lines,entertainment,108.51,savings,yes,
T104013,23-12-2024,,Transport ,$5.92,checking,yes,split w/ roommate
T100305,13-05-2023,Starbucks,TRAVEL,$95.88,credit,yes,
T103915,06/07/24,Target,TRAVEL,72.92,checking,True,
T101888,2023-05-01,Delta Air Lines,Healthcare,110.21,credit,True,split w/ roommate
T101061,,Best Buy,SUBSCRIPTIONS,39.28,savings,N,reimbursable
T100843,2023-01-12,DELTA AIR LINES,Transport ,93.1,credit,Y,
T103263,06-11-2024,Chipotle Mexican Grill,TRANSPORTATION,14.28,credit,,auto-pay
T104975,"July 09, 2024",Whole Foods Market,transport,37.27,savings,0,reimbursable
T100211,01/29/2024,Shell Gas Station, Utilities,131.66,credit,,  
T101108,2024-02-24,Home Depot,TRAVEL,$59.69,checking,yes,
T103836,"August 27, 2024",Starbucks,,$129.98,,1,split w/ roommate
T100679,12/31/23,Amazon.com,SUBSCRIPTIONS,80.82,credit,N,  
T100565,2023-02-25,AT&T Wireless, Utilities,63.79,credit,1,
T104258,"January 30, 2023",Home Depot,HEALTHCARE,7.07,savings,True,
T103697,06/08/24,AT&T Wireless,subscription,$54.71,savings,False,
T100680,09-05-2024,AT&T Wireless,travel,$90.81,savings,False,auto-pay
T100180,"July 18, 2024",Home Depot,DINING,24.18,checking,False,
T102743,"May 15, 2023",  AT&T Wireless  ,SHOPPING,$22.31,savings,False,reimbursable
T104108,08-03-2024,Best Buy,health care,98.23,checking,yes,split w/ roommate
T104568,"May 25, 2023",  Target  ,Dining ,247.90,credit,True,auto-pay
T104339,2024-10-25,Netflix,ENTERTAINMENT,$374.16,checking,,auto-pay
T100278,07/31/24,Target,SHOPPING,$23.76,checking,True,  
T101235,03/30/2024,Delta Air Lines,Travel,210.85,credit,0,split w/ roommate
T103075,07/06/23,  Netflix  ,Utilities,$149.10,savings,yes,
T100432,29-12-2023,Target,subscription,50.11,savings,True,reimbursable
T100289,2023-04-01,Uber,subscription,168.36 USD,savings,0,split w/ roommate
T101027,"June 16, 2024",Best Buy,SUBSCRIPTIONS,6.19 USD,savings,0,  
T100535,19-11-2024,Home Depot,DINING,40.78,savings,1,auto-pay
T103542,02/18/2023,Target,TRANSPORTATION,56.51 USD,checking,1,
T100188,"September 01, 2023",Amazon.com,Entertainment,$31.17,checking,,auto-pay
T102240,04/24/2024,Trader Joe's,SUBSCRIPTIONS,$90.02,credit,N,
T104412,30-03-2024,Whole Foods Market,,76.72,checking,True,split w/ roommate
T102094,"September 29, 2024",Target,ENTERTAINMENT,17.88,credit,False,auto-pay
T100270,02/29/2024,Home Depot,SHOPPING,13.67,credit,yes,reimbursable
T102274,"December 16, 2024",Chipotle Mexican Grill,TRANSPORTATION,$52.23,credit,0,auto-pay
T104147,06/05/2023,costco wholesale,DINING,180.25 USD,savings,True,split w/ roommate
T102223,01/29/23,Best Buy, Utilities,68.12,savings,N,
T103816,02/23/2024,Home Depot,Travel,$144.68,checking,,  
T100111,"October 24, 2023",Costco Wholesale,travel,77.73 USD,savings,True,reimbursable
T101170,"April 10, 2023",Best Buy,entertainment,63.90 USD,savings,False,
T103402,23-11-2024,Home Depot, Groceries,$55.84,credit,True,auto-pay
T100220,07/31/2023,starbucks,Travel,59.16,credit,0,split w/ roommate
T101992,28-11-2023,Home Depot,groceries ,$46.04,checking,,reimbursable
T100627,2023-12-07,Starbucks, Groceries,29.99,credit,,
T104071,10/25/2024,Costco Wholesale,Healthcare ,$206.60,checking,no,
T103467,04/01/24,Home Depot,groceries ,59.20,checking,False,auto-pay
T104676,05/01/24,Trader Joe's,transport,41.98 USD,,Y,
T100790,06/09/2023,Uber,HEALTHCARE,$84.66,savings,0,
T102072,09/26/23,Target,Utility,166.63 USD,checking,Y,auto-pay
T100461,04/08/2023,Netflix,Entertainment,152.96 USD,checking,False,
T104503,25-06-2024,Shell Gas Station,Subscriptions,190.66 USD,savings,,auto-pay
T100551,03/16/2023,  Trader Joe's  ,dining out,136.03,,True,  
T101705,2024-09-20,amazon.com,Utility,$62.24,savings,0,split w/ roommate
T101224,12/25/24,UBER,Utilities,38.93,credit,0,auto-pay
T100198,2024-08-05,Costco Wholesale,Transport ,$61.33,savings,True,  
T104823,01-10-2023,DELTA AIR LINES,Entertainment,13.77,,,split w/ roommate
T104343,06/21/23,CVS Pharmacy,,17.71,credit,False,split w/ roommate
T100402,"May 30, 2023",uber,Healthcare ,77.44 USD,credit,False,
T103159,2024-05-13,Uber,dining out,116.43,savings,False,auto-pay
T102201,"January 04, 2023",Amazon.com	,Transportation,$43.07,savings,N,  
T104836,11/22/2023,Spotify,Utilities,80.91,credit,True,
T102602,"October 26, 2023",Spotify,subscription,135.62,savings,N,
T102826,"May 29, 2023",Shell Gas Station,entertainment,50.89,savings,Y,
T104531,11/08/2024,,Shopping,81.34,credit,Y,reimbursable
T100650,02/20/2024,Shell Gas Station,entertainment,146.61 USD,checking,,
T100708,12/30/24,Costco Wholesale,health care,$28.50,checking,Y,auto-pay
T101564,26-07-2024,CVS Pharmacy,Entertainmnt,22.85 USD,checking,Y,reimbursable
T104481,2023-07-15,Target,GROCERIES,,credit,N,
T102220,01-09-2024,Home Depot,Healthcare,$186.69,savings,yes,
T102617,07/06/2024,Starbucks,Groceries,40.88,credit,,
T101873,"May 17, 2023",Uber,Healthcare,$411.85,checking,True,auto-pay
T100314,"March 24, 2024",CVS Pharmacy,Transportation,14.07,checking,,  
T102834,2023-02-15,SHELL GAS STATION,HEALTHCARE,54.89 USD,savings,no,reimbursable
T104543,16-06-2024,Best Buy,health care,60.75,checking,Y,
T100113,2023-09-28,Starbucks,utilities,34.83 USD,savings,N,auto-pay
T100960,"September 28, 2023",Netflix,TRAVEL,66.48 USD,savings,,reimbursable
T103006,"August 02, 2023",Costco Wholesale,Travel,29.86 USD,,N,split w/ roommate
T104610,2023-07-21,Amazon.com,Travel,104.29,savings,1,auto-pay
T101718,08/18/24,Uber,TRAVEL,77.83,checking,yes,
T104135,09/09/24,whole foods market,dining out,93.51,credit,yes,reimbursable
T104084,11/01/24,TRADER JOE'S,health care,69.34,savings,N,reimbursable
T101666,05/12/23,  Trader Joe's  ,Healthcare,97.62,savings,N,  
T104936,"April 02, 2023",Chipotle Mexican Grill,Subscriptions ,62.26,savings,Y,
T102732,2023-09-28,SPOTIFY,Transportation,30.12,checking,1,split w/ roommate
T104662,"August 04, 2024",Netflix,travel,$26.44,credit,N,split w/ roommate
T104597,11/05/2024,Target,SHOPPING,$157.00,checking,,
T104050,04-02-2024,Shell Gas Station,groceries,60.28 USD,checking,yes,split w/ roommate
T104668,11/27/2023,Starbucks	,Utility,129.32,savings,0,
T101345,2023-04-15,Starbucks,Shoping,54.54 USD,credit,no,split w/ roommate
T100326,"June 04, 2023",,,82.69,checking,N,  
T100604,2023-11-21,Starbucks,Entertainment,18.55,credit,Y,
T104254,2023-07-11,AT&T Wireless,Subscriptions ,224.82,savings,,split w/ roommate
T104237,01/26/2023,CVS Pharmacy,Transport ,250.3,credit,yes,split w/ roommate
T104345,07/20/24,SPOTIFY,Dining,$35.04,savings,True,  
T101921,11/06/23,Starbucks,Shoping,97.96,savings,True,split w/ roommate
T103134,"July 24, 2023",Starbucks,Healthcare,26.72,credit,no,auto-pay
T102954,07/04/2023,Chipotle Mexican Grill,Healthcare ,57.49,savings,False,
T102026,2024-06-04,COSTCO WHOLESALE,travel,124.71,savings,True,
T103435,08/30/2023,Netflix, Groceries,84.88,credit,0,
T101503,"January 29, 2023",AT&T Wireless,travel,8.93,credit,yes,
T101849,09/09/24,Costco Wholesale,Healthcare,$128.97,credit,1,
T104951,"June 04, 2024",Target,ENTERTAINMENT,$66.27,credit,1,
T100789,"September 29, 2023",Uber,TRANSPORTATION,$21.54,savings,no,
T104429,"June 14, 2024",Uber,Shopping,103.99,savings,,auto-pay
T101330,2024-01-19,AT&T Wireless,Transport ,54.20 USD,checking,no,
T102351,2024-07-07,  Amazon.com  ,Subscriptions ,91.21,checking,,split w/ roommate
T100871,"March 23, 2024",Uber,dining out,$92.78,checking,Y,
T103230,2023-09-28,Shell Gas Station,Groceries,$45.30,savings,,
T102655,2024-03-14,Home Depot,Grocery,190.90,checking,no,  
T103424,08/16/2024,spotify,Healthcare,$67.37,credit,False,auto-pay
T100073,06/22/24,Costco Wholesale,ENTERTAINMENT,81.62,credit,1,auto-pay
T102748,"February 10, 2024",Starbucks,TRANSPORTATION,138.18,credit,Y,split w/ roommate
T101840,"July 12, 2024",Target,groceries,$86.06,credit,True,
T101417,10/03/2023,Shell Gas Station,Shoping,41.75,savings,Y,
T103653,01/06/2023,Costco Wholesale,entertainment,24.90,savings,False,
T100092,2023-07-07,Chipotle Mexican Grill,Shoping,88.49 USD,savings,yes,
T104644,2023-06-28,Target, Utilities,87.01,savings,,  
T103931,06/17/23,Starbucks,travel,94.67 USD,credit,False,split w/ roommate
T102313,19-05-2023,Trader Joe's,Utilities,109.57,credit,False,reimbursable
T102980,04/17/2023,Trader Joe's, Groceries,10.98 USD,credit,,
T103001,22-04-2023,Shell Gas Station,entertainment,90.1,savings,1,
T100494,"December 06, 2024",Costco Wholesale,health care,100.73,credit,False,
T103845,03/24/24,Spotify,Utilities,40.59 USD,credit,Y,auto-pay
T104125,2023-07-16,Netflix,Subscriptions ,156.00 USD,savings,N,reimbursable
T103295,08/29/2024,Best Buy,shopping,65.43,checking,False,
T101164,"November 17, 2023",Shell Gas Station,Entertainmnt,$101.57,checking,True,
T101295,05/16/2023,Home Depot,Entertainmnt,$84.80,savings,False,
T101831,"January 08, 2023",Starbucks,Travel,100.06,savings,yes,auto-pay
T101578,2023-04-15,Shell Gas Station,Dining,24.24,checking,Y,reimbursable
T102245,03/04/24,  Amazon.com  ,DINING,63.37,credit,,auto-pay
T104632,2024-07-17,Amazon.com,Transport ,100.92,checking,0,reimbursable
T100618,01/04/23,Trader Joe's,Dining ,30.47,credit,False,split w/ roommate
T103252,06/26/24,Netflix,Healthcare,36.87,savings,yes,split w/ roommate
T101786,25-08-2024,Whole Foods Market,Utility,62.20 USD,credit,True,  
T104477,"September 02, 2023",Costco Wholesale,Travel,31.46 USD,credit,no,split w/ roommate
T101292,"May 18, 2023",TRADER JOE'S,DINING,68.47,checking,N,auto-pay
T102138,01/20/2024,Whole Foods Market,travel,29.41 USD,checking,1,  
T104547,03/13/23,Delta Air Lines,Subscriptions ,$13.51,savings,,  
T100869,02-01-2024,Spotify,Healthcare ,197.80,credit,,auto-pay
T102803,2023-06-16,Amazon.com,Transport ,245.81,checking,yes,
T101042,10/20/23,Delta Air Lines,Shoping,$1.16,checking,False,split w/ roommate
T101436,2024-01-09,Best Buy,Healthcare,4.65 USD,checking,1,split w/ roommate
T100356,"July 27, 2023",Chipotle Mexican Grill,Shopping,26.35 USD,savings,Y,auto-pay
T101162,"December 09, 2023",Costco Wholesale	,health care,165.46 USD,checking,,auto-pay
T104213,08/06/23,Trader Joe's,Dining,38.03 USD,savings,Y,split w/ roommate
T101745,"February 05, 2024",Trader Joe's,Shoping,49.3,savings,yes,reimbursable
T104368,"October 16, 2024",AT&T Wireless,TRANSPORTATION,127.18,credit,False,
T103074,2023-11-09,Shell Gas Station,HEALTHCARE,40.95 USD,,yes,
T102855,08/18/24,Chipotle Mexican Grill,dining out,$218.11,credit,Y,auto-pay
T101425,03/24/24,Chipotle Mexican Grill,GROCERIES,$151.13,checking,1,reimbursable
T103662,17-01-2023,Costco Wholesale,health care,152.8,savings,Y,auto-pay
T103760,01/02/24,Amazon.com,TRANSPORTATION,11060.0,savings,no,split w/ roommate
T104553,2023-11-13,AT&T Wireless,groceries,28.60,checking,1,reimbursable
T103785,2023-03-11,Target,Entertainment,$130.95,savings,1,
T100332,"February 11, 2023",Home Depot,Healthcare ,15.9,checking,1,
T101371,02/06/24,Uber,Transport ,63.42,checking,,auto-pay
T104885,07/19/2024,Best Buy,Shoping,53.16,savings,False,  
T101694,12/11/2023,Uber,GROCERIES,199.88,savings,1,
T101258,24-07-2024,Home Depot, Utilities,,credit,True,split w/ roommate
T103788,"August 04, 2024",Delta Air Lines,shopping,88.98 USD,credit,N,  
T101726,"March 08, 2023",  Spotify  ,Travel,126.88 USD,savings,1,
T101116,04/20/23,AT&T WIRELESS,Healthcare,$35.21,checking,True,
T104870,2023-10-11,Target,HEALTHCARE,58.54,checking,no,reimbursable
T103670,"November 28, 2024",Shell Gas Station,Utility,44.04,checking,True,
T102594,26-12-2023,Target,transport,113.32,checking,,
T104326,"June 04, 2023",AT&T Wireless,transport,47.94,savings,,
T104440,03/21/23,Amazon.com,Dining,58.25,checking,0,auto-pay
T101886,2024-01-24,,Subscriptions ,112.21,credit,N,
T100445,2024-05-23,,Entertainmnt,56.16,checking,1,
T102314,09-08-2023,Delta Air Lines,TRAVEL,47.57,credit,Y,  
T100452,15-01-2023,Target,DINING,$186.36,savings,no,
T102354,27-05-2024,Starbucks,subscription,52.31,checking,True,
T104502,06-06-2024,Delta Air Lines,SHOPPING,69.54 USD,checking,Y,reimbursable
T104087,"May 28, 2023",Uber,Transportation,33.46 USD,savings,False,auto-pay
T100014,18-12-2024,Chipotle Mexican Grill,HEALTHCARE,$20.11,checking,yes,  
T102706,25-09-2024,Netflix,TRANSPORTATION,16.55,,Y,auto-pay
T100945,"November 24, 2024",Target	,travel,$28.81,checking,True,split w/ roommate
T100247,24-01-2023,  Chipotle Mexican Grill  ,Groceries,17.82,savings,True,reimbursable
T103326,04-01-2024,Spotify,Subscriptions ,$20.64,checking,False,auto-pay
T100360,"March 02, 2023",Home Depot,health care,18.50 USD,savings,N,  
T104727,04-08-2023,Netflix,shopping,11.85,credit,1,
T101629,"October 29, 2023",Costco Wholesale, Groceries,$83.62,checking,True,
T104269,2023-07-15,Netflix,health care,48.16,checking,N,split w/ roommate
T102373,10/13/23,CVS Pharmacy,TRANSPORTATION,82.12,credit,1,
T101360,05-05-2024,Delta Air Lines, Utilities,202.39 USD,checking,yes,reimbursable
T103276,20-09-2023,Trader Joe's,SHOPPING,$10.80,,,auto-pay
T102372,05/02/2024,AT&T Wireless	,Entertainmnt,95.90,credit,True,
T103605,19-11-2024,Spotify,transport,37.24,checking,yes,split w/ roommate
T102609,08/03/24,Target,SHOPPING,38.92,credit,True,
T104958,26-08-2024,Spotify,HEALTHCARE,$60.33,checking,,auto-pay
T102945,2023-08-31,Delta Air Lines,health care,56.18 USD,savings,False,split w/ roommate
T100490,2023-09-28,Starbucks,shopping,46.60 USD,savings,N,
T100862,12/30/24,Spotify,Shoping,$46.70,savings,Y,
T101935,20-08-2024,Home Depot,Utility,37.28 USD,credit,Y,auto-pay
T102484,08/22/2023,Best Buy,Healthcare ,71.91,credit,Y,  
T103097,2024-02-22,Shell Gas Station,groceries,150.42,,0,split w/ roommate
T102520,17-04-2023,AT&T Wireless,Grocery,34.9,credit,False,  
T103525,02/07/23,Trader Joe's,groceries ,77.92,credit,0,reimbursable
T103458,08-07-2023,Trader Joe's,groceries ,$134.46,checking,N,
T100506,07-07-2024,Starbucks,Travel,152.66,credit,False,
T104159,10/29/23,,TRANSPORTATION,38.06 USD,savings,,  
T100025,2023-05-12,Trader Joe's,Utilities,86.85,credit,Y,  
T102053,03-08-2023,Best Buy,HEALTHCARE,27.05 USD,credit,1,split w/ roommate
T101222,01/07/2023,Delta Air Lines,HEALTHCARE,95.87 USD,credit,,auto-pay
T101113,09-12-2024,AMAZON.COM,TRANSPORTATION,27.62 USD,checking,yes,
T102018,05/12/23,  Uber  ,Grocery,53.43,checking,no,auto-pay
T103535,2023-11-19,Amazon.com,SUBSCRIPTIONS,29.56,checking,N,
T102523,2024-02-28,,Healthcare,33.58 USD,checking,N,reimbursable
T104743,11/08/2023,Whole Foods Market,SHOPPING,$98.81,credit,,auto-pay
T100433,2023-06-15,Trader Joe's,travel,61.88,checking,no,
T102131,12-06-2023,Costco Wholesale,Shoping,$93.24,credit,False,reimbursable
T103262,"September 12, 2024",Target,Dining ,$5.54,checking,1,auto-pay
T102927,11-07-2023,Target,utilities,$73.87,checking,yes,split w/ roommate
T102157,"November 08, 2024",Starbucks,travel,$70.03,checking,1,
T103980,12/09/24,  Trader Joe's  ,Subscriptions,79.73,checking,0,reimbursable
T103270,07/23/2023,Home Depot,dining out,18.06,credit,Y,reimbursable
T102197,"June 25, 2023",CVS Pharmacy,travel,282.88,credit,yes,split w/ roommate
T104961,2024-06-23,Spotify,SUBSCRIPTIONS,52.80 USD,savings,no,  
T103012,2024-03-24,Whole Foods Market,TRANSPORTATION,40.10 USD,savings,yes,auto-pay
T101102,2023-07-15,Spotify,TRANSPORTATION,$134.33,credit,yes,auto-pay
T104626,04/28/2023,whole foods market,Dining,$56.37,checking,0,
T101919,11-09-2024,Best Buy,Transport ,53.76,savings,no,  
T103484,"August 22, 2024",,entertainment,29.60 USD,checking,no,
T103965,"April 16, 2024",Chipotle Mexican Grill,Healthcare,32.35 USD,checking,True,
T100156,09-04-2024,Netflix	,transport,85.86,checking,True,  
T103121,23-01-2023,Best Buy,Utility,36.63 USD,savings,no,reimbursable
T101877,"March 31, 2023",Delta Air Lines,Travel,64.69 USD,checking,True,reimbursable
T100615,04/26/2023,Chipotle Mexican Grill,transport,$18.25,savings,True,split w/ roommate
T100643,07-06-2024,Netflix,SUBSCRIPTIONS,30.89,savings,1,  
T104822,2024-08-11,STARBUCKS,Utilities,$11.35,checking,Y,
T101732,03-01-2023,Netflix,Utility,176.73,checking,N,auto-pay
T101068,"August 25, 2024",Home Depot,Healthcare,112.69,checking,1,  
T103393,13-06-2023,Chipotle Mexican Grill,Travel,29.22,credit,yes,
T102727,"July 12, 2023",Spotify,entertainment,140.29,credit,0,split w/ roommate
T104304,"April 22, 2024",Spotify,groceries,101.91 USD,savings,1,split w/ roommate
T101438,"December 24, 2023",Best Buy,,62.26,checking,False,  
T100330,01/17/24,Trader Joe's,HEALTHCARE,$21.43,credit,Y,  
T104903,2023-01-25,Trader Joe's,DINING,64.64 USD,savings,yes,split w/ roommate
T102728,06-08-2023,Shell Gas Station,TRANSPORTATION,41.07 USD,savings,0,  
T102649,15-06-2024,Chipotle Mexican Grill,entertainment,75.73,credit,False,
T100622,"July 20, 2023",Whole Foods Market,Travel,293.11 USD,savings,no,auto-pay
T103187,08/06/2024,Uber,health care,46.68,credit,1,auto-pay
T102395,07/30/2024,Target,HEALTHCARE,5.41,checking,no,
T104182,"April 30, 2023",Target,Utilities,48.09,savings,Y,
T102997,"October 12, 2024",, Groceries,$3.97,savings,0,split w/ roommate
T104137,"July 15, 2024",Target,Utility,165.01 USD,savings,,  
T101835,"June 13, 2024",Target,TRAVEL,124.16,credit,False,split w/ roommate
T102794,26-12-2023,CVS Pharmacy,Travel,12.47,credit,True,  
T100755,11/27/23,Chipotle Mexican Grill,Transport ,109.48 USD,savings,False,split w/ roommate
T100518,"August 16, 2023",AT&T Wireless,Shopping,6.4,credit,1,reimbursable
T104983,01/07/2024,Target,Entertainmnt,57.09,checking,False,split w/ roommate
T100032,"August 23, 2023",Uber,health care,$22.29,credit,False,auto-pay
T103034,07-02-2023,Starbucks,Healthcare ,$85.90,savings,no,auto-pay
T101157,03/23/2024,CVS Pharmacy,DINING,91.47,savings,yes,split w/ roommate
T100744,"June 27, 2024",Delta Air Lines,DINING,67.16 USD,,Y,split w/ roommate
T104677,30-03-2024,Whole Foods Market	,Healthcare,$21.51,checking,yes,auto-pay
T103626,2023-02-02,Best Buy,Dining,108.06,checking,no,auto-pay
T102409,06/16/2023,Spotify,Shopping,140.25,credit,False,  
T102672,2023-05-08,Chipotle Mexican Grill	,SUBSCRIPTIONS,107.45 USD,checking,True,
T100783,"September 24, 2024",AT&T Wireless,Shopping,89.2,checking,1,split w/ roommate
T101876,10-04-2024,Netflix,Shoping,276.83,checking,True,
T103580,07/19/23,,shopping,34.31,checking,True,
T100229,09/13/2024,  Shell Gas Station  ,TRAVEL,53.67,checking,False,
T100857,08/19/24,Amazon.com,Dining ,$89.36,credit,True,auto-pay
T103347,"April 14, 2024",Amazon.com,Grocery,$28.78,savings,Y,
T102432,10/28/2023,Netflix,Subscriptions ,87.18,credit,yes,
T100408,"June 01, 2023",Netflix,utilities,$75.24,savings,0,split w/ roommate
T100170,2024-01-25,,Entertainment,23.74,credit,no,  
T100540,02-05-2024,Netflix,Travel,16.76,savings,1,split w/ roommate
T102638,12/13/23,cvs pharmacy,Travel,253.29,checking,no,
T102374,2023-07-21,Whole Foods Market,,68.51,checking,N,auto-pay
T102646,2024-04-19,Trader Joe's,Dining,33.47,checking,Y,
T100613,08/06/24,Costco Wholesale,Travel,42.82,credit,no,reimbursable
T101926,15-05-2023,,Shopping,84.09,credit,True,
T101322,18-04-2024,Delta Air Lines,Subscriptions ,$90.38,savings,1,split w/ roommate
T103551,2023-12-01,Whole Foods Market,Utilities,79.9,savings,N,auto-pay
T101161,07/29/23,Spotify,Subscriptions ,42.36 USD,credit,False,split w/ roommate
T102407,07-05-2023,Chipotle Mexican Grill,Shopping,50.09 USD,credit,no,auto-pay
T102291,12/19/2024,Shell Gas Station,Utilities,51.37,savings,0,reimbursable
T102098,11/08/23,Home Depot,travel,47.38,,yes,reimbursable
T101703,20-09-2023,AT&T Wireless,groceries ,44.89,credit,,split w/ roommate
T103257,08/02/2023,Chipotle Mexican Grill,Transport ,44.33 USD,checking,yes,
T104912,04/27/2024,TRADER JOE'S,Grocery,145.28,credit,Y,split w/ roommate
T100564,2024-07-07,Netflix,Travel,$96.03,checking,,
T103688,07/29/2023,Trader Joe's,utilities,26.35 USD,credit,N,
T104313,"May 06, 2023",,TRAVEL,49.27,credit,yes,  
T102280,2023-06-18,Starbucks,Dining ,146.10 USD,credit,yes,auto-pay
T101554,2023-01-03,Whole Foods Market,subscription,79.31,checking,0,
T104407,2024-03-28,Starbucks,Subscriptions ,121.11,credit,0,split w/ roommate
T104757,"August 14, 2024",Trader Joe's	,Shoping,71.4,checking,N,reimbursable
T100304,"March 21, 2023",Uber,Subscriptions ,41.49,,no,
T103833,10/25/23,Amazon.com,Dining,95.20,checking,0,auto-pay
T104569,03/23/24,Costco Wholesale,Groceries,70.90,credit,0,reimbursable
T102464,11/28/24,Whole Foods Market,Utilities,62.08,credit,no,  
T102559,2023-04-22,AT&T Wireless,groceries ,46.7,credit,True,
T101891,02/20/2023,Best Buy,Utility,$75.51,checking,0,split w/ roommate
T101172,10/06/2024,Spotify,Shopping,2232.0,savings,False,split w/ roommate
T101504,11/21/24,Best Buy,GROCERIES,29.8,credit,True,
T100325,06-04-2023,Uber,dining out,$164.27,savings,N,
T101051,03/03/2024,Chipotle Mexican Grill,DINING,79.20,savings,yes,reimbursable
T103043,08/13/23,Whole Foods Market,SUBSCRIPTIONS,61.36,checking,no,auto-pay
T103403,11/15/2023,Amazon.com,travel,61.69,savings,Y,
T104076,13-12-2024,Spotify,Transport ,131.91,credit,True,
T103225,09-06-2024,Trader Joe's,DINING,16.67,savings,True,reimbursable
T101583,16-05-2023,Amazon.com,shopping,172.35 USD,savings,no,split w/ roommate
T101196,"May 07, 2023",Whole Foods Market,groceries ,9167.00,checking,True,  
T100620,2023-02-15,Amazon.com,groceries ,$30.05,checking,0,  
T102133,,Chipotle Mexican Grill,travel,73.87,,True,
T102974,25-02-2023,Trader Joe's,Transport ,85.06 USD,savings,1,  
T101189,03/10/24,Delta Air Lines,Entertainment,39.96 USD,checking,False,reimbursable
T100328,"April 06, 2024",trader joe's,groceries,101.15,savings,1,auto-pay
T100648,2024-09-05,Trader Joe's,HEALTHCARE,32.60,savings,N,
T100897,02/04/2023,Shell Gas Station, Groceries,27.10 USD,checking,Y,  
T102659,04/15/2023,WHOLE FOODS MARKET,health care,74.6,credit,,  
T101123,"September 14, 2023",Best Buy,Travel,30.33 USD,credit,no,auto-pay
T102767,08/18/24,Spotify,travel,20.39,credit,N,
T104714,"February 06, 2024",Whole Foods Market,TRANSPORTATION,19.19,checking,,split w/ roommate
T102319,"November 01, 2023",Spotify	,ENTERTAINMENT,$169.54,credit,Y,reimbursable
T104112,12/05/24,Trader Joe's,Grocery,49.98,savings,True,  
T102031,02/23/24,Chipotle Mexican Grill,Entertainmnt,52.69,checking,Y,split w/ roommate
T103112,11-02-2024,Whole Foods Market,Travel,$37.78,checking,1,reimbursable
T104329,2023-01-27,Netflix,TRAVEL,176.78 USD,savings,yes,reimbursable
T102213,09/21/23,CVS Pharmacy,Travel,166.55 USD,credit,Y,
T101634,10-08-2024,Shell Gas Station,Transportation,180.15 USD,savings,no,  
T101595,10/20/2024,AT&T Wireless,Subscriptions ,55.29,savings,True,
T101023,01/01/24,AT&T Wireless,ENTERTAINMENT,125.08,checking,N,reimbursable
T104498,01/09/2024,Best Buy,travel,41.76 USD,checking,Y,split w/ roommate
T102462,12/15/23,Starbucks,dining out,19.58 USD,savings,Y,split w/ roommate
T103443,06/28/24,Shell Gas Station,Healthcare ,$87.94,checking,True,auto-pay
T102715,2024-04-10,Uber,Entertainment,27.41 USD,savings,False,reimbursable
T104747,01/14/24,AT&T Wireless,Travel,89.13,checking,1,
T100809,2023-12-08,AT&T Wireless,shopping,52.13 USD,savings,N,
T102943,18-07-2023,Trader Joe's,SUBSCRIPTIONS,151.36,checking,,reimbursable
T100978,10/06/23,Trader Joe's,travel,$175.01,checking,0,
T103942,06/08/2024,Uber,Transportation,$72.43,credit,no,  
T102867,25-06-2023,Delta Air Lines,groceries ,27.92,checking,,auto-pay
T102268,10/04/24,Home Depot,Shopping,23.07,credit,,  
T102700,04/21/23,Amazon.com,Healthcare,60.77,savings,N,
T101482,2023-05-04,Delta Air Lines,transport,41.91,checking,Y,  
T104384,2024-12-17,Target,,25.74 USD,credit,no,
T100214,"November 14, 2024",DELTA AIR LINES,dining out,56.67,credit,N,  
T101909,2024-07-14,Home Depot,transport,66.22,credit,N,
T101871,"December 06, 2023",Whole Foods Market,entertainment,75.99 USD,savings,0,  
T100174,02/25/24,Delta Air Lines,TRAVEL,125.45,checking,Y,
T103999,09/20/2024,CVS Pharmacy,,261.67 USD,credit,no,reimbursable
T104220,07/06/2023,SHELL GAS STATION,shopping,25.52 USD,checking,no,
T101566,09/16/23,Amazon.com,HEALTHCARE,$142.93,savings,no,  
T104530,01/01/24,Netflix,Dining,$62.43,credit,N,split w/ roommate
T100217,"February 21, 2024",CVS PHARMACY,SHOPPING,$25.22,checking,no,reimbursable
T104041,2023-07-07,Shell Gas Station,ENTERTAINMENT,,credit,N,split w/ roommate
T103841,01/22/24,Whole Foods Market	,ENTERTAINMENT,85.27 USD,savings,True,
T101444,05/30/23,Netflix,groceries ,60.92,credit,0,reimbursable
T100690,11/10/23,Chipotle Mexican Grill,TRAVEL,118.98,checking,,reimbursable
T102658,29-04-2023,Best Buy,dining out,97.52,credit,yes,
T102302,2023-07-27,Costco Wholesale,HEALTHCARE,139.67,savings,False,reimbursable
T102307,"May 03, 2023",Trader Joe's,Groceries,29.24 USD,credit,Y,auto-pay
T101106,"November 26, 2024",Costco Wholesale,Healthcare ,26.38 USD,credit,True,
T101615,15-05-2024,Netflix,Healthcare ,238.69 USD,,0,reimbursable
T102680,04/13/24,Costco Wholesale,Entertainment,133.39,checking,False,
T101617,11/01/2024,Delta Air Lines,subscription,53.78,credit,False,reimbursable
T100611,18-07-2024,Costco Wholesale,,277.85,checking,0,
T103289,"November 09, 2024",Home Depot,Utility,41.46,savings,yes,split w/ roommate
T103350,11/03/2023,target,Healthcare ,88.94 USD,checking,1,reimbursable
T103832,16-05-2024,Uber,travel,97.06,checking,no,
T100576,"November 09, 2023",Uber,Subscriptions,58.37,checking,yes,  
T104425,03/11/24,CVS Pharmacy,Shopping,18.10 USD,checking,True,auto-pay
T104504,03/26/23,Best Buy,Healthcare ,$30.28,checking,,  
T101180,"March 04, 2023",Starbucks,,$18.89,credit,yes,
T100888,10/07/24,CVS Pharmacy,groceries ,19.00 USD,credit,N,
T103235,10/05/23,Costco Wholesale,Grocery,61.75,checking,,split w/ roommate
T101833,"November 15, 2023",Amazon.com,utilities,$19.63,savings,,reimbursable
T104053,"September 10, 2024",Costco Wholesale,Healthcare,470.57 USD,checking,Y,reimbursable
T100817,11/05/23,Target,groceries,101.82,checking,Y,split w/ roommate
T103386,15-07-2023,Uber,Entertainment,132.20 USD,savings,,auto-pay
T104233,2023-01-13,Whole Foods Market,shopping,190.63,checking,0,
T100208,27-09-2024,DELTA AIR LINES,TRANSPORTATION,104.06,credit,,split w/ roommate
T100293,"December 11, 2024",Home Depot,travel,$171.98,savings,1,reimbursable
T101119,2024-12-24,Uber,Entertainment,70.61,checking,N,
T102282,09/19/23,Netflix,TRAVEL,$124.53,credit,yes,auto-pay
T101702,04/25/24,Costco Wholesale,Shopping,48.66,savings,no,
T101264,22-03-2024,Target,Utility,$52.44,savings,,
T100990,15-01-2024,Best Buy,Transport ,39.20 USD,credit,yes,
T103898,10/29/2024,Whole Foods Market,groceries ,122.19 USD,savings,,reimbursable
T104428,01/08/2023,Delta Air Lines,Subscriptions ,3.34,checking,True,auto-pay
T102399,24-01-2023,Starbucks,Healthcare,149.76 USD,credit,,
T100353,2024-07-05,CVS Pharmacy,Healthcare ,$19.28,savings,no,split w/ roommate
T101962,"June 17, 2023",Target,Dining ,34.78,savings,0,reimbursable
T101616,2023-07-11,Whole Foods Market,TRAVEL,104.44,checking,False,split w/ roommate
T104629,12/18/2024,UBER,shopping,104.86,credit,False,split w/ roommate
T101489,10/08/24,Home Depot,groceries,$26.57,credit,yes,  
T102634,2023-01-06,Uber,dining out,108.13,checking,N,reimbursable
T104078,18-06-2023,Netflix,TRANSPORTATION,$44.39,credit,N,split w/ roommate
T103861,10-05-2023,Trader Joe's,Travel,122.89 USD,savings,N,  
T101228,12/05/2024,Trader Joe's,TRAVEL,105.8,checking,no,
T100259,04/24/24,Amazon.com,Transport ,8785.0,credit,False,  
T101606,11/26/24,Starbucks,Entertainment,44.91,checking,1,split w/ roommate
T102576,06/30/24,Target,Healthcare ,144.57,savings,,
T104812,12-02-2023,Trader Joe's,Entertainment,94.25,checking,1,reimbursable
T101874,11/08/2024,Netflix,dining out,29.40 USD,checking,True,  
T102620,2024-04-15,Shell Gas Station,Utilities,14.32,credit,1,auto-pay
T100052,21-08-2023,CVS PHARMACY,shopping,115.40,savings,no,split w/ roommate
T103671,17-04-2024,Costco Wholesale,Subscriptions ,204.31 USD,savings,no,auto-pay
T103372,"June 28, 2023",Home Depot,Entertainment,85.97,checking,yes,auto-pay
T102276,08/09/23,TARGET,HEALTHCARE,52.57,checking,no,
T102480,03/29/2023,Chipotle Mexican Grill,utilities,34.43 USD,savings,yes,auto-pay
T102877,06/11/24,Trader Joe's	,,102.30 USD,credit,True,  
T102414,05/01/2023,Target,Shopping,286.13 USD,checking,1,
T101479,12-11-2024,Uber,transport,40.01,checking,Y,  
T101507,2023-11-09,Trader Joe's,Subscriptions,95.48,checking,N,reimbursable
T101033,20-03-2024,Best Buy,HEALTHCARE,,credit,0,
T101097,2023-12-17,Trader Joe's	,Transport ,24.86,checking,1,split w/ roommate
T101469,31-05-2024,UBER,shopping,141.03,checking,True,reimbursable
T100543,2023-07-07,Best Buy,groceries ,10.62 USD,savings,N,
T101046,08-12-2024,Delta Air Lines,HEALTHCARE,15.72,,True,
T103496,,Whole Foods Market,Transport ,169.67,credit,Y,split w/ roommate
T103970,06/18/2023,Costco Wholesale,SUBSCRIPTIONS,35.74,checking,N,  
T100030,"September 23, 2023",Chipotle Mexican Grill,TRAVEL,58.81,checking,N,
T100725,"January 02, 2024",Costco Wholesale,Dining ,$64.37,checking,0,
T102907,2024-05-12,Delta Air Lines,groceries ,42.53,credit,,  
T103616,"November 19, 2024",  Costco Wholesale  ,health care,32.06 USD,savings,,auto-pay
T104030,03/17/23,Shell Gas Station,health care,78.25,checking,True,auto-pay
T101426,12-09-2023,CVS Pharmacy	,Utility,177.16,checking,yes,
T102519,10/14/23,Costco Wholesale,health care,$95.00,checking,0,auto-pay
T102572,"May 05, 2024",Starbucks,groceries,34.72 USD,savings,0,  
T100436,,Amazon.com,GROCERIES,102.76,checking,Y,
T102882,2024-03-04,Target,TRANSPORTATION,167.64,credit,Y,  
T100912,05-09-2023,Best Buy,TRANSPORTATION,79.87,savings,no,auto-pay
T104286,06-04-2024,Amazon.com,Transportation,$110.22,credit,False,reimbursable
T104255,"October 20, 2024",Home Depot,health care,38.74,savings,yes,reimbursable
T104581,2023-08-05,Uber,Entertainment,$52.91,credit,no,
T104532,15-07-2024,COSTCO WHOLESALE,SUBSCRIPTIONS,14144.00,credit,Y,  
T102357,02/08/2024,Starbucks,Shopping,224.95,credit,1,  
T103899,02/03/24,AT&T Wireless,ENTERTAINMENT,86.35 USD,credit,,auto-pay
T101238,05/15/2023,Shell Gas Station,Utility,$203.18,checking,0,auto-pay
T100903,09/20/24,Spotify,ENTERTAINMENT,89.92,checking,yes,  
T101878,2023-04-08,Home Depot,TRAVEL,51.59,checking,N,
T104675,03-10-2023,Best Buy,Healthcare,122.75,checking,N,  
T101592,28-05-2024,Chipotle Mexican Grill,utilities,34.85,credit,,
T100507,06-07-2023,  Trader Joe's  ,groceries,151.39,savings,N,
T104512,05/15/2024,Costco Wholesale,Shoping,70.49,checking,Y,auto-pay
T100183,19-03-2023,Chipotle Mexican Grill,,31.32,savings,1,reimbursable
T103724,11/24/2024,  Amazon.com  ,Transportation,41.14,credit,no,
T101497,2024-10-05,Trader Joe's,utilities,9.19,savings,yes,  
T102059,01/12/2023,Best Buy,Utilities,$44.18,checking,True,auto-pay
T100321,"July 14, 2024",CVS Pharmacy,Healthcare ,$13.11,credit,True,
T101881,08-06-2023,Trader Joe's,ENTERTAINMENT,$66.52,savings,N,reimbursable
T102689,2024-08-03,AT&T Wireless, Groceries,$76.63,credit,no,split w/ roommate
T103100,01/27/2024,Costco Wholesale,SUBSCRIPTIONS,$66.27,,False,  
T102450,07/03/23,Spotify, Groceries,64.72 USD,savings,Y,split w/ roommate
T104393,07/25/2023,Delta Air Lines,transport,72.75 USD,savings,0,auto-pay
T102615,"April 23, 2024",Home Depot,entertainment,103.25 USD,checking,yes,
T103518,23-03-2023,Amazon.com,TRANSPORTATION,$20.13,savings,Y,split w/ roommate
T101551,26-04-2023,Costco Wholesale,entertainment,93.08,credit,Y,auto-pay
T104506,2024-12-03,Target,dining out,59.37,savings,no,split w/ roommate
T101146,2024-12-10,Home Depot,Shoping,115.39,checking,True,
T104091,22-09-2024,Best Buy,Dining ,92.07 USD,savings,Y,reimbursable
T100044,07-04-2023,Amazon.com,Utility,162.32,credit,yes,
T103353,2023-05-16,Spotify,SHOPPING,54.48 USD,checking,yes,reimbursable
T102607,04/18/24,Amazon.com,dining out,31.62,savings,,auto-pay
T101932,11/10/2024,Delta Air Lines,Utilities,39.23,credit,no,reimbursable
T101378,06/27/2023,Best Buy,SHOPPING,39.4,savings,,  
T101869,10/17/23,Amazon.com,TRAVEL,47.24,credit,N,auto-pay
T103114,04/14/2024,Starbucks,Transportation,45.16,savings,False,auto-pay
T100413,01/06/2024,Home Depot, Utilities,126.56 USD,credit,yes,  
T102224,02/29/2024,Uber,Entertainment,28.25 USD,credit,False,reimbursable
T101407,27-11-2024,Whole Foods Market,TRANSPORTATION,118.08 USD,credit,no,
T101756,2023-07-27,Spotify,Transport ,$97.15,credit,,
T100801,02-07-2024,Costco Wholesale, Utilities,47.75,credit,Y,  
T101288,2024-10-18,TRADER JOE'S,entertainment,27.63,checking,True,  
T101558,30-06-2024,starbucks,Dining ,39.28,checking,1,auto-pay
T103904,10-05-2023,SHELL GAS STATION,utilities,64.99 USD,credit,0,
T102630,2024-11-12,Shell Gas Station,Travel,49.72,savings,0,split w/ roommate
T103892,18-08-2023,Shell Gas Station,Travel,"7,893.00 USD",checking,no,split w/ roommate
T102388,"December 09, 2024",AT&T Wireless,Travel,156.72,checking,True,  
T100256,12/09/24,,dining out,202.90,savings,yes,reimbursable
T103313,07/10/2024,Best Buy,Subscriptions ,86.17 USD,checking,0,
T101788,,Amazon.com,Entertainment,77.78,savings,no,reimbursable
T101151,04/15/24,Home Depot,health care,88.46 USD,savings,,reimbursable
T103742,01/25/2023,Target,dining out,12.18,savings,True,reimbursable
T100647,2023-05-23,at&t wireless,entertainment,$27.75,checking,0,  
T103873,03-11-2024,Trader Joe's,subscription,154.36 USD,checking,N,auto-pay
T102370,03-02-2023,Netflix,groceries ,$97.57,credit,no,reimbursable
T104866,03/11/24,Best Buy,dining out,$15.07,savings,N,split w/ roommate
T103106,12/05/2024,Uber,Transport ,7.61 USD,credit,True,
T103689,11-09-2024,Amazon.com,SUBSCRIPTIONS,81.67,savings,1,  
T100856,05-07-2024,CVS Pharmacy,Entertainment,98.79,credit,N,reimbursable
T101315,"June 30, 2024",Delta Air Lines,TRANSPORTATION,6.34,checking,N,
T101088,09/03/24,Chipotle Mexican Grill,Entertainmnt,66.94,checking,0,
T102067,23-05-2024,  Spotify  ,SUBSCRIPTIONS,33.23,credit,1,
T103450,10/30/24,amazon.com,Travel,83.18 USD,,yes,
T104431,"August 24, 2024",Costco Wholesale,,139.28,credit,1,auto-pay
T101350,2023-01-19,CVS Pharmacy,Entertainmnt,32.11,credit,Y,reimbursable
T102575,26-09-2024,Target,transport,55.96 USD,savings,yes,reimbursable
T100112,10/05/24,Shell Gas Station,transport,99.73,savings,no,reimbursable
T103240,2023-08-21,CVS Pharmacy,DINING,19.48 USD,savings,yes,  
T100263,05-05-2024,Trader Joe's,SHOPPING,$6.08,checking,1,auto-pay
T101393,01-01-2024,Trader Joe's	,Travel,182.65 USD,credit,0,
T104141,"January 17, 2023",Uber,SUBSCRIPTIONS,80.45,credit,Y,
T101186,10/22/23,Netflix,utilities,138.85,credit,True,
T102422,09/17/2023,Target,utilities,33.58 USD,checking,1,
T100056,"October 11, 2024",CVS Pharmacy,dining out,$185.39,checking,Y,split w/ roommate
T101309,"May 01, 2023",,travel,$66.25,credit,,  
T100695,"December 07, 2024",Chipotle Mexican Grill, Utilities,88.33 USD,savings,0,reimbursable
T104267,2024-03-18,Spotify,TRAVEL,123.66 USD,savings,True,auto-pay
T104114,03/08/2024,AT&T Wireless, Groceries,$37.16,savings,yes,split w/ roommate
T102588,2024-07-03,Home Depot,Shopping,142.24 USD,checking,Y,reimbursable
T101892,2024-03-31,Costco Wholesale	,Utility,34.36 USD,credit,1,split w/ roommate
T101839,18-03-2023,Whole Foods Market,Healthcare,35.37,savings,no,auto-pay
T100319,2024-02-27,Shell Gas Station,HEALTHCARE,20.42,savings,N,  
T104092,09/08/2024,Uber,TRANSPORTATION,$46.69,checking,N,reimbursable
T101589,04/23/2024,Delta Air Lines,transport,$145.62,credit,N,split w/ roommate
T100682,20-11-2023,Amazon.com	,utilities,4.82,credit,True,reimbursable
T102677,03/15/2023,whole foods market,Travel,121.73,savings,False,  
T103322,08/18/2024,Best Buy,groceries,142.2,checking,False,reimbursable
T100479,04/11/2023,AT&T Wireless,Subscriptions,$24.45,checking,True,reimbursable
T103622,21-02-2023,Best Buy,HEALTHCARE,$182.51,checking,Y,
T103429,"June 15, 2023",Netflix,dining out,$251.85,credit,,  
T100286,"September 23, 2023",Starbucks,Subscriptions ,66.21,checking,no,
T103491,07/23/2024,Home Depot,Subscriptions ,$32.83,credit,,  
T103238,02/22/24,AT&T Wireless,utilities,5.35,credit,N,
T102486,2024-07-24,Target,Shoping,215.80,credit,N,
T102215,2023-07-05,Costco Wholesale,HEALTHCARE,$230.40,checking,False,
T104773,02/18/2024,Chipotle Mexican Grill,Healthcare ,$149.46,credit,yes,
T103614,09/24/2023,AT&T Wireless,Shoping,53.96,credit,False,split w/ roommate
T101598,09/30/2023,Spotify	,Healthcare,$41.62,checking,1,
T101697,01/05/2024,Costco Wholesale,Travel,92.82,credit,Y,
T103425,09/11/2023,  Chipotle Mexican Grill  ,Transportation,57.72,checking,0,auto-pay
T100736,15-05-2023,Netflix,health care,69.09,checking,Y,  
T104365,2024-06-04,CVS Pharmacy,Healthcare ,37.02,checking,1,
T100336,11/28/2023,Shell Gas Station,Dining ,73.53,savings,Y,
T104753,03/24/24,Target,Healthcare,$146.28,savings,0,  
T102859,03/28/2024,Whole Foods Market,entertainment,43.21,credit,yes,
T103933,"December 26, 2024",Spotify,,22.26,savings,Y,
T104470,27-07-2024,Amazon.com,Travel,$64.44,credit,False,reimbursable
T101071,04/27/23,Amazon.com,transport,$125.43,checking,,split w/ roommate
T104012,2024-04-21,Trader Joe's,Subscriptions,18.68,checking,True,auto-pay
T101770,29-09-2024,Home Depot,Entertainment,116.38,checking,,auto-pay
T102361,08-05-2023,Amazon.com,shopping,19.28,credit,no,  
T102299,2023-01-20,Best Buy,Transport ,21.49,credit,no,reimbursable
T104176,04/18/23,Best Buy	,Dining ,185.68,credit,1,split w/ roommate
T104052,20-04-2023,CVS Pharmacy,groceries,2125.00,savings,0,  
T103478,2024-12-21,Trader Joe's,Healthcare ,40.59 USD,checking,yes,reimbursable
T101488,"July 22, 2024",Target,Dining,49.53 USD,checking,N,reimbursable
T100498,2023-07-05,Amazon.com,Shoping,$19.25,savings,Y,
T104410,2024-04-06,Spotify,Dining ,105.23 USD,savings,yes,split w/ roommate
T102024,08/27/24,Uber,TRANSPORTATION,9.68 USD,savings,0,
T102985,01/28/2023,Uber,groceries,$55.60,checking,Y,reimbursable
T103576,"April 28, 2023",Best Buy,Transport ,71.18,checking,Y,split w/ roommate
T103017,05/28/2023,Home Depot,Subscriptions,73.45,checking,yes,reimbursable
T104556,01/02/24,Chipotle Mexican Grill,SHOPPING,$71.96,checking,no,  
T102195,05/23/24,CVS Pharmacy,travel,55.27 USD,savings,yes,reimbursable
T101610,2024-07-22,Uber,health care,35.51 USD,savings,yes,reimbursable
T102222,02/10/2024,Spotify,GROCERIES,$194.30,checking,no,reimbursable
T102348,06/13/23,Trader Joe's,shopping,63.75 USD,credit,1,reimbursable
T104235,2024-02-01,Shell Gas Station,travel,$24.88,savings,0,  
T101022,12/21/23,AT&T Wireless	,Shoping,32.52,savings,True,
T103176,2023-12-22,  Trader Joe's  ,Utilities,$52.68,savings,True,  
T104960,11/16/23,Trader Joe's,travel,$42.69,checking,1,reimbursable
T102078,05/31/24,Starbucks,SHOPPING,$17.35,checking,yes,
T103168,"February 18, 2023",,ENTERTAINMENT,37.17,,True,
T102095,04/15/2023,Best Buy,Shopping,57.76 USD,savings,N,
T100665,29-08-2023,spotify,Healthcare ,8.59,checking,0,  
T104059,31-07-2023,Starbucks,Entertainment,167.77,checking,no,  
T103375,02/06/2023,AT&T Wireless,transport,$30.19,credit,0,  
T103886,10/17/2024,Shell Gas Station,health care,112.38,credit,True,split w/ roommate
T104331,30-08-2024,,shopping,39.34,checking,0,split w/ roommate
T102232,"December 08, 2023",  Whole Foods Market  , Groceries,223.69 USD,checking,N,  
T101017,"January 19, 2024",Trader Joe's	,Dining ,$29.13,checking,N,
T100557,2024-08-05,Whole Foods Market,groceries ,$58.42,checking,True,
T102470,2024-04-30,Target,Utilities,15.19,savings,no,
T101207,2023-02-07,Costco Wholesale,travel,109.41 USD,savings,Y,split w/ roommate
T102088,"May 24, 2023",Uber,subscription,$94.88,checking,no,split w/ roommate
T103148,09/04/2023,Target,groceries,93.29,savings,,reimbursable
T104835,"August 22, 2024",Amazon.com,Transportation,$98.46,credit,False,
T101510,2023-09-07,Amazon.com,Entertainment,$47.07,credit,True,auto-pay
T104451,27-06-2024,Delta Air Lines,ENTERTAINMENT,$55.70,savings,False,auto-pay
T101684,06/29/23,Best Buy,Dining,104.65,checking,yes,  
T100245,26-02-2023,Home Depot,Transportation,$37.56,credit,1,reimbursable
T101163,"February 25, 2024",Costco Wholesale,Entertainment,$106.98,savings,no,
T102813,04-07-2023,Spotify,utilities,5223.0,checking,False,reimbursable
T104264,2023-11-07,Delta Air Lines	,ENTERTAINMENT,181.45 USD,credit,0,
T100266,2024-04-10,Shell Gas Station,dining out,152.75,savings,True,  
T102436,2024-08-10,Chipotle Mexican Grill,Travel,95.14,checking,no,split w/ roommate
T101114,2023-04-30,Amazon.com	,DINING,42.31 USD,savings,False,split w/ roommate
T100063,"May 14, 2023",Home Depot,,158.86 USD,savings,yes,auto-pay
T102181,"May 11, 2024",Home Depot,travel,126.35,savings,yes,
T102673,2023-11-13,Uber, Utilities,,credit,Y,
T103809,08/20/2023,Whole Foods Market,travel,122.19 USD,checking,no,  
T102845,"July 15, 2024",Costco Wholesale,health care,15.91 USD,credit,0,
T103113,13-09-2023,TARGET,Entertainment,118.62,checking,no,
T103182,2024-10-14,Target,dining out,152.71 USD,savings,,  
T102977,10/30/2024,Delta Air Lines,Dining,$20.38,credit,N,
T102906,08/06/2023,Trader Joe's,Shopping,181.13 USD,credit,yes,
T102328,2024-03-27,AT&T Wireless,Dining,$70.65,savings,1,auto-pay
T102275,05-06-2024,CVS Pharmacy,Dining ,9.90 USD,checking,yes,auto-pay
T101779,"March 26, 2023",Whole Foods Market,Dining,91.97,credit,1,split w/ roommate
T102312,29-10-2023,Home Depot,shopping,180.93 USD,savings,,split w/ roommate
T101237,07/06/23,Spotify,SHOPPING,132.66,savings,True,split w/ roommate
T100103,06/24/2023,target,travel,286.04 USD,savings,,  
T103103,14-02-2024,Netflix,groceries,$100.00,credit,1,reimbursable
T100272,10/30/2023,,GROCERIES,106.74,credit,True,auto-pay
T100508,01-07-2023,Chipotle Mexican Grill,Utilities,52.03 USD,credit,,
T102295,2024-04-09,Trader Joe's	,,$56.46,credit,False,split w/ roommate
T102829,09/28/23,CVS Pharmacy,Groceries,57.9,checking,True,split w/ roommate
T101751,12-06-2023,AT&T Wireless,subscription,9.71 USD,credit,Y,  
T100865,09-10-2023,Delta Air Lines,Dining ,44.92,,0,
T102505,04/22/24,CVS Pharmacy,utilities,29.30 USD,savings,,
T100908,04/28/2024,Whole Foods Market,Healthcare ,113.98,checking,,reimbursable
T102473,"April 22, 2023",Chipotle Mexican Grill,Subscriptions,$33.70,checking,yes,auto-pay
T104751,29-10-2023,Home Depot,SUBSCRIPTIONS,$28.66,credit,1,
T104023,02/05/2024,Home Depot,Transportation,28.93,credit,1,reimbursable
T101627,02/27/2023,Spotify,Healthcare,$16.01,checking,,
T102968,2024-10-24,Chipotle Mexican Grill,Utility,60.72,credit,no,
T101522,05/22/2024,Best Buy,Shopping,127.63,savings,True,reimbursable
T100835,2024-02-13,Uber,Dining,38.58 USD,credit,True,split w/ roommate
T100358,11/14/23,Shell Gas Station,Entertainmnt,$29.62,checking,no,  
T100138,05/10/23,Home Depot,TRANSPORTATION,$88.60,checking,,
T100299,10/10/2023,Whole Foods Market,subscription,$58.61,credit,False,
T101556,08/03/2024,AT&T Wireless,Dining ,249.83,checking,N,reimbursable
T101003,"December 17, 2024",Home Depot,Entertainmnt,86.70 USD,checking,N,auto-pay
T100382,08/26/23,Chipotle Mexican Grill,Subscriptions,25.45,credit,,  
T100941,"August 17, 2024",Target,SHOPPING,40.03,checking,0,auto-pay
T104988,01-01-2023,Spotify,ENTERTAINMENT,$7.73,credit,,
T103869,12/20/2024,Target	,Transport ,108.89,savings,yes,
T100761,06/04/2024,DELTA AIR LINES,dining out,39.07 USD,checking,0,
T104829,04/06/2024,AMAZON.COM,Subscriptions ,179.34,credit,Y,reimbursable
T102775,2024-01-14,Chipotle Mexican Grill,Healthcare ,63.81 USD,credit,1,
T102629,2024-02-28,Spotify,Healthcare,5045.0,checking,yes,
T104236,"May 30, 2023",Uber,dining out,36.19,savings,False,
T102264,11/02/23,Starbucks,entertainment,99.4,credit,N,
T100898,04/11/2024,Netflix,Transportation,15.45,savings,yes,
T104109,04/17/2023,Spotify,Groceries,$19.92,savings,,
T103537,17-11-2024,Home Depot,Subscriptions,2930.00,credit,yes,
T101402,"July 05, 2023",Best Buy,health care,26.48,credit,N,reimbursable
T103920,11/06/2023,AT&T Wireless,Shopping,167.27,savings,0,
T103907,09/03/23,SHELL GAS STATION,Utilities,"$5,425.00",credit,1,split w/ roommate
T104678,12/19/24,Trader Joe's,GROCERIES,93.45 USD,credit,1,reimbursable
T103055,05/20/2024,Whole Foods Market,Dining,5.42,checking,1,auto-pay
T101512,"June 01, 2024",Netflix,Dining ,$24.32,checking,,auto-pay
T101188,11/14/24,Chipotle Mexican Grill,Subscriptions ,150.31,checking,Y,
T103090,2023-09-08,Starbucks,Subscriptions ,$68.60,checking,0,auto-pay
T103655,02/27/23,SHELL GAS STATION,HEALTHCARE,56.75 USD,credit,,split w/ roommate
T104002,09/02/2024,Delta Air Lines,subscription,14986.00,,0,split w/ roommate
T103550,07/28/23,Amazon.com	,Dining,31.61,savings,,  
T102536,07/16/2024,Amazon.com,TRAVEL,53.58,savings,yes,
T100108,17-12-2023,Best Buy,Transportation,28.92,,False,
T103515,11-11-2023,AT&T Wireless,travel,$59.45,savings,Y,reimbursable
T102378,01/26/24,Delta Air Lines,SUBSCRIPTIONS,14.50 USD,checking,True,
T102135,2023-01-05,Uber,Shoping,61.1,savings,yes,
T100058,10/22/23,  Spotify  ,Groceries,126.94,credit,yes,  
T100076,"April 13, 2023",Uber,Utilities,121.42,credit,True,reimbursable
T100796,08/25/23,Trader Joe's,utilities,34.77 USD,savings,Y,reimbursable
T100368,05/13/24,Chipotle Mexican Grill,Transportation,107.20,checking,0,  
T104979,04-06-2023,Netflix, Utilities,$142.15,savings,0,
T100785,,amazon.com, Utilities,26.47,savings,Y,
T102269,"May 15, 2024",costco wholesale,shopping,114.42,savings,N,  
T102153,11/19/2024,Netflix,Dining,$77.21,savings,no,  
T104310,12-12-2023,CVS Pharmacy,Healthcare,138.23 USD,checking,False,
T103891,05-09-2024,Best Buy,Travel,$58.97,credit,N,  
T102173,06-09-2023,Starbucks	,utilities,$23.85,savings,Y,split w/ roommate
T103648,"February 25, 2023",Chipotle Mexican Grill,travel,103.00,savings,no,
T102015,12/13/23,Spotify,dining out,6.05,savings,0,  
T101803,05/12/2024,Best Buy,Subscriptions,14.82,checking,0,
T100121,04/10/24,  Whole Foods Market  ,groceries,19.98,credit,,split w/ roommate
T101954,"July 08, 2023",AT&T Wireless,Subscriptions,$19.83,credit,Y,
T102439,2024-04-22,Whole Foods Market,groceries ,95.65,checking,N,reimbursable
T104919,08/18/2023,Trader Joe's,TRAVEL,185.98 USD,checking,yes,reimbursable
T100910,,Home Depot,TRANSPORTATION,91.28,credit,no,auto-pay
T100124,24-06-2023,Chipotle Mexican Grill,travel,$98.49,savings,True,  
T102057,05/07/24,Starbucks,SUBSCRIPTIONS,156.26 USD,savings,Y,auto-pay
T101586,01/16/23,Home Depot,Dining ,,savings,yes,  
T101257,23-06-2024,Uber,Entertainmnt,45.79 USD,savings,Y,
T103554,"May 07, 2024",CVS Pharmacy,Utilities,67.76 USD,savings,yes,
T103595,03/12/2023,Delta Air Lines,,51.28,savings,False,split w/ roommate
T104749,12-07-2023,CVS Pharmacy,entertainment,48.20 USD,credit,False,
T101178,28-01-2024,Spotify,Dining,93.77 USD,checking,N,  
T102804,2023-08-07,Amazon.com,shopping,42.64,credit,N,split w/ roommate
T102458,,Trader Joe's,health care,102.04,credit,,
T104515,2024-03-23,CVS Pharmacy,Subscriptions,17.46,credit,N,  
T102405,2023-01-23,Netflix,Utility,,credit,no,split w/ roommate
T102168,2024-03-23,Trader Joe's,Travel,132.33 USD,checking,no,auto-pay
T100442,2024-03-05,Starbucks	,SHOPPING,27.15 USD,checking,0,auto-pay
T102016,25-07-2023,spotify,Healthcare,$136.33,savings,1,  
T103203,2023-08-07,Netflix,Travel,"2,029.00 USD",checking,0,  
T100925,2024-05-21,Spotify,Entertainment,35.49,credit,N,
T102402,02/28/2024,Costco Wholesale,Entertainment,$56.77,checking,False,
T102210,"November 03, 2024",CVS Pharmacy,Utility,21.69,credit,False,split w/ roommate
T102170,"February 18, 2024",WHOLE FOODS MARKET,SUBSCRIPTIONS,86.01,credit,Y,split w/ roommate
T101411,"October 02, 2024",Starbucks,Entertainmnt,215.20,savings,True,
T104915,2024-08-29,Uber,shopping,149.26,credit,Y,
T104918,04/04/2023,CVS Pharmacy,health care,32.06,savings,no,
T101509,2024-02-05,CVS Pharmacy,travel,139.34,savings,,
T101227,2024-07-15,Costco Wholesale,Grocery,$35.54,checking,Y,split w/ roommate
T104211,2024-05-31,Starbucks	,SHOPPING,257.77,savings,N,
T102952,21-03-2024,Starbucks	,Entertainment,58.65,checking,False,
T104527,03-07-2023,spotify,Dining ,58.27,credit,,  
T104552,2024-03-31,Amazon.com,Travel,179.25,savings,True,
T104122,10/22/24,  Netflix  ,DINING,"$5,393.00",checking,1,  
T100324,02/22/23,Chipotle Mexican Grill,Subscriptions ,$63.87,checking,no,
T103185,2024-08-04,AT&T Wireless,transport,12.58,savings,Y,  
T102164,04/02/2024,Amazon.com,SHOPPING,111.16 USD,credit,N,
T102036,2023-08-30,Delta Air Lines,shopping,$57.28,savings,True,reimbursable
T103016,26-12-2023,Trader Joe's,Subscriptions ,39.84 USD,checking,False,split w/ roommate
T103407,2023-03-03,Uber,travel,127.04 USD,savings,Y,reimbursable
T103139,06/25/23,Chipotle Mexican Grill,SUBSCRIPTIONS,$51.30,credit,yes,split w/ roommate
T101498,12/17/24,Home Depot	,Entertainmnt,70.83,credit,0,  
T101502,12/04/2024,  Amazon.com  ,,182.72,checking,N,auto-pay
T101006,10/30/2023,Netflix,groceries ,80.69 USD,,Y,
T102259,2024-11-09,Home Depot,DINING,$405.87,credit,no,auto-pay
T102801,2023-04-19,Uber,Healthcare,241.64,credit,,reimbursable
T103631,2023-09-03,Trader Joe's, Groceries,33.07 USD,credit,N,auto-pay
T101467,2024-10-23,Whole Foods Market,entertainment,50.67 USD,credit,yes,
T101225,05/15/2024,Target,Transport ,$248.63,checking,False,split w/ roommate
T102995,07/18/2023,AT&T Wireless,health care,187.86,savings,N,
T102233,30-07-2024,Whole Foods Market,dining out,169.27,credit,no,
T104219,11/11/2024,Trader Joe's,Transport ,101.93 USD,savings,0,reimbursable
T102535,"December 02, 2023",Best Buy,subscription,$110.97,checking,N,
T101216,"April 22, 2024",Amazon.com,Transportation,$28.18,savings,Y,reimbursable
T104099,09/06/23,STARBUCKS,transport,$45.04,savings,Y,
T103613,2023-04-16,Spotify,Subscriptions,22.88,credit,N,split w/ roommate
T100420,"August 24, 2024",Whole Foods Market,health care,$19.86,savings,yes,split w/ roommate
T103534,12/21/23,Best Buy, Groceries,135.01,checking,Y,split w/ roommate
T100006,2024-11-04,Spotify,Transport ,43.56 USD,savings,0,  
T100932,2024-01-01,Target,transport,113.91,savings,False,
T101691,09-12-2024,AT&T Wireless,Utilities,65.06,credit,True,
T100439,10/17/2024,Uber,SUBSCRIPTIONS,$35.34,credit,N,reimbursable
T101313,"April 18, 2024",Target,entertainment,74.50 USD,checking,Y,  
T100678,"November 14, 2023",Whole Foods Market,dining out,114.42 USD,credit,,
T102940,10/23/23,Home Depot,Utility,29.18,savings,Y,
T104680,31-05-2024,Home Depot,groceries,$113.39,credit,no,split w/ roommate
T103690,02/18/2023,Chipotle Mexican Grill,Healthcare,173.83,credit,no,reimbursable
T104442,"December 05, 2023",Delta Air Lines,Transport ,51.84,credit,0,
T102337,01/04/2023,Spotify,Utility,85.14,checking,Y,
T104704,01-06-2024,Best Buy	,Travel,16.03,credit,N,auto-pay
T102187,"June 17, 2023",Target,Transportation,29.3,credit,yes,
T104391,04/27/23,AT&T Wireless,Utilities,113.58,credit,0,split w/ roommate
T104883,15-07-2024,Amazon.com,dining out,80.73,savings,no,reimbursable
T101086,"November 12, 2024",CVS Pharmacy,Entertainment,46.86,savings,yes,reimbursable
T102005,2024-05-02,Target,Entertainment,,savings,0,
T104309,21-04-2024,Home Depot, Groceries,60.33,savings,no,
T103944,06/04/2024,Chipotle Mexican Grill,Groceries,125.77,credit,False,split w/ roommate
T102722,"October 15, 2023",Spotify,Dining ,90.05,credit,False,
T100194,08/19/2024,Spotify,Groceries,92.82 USD,checking,1,auto-pay
T101474,2024-06-19,CVS Pharmacy	,Entertainment,$90.87,checking,0,reimbursable
T103481,07/26/23,Costco Wholesale,SHOPPING,123.78 USD,savings,Y,auto-pay
T102447,13-06-2024,HOME DEPOT,SHOPPING,$111.96,,yes,
T101211,16-12-2023,Amazon.com,Transportation,91.91,credit,True,
T102509,12/13/24,Spotify	,Shoping,$10.68,,N,auto-pay
T101657,10/09/2024,Target,Utility,94.99,credit,False,split w/ roommate
T102784,10-03-2023,Costco Wholesale,TRANSPORTATION,215.32,credit,Y,split w/ roommate
T104855,2024-09-01,Netflix,Transport ,86.73 USD,credit,N,reimbursable
T102789,2024-12-06,Uber,travel,$98.79,credit,yes,
T102288,05-06-2024,Costco Wholesale,Subscriptions ,163.73 USD,,True,  
T102384,07/10/24,Trader Joe's,Healthcare,97.90 USD,savings,,reimbursable
T101961,01/05/24,Uber,Entertainmnt,165.35,checking,yes,
T101130,12/01/2024,Trader Joe's,Shoping,122.02,checking,1,split w/ roommate
T101461,"February 15, 2023",Spotify,Entertainmnt,$120.65,savings,1,auto-pay
T100276,"January 04, 2023",Best Buy,Dining,49.07,checking,True,auto-pay
T104976,2024-01-15,Whole Foods Market,Entertainmnt,26.05,credit,no,  
T102291,12/19/2024,Shell Gas Station,Utilities,51.37,savings,0,reimbursable
T104049,10/24/23,Amazon.com,shopping,$63.71,checking,1,reimbursable
T102366,"July 22, 2024",Spotify,SHOPPING,,checking,Y,
T101302,05/25/2023,Target,Subscriptions,27.15,savings,no,split w/ roommate
T102592,01/05/2023,Chipotle Mexican Grill,TRAVEL,162.58 USD,credit,1,split w/ roommate
T100222,24-04-2023,Best Buy,Utility,67.11,savings,False,
T104711,2024-05-12,Starbucks,dining out,109.92 USD,savings,0,auto-pay
T104279,09/28/2024,Spotify,Dining,86.8,checking,yes,split w/ roommate
T100573,"October 18, 2023",Netflix	,Travel,$60.84,checking,1,split w/ roommate
T101236,01/17/2023,CHIPOTLE MEXICAN GRILL,transport,$43.30,checking,no,auto-pay
T103660,05/18/24,  Amazon.com  ,TRAVEL,114.23,checking,,  
T103130,2024-08-15,home depot,TRANSPORTATION,64.69 USD,savings,1,
T104731,,Delta Air Lines,GROCERIES,$121.02,savings,1,  
T101334,09-06-2023,Home Depot,shopping,176.76,credit,True,
T104814,2023-04-14,AT&T Wireless,transport,62.01,savings,N,  
T102531,05/21/23,  Delta Air Lines  ,Dining,124.71,savings,yes,  
T100418,25-08-2024,Delta Air Lines,shopping,129.91 USD,savings,False,reimbursable
T100267,2023-04-04,Best Buy,SUBSCRIPTIONS,$37.53,savings,1,
T101104,11-09-2023,Uber,Transport ,63.97,credit,True,split w/ roommate
T100257,12/07/24,Trader Joe's,transport,46.14,checking,no,
T100295,07-08-2024,Amazon.com,Shoping,48.27,savings,1,split w/ roommate
T103129,03/08/2024,Whole Foods Market,Dining ,27.48,checking,0,split w/ roommate
T100386,08/10/23,Uber,Shopping,68.35,credit,N,reimbursable
T104166,01-04-2023,Amazon.com,Utilities,65.83,credit,,reimbursable
T103196,2024-12-07,at&t wireless,ENTERTAINMENT,97.04,checking,N,  
T104954,02/19/2023,BEST BUY,HEALTHCARE,80.03,savings,0,split w/ roommate
T102316,07/23/2024,Costco Wholesale,Entertainment,27.71 USD,savings,,  
T104401,2024-09-22,Amazon.com,Shoping,$163.30,credit,no,  
T103630,"April 20, 2023",Shell Gas Station,Entertainment,124.88 USD,savings,0,split w/ roommate
T103365,2024-01-17,Starbucks,Utility,127.16,,Y,auto-pay
T104450,2024-03-10,Shell Gas Station,HEALTHCARE,$52.09,credit,True,
T101563,"February 27, 2023",Starbucks,shopping,3.51 USD,checking,no,split w/ roommate
T102004,"February 06, 2023",Costco Wholesale,Subscriptions,$39.32,credit,True,split w/ roommate
T101400,07/25/24,Shell Gas Station,Travel,$49.00,savings,,auto-pay
T100712,"February 14, 2023",Delta Air Lines,utilities,17.49,savings,1,
T103822,"November 15, 2024",Delta Air Lines,Entertainment,248.5,checking,N,split w/ roommate
T103428,11/17/23,  Amazon.com  ,Healthcare,$84.91,credit,False,split w/ roommate
T100209,2024-06-25,Costco Wholesale,Utility,$5.57,savings,False,  
T104700,21-07-2023,Best Buy	, Groceries,7645.0,credit,Y,split w/ roommate
T101289,2023-01-08,Home Depot,shopping,$67.13,savings,no,  
T102810,04/12/23,  AT&T Wireless  ,Travel,12.88,credit,N,  
T101842,"February 03, 2024",Best Buy,GROCERIES,18.06,credit,yes,auto-pay
T100449,29-05-2024,AT&T Wireless,Transport ,38.45,checking,,split w/ roommate
T104155,05/02/24,Starbucks,Utility,34.99,savings,no,reimbursable
T102648,"July 13, 2023",Delta Air Lines,Transport ,40.58,credit,0,reimbursable
T101820,16-10-2023,Target,travel,38.23 USD,checking,N,  
T100958,"November 17, 2023",Target,Utility,143.66,credit,1,  
T101793,18-11-2023,Netflix, Utilities,93.54,credit,True,split w/ roommate
T102114,12/02/2023,Best Buy,DINING,39.07,checking,False,split w/ roommate
T100654,06/23/2023,AT&T Wireless,Entertainmnt,71.17,credit,N,auto-pay
T102478,2023-11-19,Netflix,SUBSCRIPTIONS,$98.37,checking,,reimbursable
T103977,"September 27, 2024",Starbucks,entertainment,31.63,credit,True,
T100331,03/15/24,Starbucks,Healthcare ,$139.82,checking,0,split w/ roommate
T101760,"June 08, 2023",Shell Gas Station,,$19.32,credit,Y,auto-pay
T104207,2023-06-21,TARGET,Entertainmnt,$74.05,,0,auto-pay
T102829,09/28/23,CVS Pharmacy,Groceries,57.9,checking,True,split w/ roommate
T102585,12-04-2023,Delta Air Lines,entertainment,$43.23,credit,N,
T100411,21-09-2024,Delta Air Lines,DINING,159.61,savings,N,auto-pay
T101774,18-04-2024,Target,Subscriptions ,69.56,savings,False,reimbursable
T104167,08/16/2024,Best Buy,travel,181.08,savings,True,
T102252,29-08-2023,Uber,Dining,$54.91,credit,N,
T104251,"May 27, 2024",Shell Gas Station,shopping,94.62,credit,False,auto-pay
T103501,"December 01, 2024",Delta Air Lines,entertainment,57.69,credit,Y,reimbursable
T104377,"April 18, 2024",Best Buy,HEALTHCARE,65.39,credit,0,reimbursable
T104847,12/21/2023,Trader Joe's,Healthcare ,50.75,savings,,auto-pay
T104928,12-01-2023,UBER,Shoping,139.56,savings,,auto-pay
T102309,12/14/23,AT&T Wireless,Utilities,$25.50,checking,yes,
T102750,23-02-2023,Target,Grocery,61.23 USD,savings,no,reimbursable
T103674,2024-11-15,Home Depot,TRAVEL,22.92,checking,0,auto-pay
T102092,01/10/24,Starbucks,Healthcare ,58.30 USD,checking,False,
T103479,01/13/2024,Spotify,shopping,65.04 USD,savings,1,
T102042,04/09/23,Best Buy,entertainment,55.97 USD,credit,N,split w/ roommate
T103686,2023-08-31,Spotify,,64.83,savings,Y,auto-pay
T100430,2023-12-08,Spotify,Shoping,77.15,credit,yes,auto-pay
T103259,01-01-2024,Trader Joe's,DINING,110.71 USD,credit,Y,reimbursable
T102104,2024-12-02,CVS Pharmacy,transport,70.78,checking,1,split w/ roommate
T101366,2024-01-16,Netflix,,61.61,credit,1,split w/ roommate
T100173,2024-04-02,Costco Wholesale,subscription,121.00,savings,Y,split w/ roommate
T102944,10/16/2024,Whole Foods Market,transport,45.03,credit,yes,
T101176,02/19/2024,Costco Wholesale,Transport ,17.48,credit,Y,
T103442,10/29/23,Chipotle Mexican Grill,shopping,$112.67,savings,0,split w/ roommate
T101476,03/17/2023,Trader Joe's,groceries ,93.37 USD,checking,N,split w/ roommate
T103260,12/16/2023,Uber,travel,69.62,checking,1,
T102111,01/26/24,  Whole Foods Market  ,health care,24.21,credit,True,
T100102,10/21/2024,Netflix,Utility,$15.43,checking,,split w/ roommate
T102029,2023-01-29,Best Buy,health care,76.95,credit,no,split w/ roommate
T103307,2023-08-30,Trader Joe's,Groceries,34.87,,N,split w/ roommate
T101952,11/06/23,netflix,Utilities,97.84,credit,0,split w/ roommate
T101263,2024-08-22,Best Buy,groceries,176.53,,N,
T104871,04/30/23,AT&T Wireless,SUBSCRIPTIONS,$36.26,checking,False,
T103245,09/22/2024,Shell Gas Station,Transportation,138.67 USD,savings,yes,reimbursable
T102441,20-09-2024,Shell Gas Station,groceries ,127.32,checking,0,reimbursable
T103166,2023-09-19,Netflix,HEALTHCARE,178.2,checking,True,split w/ roommate
T102827,11/02/23,CVS Pharmacy,Utility,61.85,credit,N,split w/ roommate
T103408,"May 15, 2023",AT&T Wireless,Healthcare,71.05,savings,True,
T103279,12/22/2024,CVS Pharmacy,dining out,$151.42,savings,1,
T104469,07-02-2024,Whole Foods Market,shopping,$120.64,savings,1,  
T101643,2023-04-18,Best Buy,SHOPPING,162.32,credit,True,split w/ roommate
T104574,17-06-2024,Chipotle Mexican Grill,TRANSPORTATION,64.77,checking,False,auto-pay
T100000,2023-03-07,Whole Foods Market,dining out,113.41,checking,yes,split w/ roommate
T101580,05/12/24,Costco Wholesale,transport,250.76,credit,yes,  
T104490,02/13/24,CVS Pharmacy,Transport ,28.25 USD,credit,1,  
T104179,"June 24, 2023",Chipotle Mexican Grill,Subscriptions ,50.14,credit,Y,reimbursable
T101356,"October 12, 2023",Shell Gas Station,shopping,14.98,savings,no,split w/ roommate
T103503,10/13/2023,Whole Foods Market,travel,$92.00,credit,N,  
T104549,04/08/2023,Spotify,Transportation,76.65,checking,False,
T102303,04/11/23,Home Depot,DINING,34.57 USD,,,  
T102846,05/08/2024,Starbucks,Shopping,54.27,checking,False,auto-pay
T102287,03/25/2023,Starbucks,Groceries,54.85,credit,yes,
T100396,"June 17, 2024",Spotify,Transport ,125.41 USD,credit,False,  
T103574,12/05/2023,Target,Shoping,69.89,credit,,
T101064,2024-08-23,Trader Joe's,Dining ,$84.89,credit,0,split w/ roommate
T104101,"January 03, 2024",Trader Joe's, Utilities,$132.43,checking,no,
T103988,14-09-2023,Starbucks,Subscriptions ,$59.22,savings,False,reimbursable
T104290,08/19/23,Best Buy,Dining ,92.76 USD,credit,True,reimbursable
T100818,12-01-2024,Shell Gas Station,Entertainment,65.76,savings,1,reimbursable
T101812,05-02-2023,Whole Foods Market,Entertainment,5.11,checking,0,
T102948,2024-03-11,CVS Pharmacy,TRANSPORTATION,$52.01,savings,1,
T101552,11/16/23,Shell Gas Station,Transport ,9.03,credit,False,  
T103227,02/22/23,Chipotle Mexican Grill,SHOPPING,46.74,credit,yes,auto-pay
T100816,"January 16, 2024",Costco Wholesale,Transportation,105.11,checking,,reimbursable
T101572,02/07/23,Shell Gas Station,Shopping,104.24,checking,False,
T103948,17-01-2023,,Shoping,79.38,savings,no,auto-pay
T101800,2024-08-23,CVS Pharmacy,Dining,58.74 USD,savings,1,
T104353,"October 29, 2023",Costco Wholesale,Grocery,123.76,credit,yes,
T100381,"June 24, 2024",SPOTIFY,TRAVEL,$170.37,credit,True,  
T103956,11/14/2024,Whole Foods Market,Subscriptions ,133.21,savings,Y,
T103946,2024-09-02,Spotify,ENTERTAINMENT,$16.78,checking,Y,  
T102364,"October 21, 2024",CHIPOTLE MEXICAN GRILL,Subscriptions ,59.86,checking,yes,auto-pay
T103618,12/10/24,Shell Gas Station,ENTERTAINMENT,216.22,checking,True,
T103164,19-08-2024,Costco Wholesale,,106.52 USD,savings,0,
T104390,16-02-2024,Spotify,Grocery,73.96,savings,Y,
T101780,30-01-2023,Home Depot,shopping,192.31,checking,1,  
T102812,03/24/2023,Amazon.com,,77.81 USD,credit,Y,auto-pay
T104494,2024-04-12,Amazon.com,HEALTHCARE,21.88 USD,credit,True,
T104140,29-04-2023,Starbucks,dining out,$85.58,savings,,auto-pay
T100864,07/05/24,Delta Air Lines,Healthcare ,142.76 USD,checking,no,split w/ roommate
T103123,02-04-2024,Delta Air Lines,Travel,51.56 USD,credit,1,  
T104004,"January 31, 2023",  Delta Air Lines  ,utilities,52.45,checking,False,
T100554,06/13/2023,Starbucks,Healthcare,45.53,checking,no,split w/ roommate
T101159,03/15/2023,Chipotle Mexican Grill,Healthcare,$45.52,checking,Y,
T101213,07-04-2023,Shell Gas Station,shopping,34.94 USD,checking,False,
T103916,2024-08-07,CVS Pharmacy,Subscriptions ,$68.67,credit,,
T103717,03-07-2023,CVS Pharmacy,Dining ,$31.72,savings,N,reimbursable
T100048,"July 02, 2023",AT&T Wireless,Groceries,58.61,savings,True,reimbursable
T102437,2024-01-06,Uber,Travel,153.92,credit,,
T100700,2024-12-15,Spotify,transport,$110.04,checking,no,reimbursable
T100652,"April 27, 2023",Whole Foods Market,Dining,,checking,False,  
T103264,07/02/2023,Home Depot,transport,41.11 USD,credit,yes,
T103173,2024-03-10,Target,Subscriptions,100.77,checking,False,auto-pay
T104789,2024-06-26,Delta Air Lines,DINING,117.56 USD,savings,True,
T100748,2023-09-28,Amazon.com,,21.6,checking,Y,auto-pay
T101455,2023-01-14,Uber,Utilities,59.60,credit,yes,split w/ roommate
T104259,"August 09, 2023",Best Buy,,$64.71,savings,True,reimbursable
T104435,28-12-2024,Whole Foods Market,dining out,27.61,credit,False,  
T102083,12-06-2024,Trader Joe's,Entertainmnt,158.59,savings,yes,
T100866,10/04/24,Whole Foods Market,Subscriptions ,$20.21,checking,1,
T101644,2023-11-28,Costco Wholesale,Healthcare ,61.12 USD,checking,Y,reimbursable
T102915,"March 28, 2024",Shell Gas Station,TRANSPORTATION,102.37,checking,yes,split w/ roommate
T102503,2023-09-15,Costco Wholesale,Healthcare,$74.71,savings,False,auto-pay
T101490,2023-04-02,Amazon.com,Utilities,$57.02,credit,no,  
T102342,"July 18, 2024",AT&T Wireless,utilities,$114.03,credit,Y,
T100729,"September 30, 2023",Shell Gas Station,Shopping,92.59,checking,Y,reimbursable
T102802,2024-04-14,Best Buy,Transportation,63.19,credit,,split w/ roommate
T103857,11/22/24,CVS Pharmacy,SHOPPING,1885.00,checking,False,  
T101936,2024-06-13,Chipotle Mexican Grill,Healthcare ,$57.69,credit,Y,  
T101110,26-11-2023,Uber,Entertainmnt,48.63,checking,,
T104130,2024-04-25,Amazon.com,groceries ,84.38 USD,checking,0,
T104540,01/13/24,Delta Air Lines,transport,$29.63,savings,True,reimbursable
T101185,"July 03, 2023",Whole Foods Market,health care,129.72,checking,1,  
T102007,19-05-2024,cvs pharmacy,,63.70,checking,0,
T100193,"December 09, 2024",,Dining ,85.56,savings,1,
T101515,2024-05-20,Chipotle Mexican Grill,DINING,92.4,savings,yes,
T100578,22-04-2023,AT&T Wireless, Groceries,58.97 USD,checking,,split w/ roommate
T101429,26-10-2024,Netflix,Transportation,73.46 USD,savings,,auto-pay
T104544,2024-04-15,Spotify,SHOPPING,$19.28,credit,N,auto-pay
T104259,"August 09, 2023",Best Buy,,$64.71,savings,True,reimbursable
T101846,07-12-2023,Netflix	,SUBSCRIPTIONS,30.98 USD,credit,0,  
T100131,25-01-2024,AT&T Wireless,Healthcare ,50.72,credit,no,
T100178,"April 04, 2023",Netflix,transport,$111.50,credit,False,auto-pay
T104535,2023-02-06,AT&T Wireless,Shoping,72.06,credit,0,
T103269,12/04/24,Delta Air Lines,Subscriptions ,150.92,credit,yes,auto-pay
T104197,02/01/2023,Best Buy,HEALTHCARE,$102.08,checking,0,reimbursable
T104957,05/09/2023,COSTCO WHOLESALE,shopping,150.55,savings,Y,split w/ roommate
T104334,04/11/23,  Whole Foods Market  ,Entertainment,58.84,checking,,split w/ roommate
T102073,25-12-2023,AT&T Wireless,,32.83,credit,no,split w/ roommate
T100658,11/15/23,Whole Foods Market	,Subscriptions ,23.13,credit,Y,split w/ roommate
T101896,"June 18, 2023",delta air lines,entertainment,114.07 USD,savings,1,
T103427,"May 19, 2023",at&t wireless,Shopping,59.44 USD,checking,no,
T103206,07/24/2024,Spotify,groceries ,$78.53,savings,False,
T100342,2024-07-01,Trader Joe's,Entertainment,$122.68,credit,,  
T103749,05/02/2023,CVS Pharmacy,Utilities,$49.04,savings,True,
T100727,05-09-2023,Uber	,groceries,$63.53,checking,yes,
T103905,02/06/24,Target,Shopping,141.41,savings,Y,
T100976,22-09-2024,Uber,travel,65.77 USD,savings,N,split w/ roommate
T102103,20-05-2024,costco wholesale,Travel,$227.10,credit,0,reimbursable
T103077,2024-08-10,CVS Pharmacy,health care,64.59 USD,savings,1,reimbursable
T101928,12/23/2024,Starbucks,Shoping,93.56 USD,savings,False,
T102694,05/14/23,  Trader Joe's  ,Healthcare,$218.56,credit,False,  
T104366,11/29/2023,AT&T Wireless,Healthcare,36.21,credit,N,
T101299,11-12-2023,target,health care,26.42,savings,Y,auto-pay
T103091,2023-02-20,Shell Gas Station,ENTERTAINMENT,$58.16,checking,False,
T104669,,Costco Wholesale,Entertainmnt,186.66,savings,Y,auto-pay
T100660,02/06/2024,AT&T Wireless,Travel,76.73 USD,checking,1,  
T101790,01/12/23,best buy,Entertainment,73.79,checking,no,
T102465,09/21/24,  Starbucks  ,shopping,$25.74,credit,Y,split w/ roommate
T102873,26-03-2024,Uber,utilities,128.06,checking,False,
T103076,02/07/23,Costco Wholesale,Healthcare,161.14 USD,credit,,split w/ roommate
T104328,09/29/2023,Amazon.com,dining out,7.54,credit,yes,
T103989,"September 07, 2023",shell gas station,groceries,166.78,savings,no,
T102787,2023-08-17,CVS Pharmacy,Entertainment,46.19,credit,0,reimbursable
T103714,02-06-2024,Home Depot,transport,72.80 USD,credit,1,split w/ roommate
T103299,03/08/2024,Netflix,Healthcare,$118.35,credit,True,  
T101278,13-07-2023,Spotify, Utilities,9.20 USD,checking,Y,reimbursable
T104758,"August 27, 2024",Spotify,entertainment,109.34,savings,no,
T101621,01/26/24,Uber,Transport ,319.50,checking,no,
T103116,02/08/24,Trader Joe's,SHOPPING,63.78,savings,0,  
T102922,05/17/2024,Netflix,Healthcare,30.37 USD,savings,1,auto-pay
T100067,2024-03-29,  Delta Air Lines  ,,13.98 USD,savings,1,auto-pay
T103731,06/08/23,Chipotle Mexican Grill,SHOPPING,$247.18,savings,Y,split w/ roommate
T102191,"March 30, 2023",Chipotle Mexican Grill,Entertainment,25.56,savings,Y,split w/ roommate
T103912,2023-05-26,Netflix,HEALTHCARE,$101.55,credit,1,
T100820,05/06/23,Starbucks,TRAVEL,41.49,savings,0,
T101226,"July 24, 2024",Home Depot,SHOPPING,63.63 USD,credit,0,auto-pay
T103838,11/16/24,WHOLE FOODS MARKET,GROCERIES,37.78,checking,False,split w/ roommate
T104461,07/31/23,CVS Pharmacy, Utilities,$37.24,checking,Y,auto-pay
T104507,2023-06-27,Whole Foods Market,,49.79,checking,1,auto-pay
T104526,08-10-2024,Costco Wholesale,Transportation,124.02 USD,checking,yes,split w/ roommate
T104335,10/25/24,Netflix, Utilities,86.22 USD,savings,True,  
T103460,"May 29, 2023",at&t wireless,Transport ,37.39,savings,,  
T101143,"April 14, 2024",CVS Pharmacy,utilities,127.78,savings,True,auto-pay
T100397,05/19/2023,Delta Air Lines,transport,$38.76,credit,N,auto-pay
T103002,"October 31, 2023",Home Depot,,$19.16,credit,yes,auto-pay
T104367,27-12-2024,Trader Joe's,SUBSCRIPTIONS,$82.15,checking,no,
T102847,"March 05, 2024",  Home Depot  ,ENTERTAINMENT,43.36 USD,checking,1,
T101398,09/25/24,Netflix,Healthcare,$26.35,savings,no,split w/ roommate
T101659,2024-09-05,Whole Foods Market,transport,60.41,checking,yes,
T100979,02/05/23,Target,subscription,54.77 USD,credit,no,
T101298,11/15/2023,chipotle mexican grill,Transportation,66.15,checking,0,
T104119,02/24/2023,Delta Air Lines,entertainment,$63.70,savings,yes,split w/ roommate
T100082,"September 22, 2024",Uber,Travel,$57.82,checking,1,
T104322,11/10/23,Chipotle Mexican Grill,Travel,50.25,savings,1,  
T103153,14-05-2024,Whole Foods Market,TRAVEL,103.16 USD,checking,0,auto-pay
T103860,03/16/24,Amazon.com,DINING,57.99 USD,credit,1,
T103903,05-12-2023,Chipotle Mexican Grill,Entertainment,$244.97,savings,0,
T103109,2023-05-02,AT&T Wireless,travel,59.43,credit,True,reimbursable
T100423,11/12/2024,Chipotle Mexican Grill,Transportation,77.26,checking,no,
T104405,28-06-2023,Netflix,Healthcare,194.33,checking,no,auto-pay
T101904,01/24/23,Amazon.com,Dining,$18.89,checking,False,  
T104607,02/28/2023,Netflix,Grocery,104.21 USD,savings,,  
T103463,2024-03-14,Best Buy, Groceries,76.66,checking,True,split w/ roommate
T103208,20-11-2024,AT&T Wireless,Healthcare,$171.98,credit,N,  
T101565,2023-09-19,Home Depot, Utilities,175.82,savings,0,auto-pay
T103466,02/28/2024,Chipotle Mexican Grill,subscription,19.17 USD,savings,1,reimbursable
T100839,2024-05-31,CVS Pharmacy,groceries,$59.40,checking,False,  
T100500,07/17/2024,Chipotle Mexican Grill,SUBSCRIPTIONS,46.70 USD,savings,1,reimbursable
T100141,22-08-2023,Best Buy,Subscriptions,$47.05,savings,N,auto-pay
T101377,09-11-2023,Shell Gas Station,SUBSCRIPTIONS,49.50 USD,savings,,
T104415,09/15/2024,Whole Foods Market,Shoping,122.85 USD,checking,no,split w/ roommate
T102209,"January 26, 2023",CVS Pharmacy,Healthcare,49.17,savings,1,reimbursable
T101138,"August 13, 2023",Netflix,Transportation,126.46,savings,Y,  
T102623,05/03/23,CVS Pharmacy,Groceries,33.31,credit,no,
T101787,05-04-2024,CVS Pharmacy,HEALTHCARE,$90.79,savings,,split w/ roommate
T104944,29-07-2023,Chipotle Mexican Grill,shopping,$110.26,checking,False,
T100550,23-04-2023,Whole Foods Market,shopping,$23.42,checking,Y,split w/ roommate
T104196,04/16/2023,Trader Joe's,Utilities,102.99,savings,yes,  
T102019,12/28/2024,Costco Wholesale,utilities,97.47 USD,checking,1,auto-pay
T100948,08/18/24,Shell Gas Station,Healthcare ,$160.79,credit,N,
T102329,2023-12-22,  Costco Wholesale  ,Entertainment,$64.69,credit,no,split w/ roommate
T100532,05-03-2023,Target,travel,163.79 USD,savings,,  
T101829,2024-10-17,starbucks,dining out,68.54,savings,yes,auto-pay
T103013,09/05/2024,DELTA AIR LINES,Shopping,27.66,credit,True,reimbursable
T104963,11/22/23,Spotify,Dining ,97.65,savings,yes,reimbursable
T103997,2024-05-04,AT&T Wireless,,43.9,savings,0,
T101602,06/04/2023,Home Depot,Travel,$35.44,checking,False,
T100639,24-02-2023,Whole Foods Market,utilities,119.80,savings,yes,
T104905,"December 16, 2023",CVS Pharmacy,Grocery,37.20,credit,1,reimbursable
T100967,08/28/24,Costco Wholesale,travel,$77.54,savings,yes,reimbursable
T104302,11-03-2024,CVS Pharmacy,Subscriptions,4113.00,savings,0,
T102707,22-03-2023,AT&T WIRELESS,Healthcare ,$54.73,checking,False,split w/ roommate
T101683,05-10-2024,Home Depot,Subscriptions,100.40 USD,checking,0,
T104539,2023-08-11,Trader Joe's,Utilities,66.82,savings,no,
T103552,2023-09-26,TRADER JOE'S,Entertainmnt,19.21,checking,Y,  
T100155,04/19/23,AT&T Wireless,Entertainmnt,92.23,credit,1,split w/ roommate
T102842,"October 13, 2024",Best Buy,Dining,294.16,savings,no,
T103831,"March 01, 2023",AT&T Wireless,Shoping,61.27,checking,N,
T101089,06/16/2023,Best Buy,DINING,$39.35,credit,1,reimbursable
T104088,05/20/2023,Starbucks,Dining ,61.73,checking,,auto-pay
T104305,2024-04-20,Target,health care,89.96,,no,split w/ roommate
T100288,12/11/2023,Chipotle Mexican Grill, Utilities,$130.44,savings,False,split w/ roommate
T100930,11/03/2023,Netflix,Subscriptions,52.55,,0,  
T104136,2024-04-14,Spotify,health care,51.24,savings,no,reimbursable
T102331,09-11-2023,  Delta Air Lines  ,Healthcare ,69.73 USD,checking,1,split w/ roommate
T103483,03/02/23,Costco Wholesale,Travel,54.48 USD,savings,0,reimbursable
T102438,28-12-2024,Costco Wholesale,Entertainmnt,$84.42,credit,Y,
T103400,08/24/23,Starbucks,Groceries,90.58,savings,True,
T100942,2024-10-30,Shell Gas Station,dining out,64.51,,False,
T103984,"September 23, 2023",Netflix	,Shoping,87.13,savings,no,  
T104733,2023-05-08,Target,Shoping,95.92,checking,1,split w/ roommate
T101698,2023-07-24,CVS Pharmacy,TRAVEL,126.34 USD,savings,no,
T104780,08/25/2023,Costco Wholesale,TRAVEL,24.7,,Y,
T103455,31-05-2023,CVS Pharmacy,Healthcare ,89.34 USD,checking,True,  
T102581,05/10/2024,  Trader Joe's  ,health care,50.96,checking,0,  
T102902,15-08-2023,Delta Air Lines,Shopping,$36.61,savings,Y,  
T100985,02/13/2023,Delta Air Lines,,38.64,,N,  
T102860,07/18/24,Starbucks,Transport ,69.32 USD,savings,N,  
T104525,2024-01-19,Trader Joe's,Healthcare,$90.87,credit,N,
T102687,05/08/23,Best Buy,dining out,42.24,savings,True,  
T104850,30-01-2023,Costco Wholesale,SHOPPING,,credit,True,reimbursable
T100981,11/12/23,Shell Gas Station,Shoping,26.7,checking,True,reimbursable
T102600,26-04-2024,AT&T Wireless,SHOPPING,$95.35,credit,yes,
T103038,03/24/23,UBER,shopping,27.51,checking,1,
T103268,2024-04-16,Target,Shopping,53.9,checking,True,
T103039,2023-07-27,Home Depot,health care,92.07,,yes,  
T103849,2024-05-06,cvs pharmacy,ENTERTAINMENT,119.71,credit,no,
T103968,2023-09-07,CVS Pharmacy,Utilities,49.22 USD,checking,Y,reimbursable
T101457,2024-08-26,target,TRAVEL,57.32 USD,credit,yes,reimbursable
T101395,2023-04-23,Delta Air Lines,HEALTHCARE,56.81,,N,
T100264,02/25/23,AT&T Wireless,Entertainmnt,22.98,savings,,
T104819,02/08/24,CVS Pharmacy,Travel,46.07,checking,no,  
T100929,2024-07-18,Delta Air Lines,Shoping,114.19 USD,checking,,auto-pay
T103165,"February 05, 2023",Trader Joe's,TRAVEL,69.46 USD,checking,0,reimbursable
T102178,03/04/2024,Target,dining out,63.46 USD,savings,1,reimbursable
T102776,2024-10-07,Whole Foods Market,,161.72,credit,N,split w/ roommate
T100246,"January 19, 2024",Chipotle Mexican Grill,ENTERTAINMENT,123.74,credit,False,
T103708,12/02/2023,CVS Pharmacy,TRANSPORTATION,123.61 USD,credit,True,reimbursable
T101758,08/08/2024,delta air lines,SHOPPING,1.23 USD,credit,no,  
T104938,08/14/24,Chipotle Mexican Grill,utilities,62.28 USD,savings,0,split w/ roommate
T104025,02/16/2023,Best Buy,Entertainment,$89.89,credit,False,auto-pay
T100923,2023-11-26,Netflix,dining out,$86.94,credit,yes,split w/ roommate
T104320,10/24/24,Costco Wholesale,dining out,$63.57,credit,1,  
T100268,06/17/2024,  Spotify  ,Travel,88.03,,Y,auto-pay
T100669,2023-09-29,Amazon.com,ENTERTAINMENT,40.87,savings,True,
T102881,01/22/2023,AT&T WIRELESS,Healthcare ,80.59 USD,checking,yes,  
T101910,2023-02-04,Best Buy,Utilities,47.48,savings,no,  
T104845,13-01-2024,Home Depot,DINING,58.65,credit,N,auto-pay
T101152,11/02/2023,Amazon.com,SUBSCRIPTIONS,$48.92,savings,0,split w/ roommate
T104890,"January 29, 2024",Netflix,Transport ,$47.62,credit,1,reimbursable
T103568,02/07/24,Shell Gas Station,shopping,13.9,checking,1,reimbursable
T104306,16-07-2024,Costco Wholesale,GROCERIES,95.72,checking,False,
T104003,10/09/23,Chipotle Mexican Grill,ENTERTAINMENT,$127.97,credit,no,
T102238,2024-10-03,Home Depot,Healthcare,,checking,0,
T103311,05/04/23,Home Depot,Utility,246.41 USD,savings,N,
T101915,04/29/23,Delta Air Lines,Travel,107.69 USD,checking,False,
T100612,2024-08-21,Spotify,DINING,41.48,checking,,reimbursable
T104813,2023-09-25,Starbucks, Utilities,79.93,checking,1,split w/ roommate
T104974,05/17/2024,Target,Utility,24.3,checking,,
T101898,07/03/24,  Whole Foods Market  ,Shoping,37.47 USD,credit,yes,reimbursable
T101649,05/27/2024,CVS Pharmacy,Shoping,106.14 USD,savings,yes,reimbursable
T102525,08/11/2024,Costco Wholesale,Utilities,151.00,checking,0,reimbursable
T100258,2024-01-20,CVS Pharmacy,SUBSCRIPTIONS,106.2,credit,,auto-pay
T100847,03/09/23,,SUBSCRIPTIONS,$85.60,savings,0,reimbursable
T104317,21-09-2024,Chipotle Mexican Grill,Grocery,75.59,checking,False,auto-pay
T101233,09/15/24,Trader Joe's,entertainment,238.67,checking,yes,reimbursable
T101127,2024-12-04,Whole Foods Market,HEALTHCARE,80.21,savings,N,reimbursable
T101967,06/12/2024,Whole Foods Market,Dining ,50.82,credit,1,auto-pay
T100558,"November 02, 2023",  Netflix  ,TRAVEL,$13.14,checking,no,split w/ roommate
T104032,,Home Depot,groceries ,27.34,credit,,auto-pay
T100484,05/19/2024,Uber,shopping,22.92 USD,credit,Y,
T102211,08/29/24,Shell Gas Station,Travel,112.16 USD,credit,0,reimbursable
T101320,02/25/23,Starbucks,Groceries,$341.00,checking,True,
T102423,2024-01-18,costco wholesale,Entertainment,$75.23,checking,no,reimbursable
T100007,08/03/2024,AMAZON.COM,Utility,$32.01,checking,no,
T103388,2023-04-15,Delta Air Lines,Subscriptions ,153.06,credit,Y,
T103870,07/16/2024,Spotify,SUBSCRIPTIONS,46.96,savings,,reimbursable
T101450,"June 14, 2024",Starbucks,Travel,$46.44,checking,no,  
T101201,2023-07-25,Delta Air Lines,utilities,$199.41,credit,0,
T101814,2023-06-05,Spotify,dining out,6.76,credit,yes,  
T100773,09/28/24,Target,subscription,$81.46,,N,reimbursable
T101011,09/18/2024,Delta Air Lines,Entertainment,$81.94,savings,N,auto-pay
T104439,04-02-2023,at&t wireless,groceries,62.32,credit,no,
T102521,04-05-2023,Spotify,Entertainment,$32.93,savings,False,auto-pay
T101991,07/08/2024,Spotify,transport,60.41 USD,checking,False,auto-pay
T101277,09/23/23,Shell Gas Station,Travel,42.24,checking,False,
T101783,04/24/2024,Uber,Travel,$118.31,checking,1,split w/ roommate
T103728,2023-06-25,Chipotle Mexican Grill,Subscriptions,78.01,checking,True,  
T100446,12/29/24,Netflix,Utilities,103.03,checking,Y,auto-pay
T100880,"July 20, 2023",Best Buy,Shoping,54.58,credit,1,reimbursable
T104528,09/03/2024,Delta Air Lines,Transportation,147.99,checking,1,
T100781,10/23/2023,Whole Foods Market	,Subscriptions,32.95,credit,yes,
T101749,07/24/2023,Costco Wholesale,Shopping,136.74 USD,credit,True,split w/ roommate
T103747,17-12-2023,Spotify,Transport ,34.45,savings,yes,
T104608,07/04/2024,Amazon.com,ENTERTAINMENT,17.80,checking,True,reimbursable
T104955,09/12/23,Netflix,GROCERIES,25.59,credit,False,auto-pay
T104387,"July 26, 2024",Starbucks,Entertainment,$117.39,credit,,split w/ roommate
T100883,05/11/2024,Amazon.com,DINING,$26.45,checking,1,reimbursable
T102445,"January 05, 2023",Best Buy, Groceries,$168.91,credit,False,
T101091,"September 28, 2024",Uber,Subscriptions ,37.81,checking,no,auto-pay
T103035,08/02/24,Home Depot	,Utility,143.25,checking,False,
T100531,22-05-2024,Delta Air Lines,Dining ,37.25 USD,credit,0,
T104121,06/10/2024,starbucks,HEALTHCARE,$141.61,credit,Y,
T103434,02-06-2024,Shell Gas Station,groceries,103.44 USD,credit,False,split w/ roommate
T104160,01/11/2024,Home Depot,Travel,46.07,credit,Y,auto-pay
T101727,08/03/2023,Delta Air Lines,travel,89.79,,,  
T100610,12-03-2023,Delta Air Lines, Utilities,45.52,savings,Y,
T100570,13-11-2023,Spotify	,health care,$38.98,checking,yes,split w/ roommate
T102755,2023-05-20,Target,SUBSCRIPTIONS,34.54 USD,savings,N,
T103131,05-11-2024,Target,shopping,93.09 USD,credit,,
T100343,01/29/24,Chipotle Mexican Grill,dining out,42.80,checking,0,auto-pay
T103102,05/12/2024,Chipotle Mexican Grill,Groceries,73.77,checking,no,
T103246,2023-09-20,UBER,subscription,$53.29,checking,no,  
T100434,09/15/23,Amazon.com,Subscriptions,36.86 USD,credit,0,auto-pay
T101903,2023-04-21,trader joe's,Shopping,190.50,,N,reimbursable
T103926,12-08-2024,Target,ENTERTAINMENT,21.50,checking,False,
T102456,2024-10-04,Spotify,dining out,$56.04,checking,N,auto-pay
T102069,09/11/2024,Shell Gas Station,travel,44.77 USD,checking,N,auto-pay
T101537,"September 04, 2024",Shell Gas Station,Groceries,65.94,checking,0,  
T102321,06/14/23,Target,Healthcare ,24.05,checking,1,auto-pay
T102416,04/30/2023,Netflix,Transport ,$27.64,savings,,split w/ roommate
T101517,"July 22, 2024",Chipotle Mexican Grill,subscription,105.16,savings,1,auto-pay
T100965,"August 02, 2024",Whole Foods Market,dining out,$76.35,checking,Y,auto-pay
T104472,11/25/24,Uber,Dining ,11.28,checking,Y,
T100528,2024-02-17,Spotify,groceries,$27.42,savings,no,auto-pay
T100176,2024-06-14,home depot,transport,$63.70,credit,,split w/ roommate
T103814,04/03/23,,TRAVEL,65.46 USD,checking,no,reimbursable
T104256,07/31/23,starbucks,subscription,$13.40,savings,,
T104448,06/14/2024,Delta Air Lines,TRAVEL,160.93,checking,True,reimbursable
T100572,08/14/23,Spotify,Shopping,14.56,savings,yes,
T102369,2024-07-31,Netflix,ENTERTAINMENT,54.63,credit,,  
T103623,"April 08, 2024",Costco Wholesale,Shoping,106.90,savings,yes,reimbursable
T102533,2024-01-23,  Chipotle Mexican Grill  ,Dining,$74.49,checking,False,auto-pay
T103320,"October 23, 2024",Netflix,Grocery,$73.39,checking,Y,  
T102663,07/24/2023,Amazon.com,Shopping,$131.20,savings,no,auto-pay
T102208,08/09/2023,Starbucks,Transportation,3251.00,credit,False,
T102644,"September 03, 2024",Whole Foods Market,health care,$40.74,checking,yes,reimbursable
T102843,08/26/24,AT&T Wireless,entertainment,50.20,savings,no,  
T100383,2023-06-11,netflix,shopping,33.85 USD,savings,Y,  
T100852,"August 07, 2023",Uber,TRANSPORTATION,98.66 USD,checking,False,reimbursable
T101880,07/14/2024,Uber,Subscriptions,169.41,savings,True,
T100370,2024-05-02,Trader Joe's,subscription,121.71,savings,True,auto-pay
T103384,07/24/2024,Shell Gas Station,Subscriptions ,71.98,credit,False,split w/ roommate
T104894,09/07/24,Best Buy	,Groceries,5.01,credit,,  
T101105,18-06-2023,Uber,Shopping,158.48,credit,,auto-pay
T102651,2023-01-03,Netflix,Subscriptions,$12.82,checking,no,
T104073,2023-04-03,Uber,Healthcare ,18.37,credit,,auto-pay
T101336,"July 17, 2024",Uber, Groceries,75.39,checking,,reimbursable
T102189,28-03-2023,Whole Foods Market,Travel,$49.78,,yes,auto-pay
T104663,02/19/2023,Home Depot,groceries ,115.41,savings,Y,
T102389,12/28/2023,AT&T Wireless,entertainment,24.94,savings,N,split w/ roommate
T103437,"August 31, 2024",Shell Gas Station,Shopping,$79.78,checking,no,
T103026,"March 17, 2023",AT&T Wireless,utilities,30.51,savings,False,auto-pay
T104921,"March 06, 2024",Shell Gas Station,,$94.93,savings,1,auto-pay
T101171,"February 08, 2024",Uber,Shopping,75.87 USD,savings,True,
T104712,08-11-2024,AT&T Wireless,TRANSPORTATION,$99.63,checking,N,  
T102778,2024-01-29,Spotify,Dining ,83.53,checking,,  
T101422,"September 05, 2024",Shell Gas Station,dining out,13.38,checking,True,
T103801,04-10-2024,Chipotle Mexican Grill,travel,19.65 USD,savings,True,auto-pay
T104770,12/21/24,Delta Air Lines,entertainment,107.06,savings,,reimbursable
T104897,09/20/23,Shell Gas Station,Healthcare ,$45.83,credit,Y,auto-pay
T101464,05/27/23,Uber,ENTERTAINMENT,$15.74,savings,0,  
T100874,04/17/24,Costco Wholesale,HEALTHCARE,$84.98,checking,yes,
T102297,02/28/2023,  Netflix  ,Shopping,98.43,credit,False,
T102394,18-12-2024,Chipotle Mexican Grill,HEALTHCARE,154.53 USD,credit,no,split w/ roommate
T104406,11/13/23,Whole Foods Market,Travel,30.51,checking,0,
T101251,2023-09-13,Target,shopping,107.58 USD,savings,0,reimbursable
T102418,2024-01-05,best buy,HEALTHCARE,$69.98,checking,N,  
T100840,2024-04-02,Best Buy,subscription,170.17 USD,checking,0,
T103361,,, Groceries,54.57,checking,N,  
T100581,2023-12-13,Netflix,Healthcare ,20.53,checking,,  
T100204,03/06/2024,Starbucks,Entertainment,118.89 USD,checking,False,
T101641,10/12/2023,Whole Foods Market,entertainment,71.95,savings,no,auto-pay
T102014,12/05/24,Starbucks,Healthcare,$33.01,checking,N,
T100905,2024-12-18,AMAZON.COM,Dining ,39.61,checking,False,auto-pay
T100631,01/28/23,CVS Pharmacy,Shoping,73.71 USD,checking,Y,reimbursable
T103199,09/22/2023,Spotify,TRAVEL,$29.49,savings,yes,
T101974,2024-03-01,Trader Joe's,ENTERTAINMENT,9.07,credit,Y,  
T100162,04/07/2023,Uber,Healthcare ,10.42,credit,,
T104011,02/23/2023,Best Buy,Entertainmnt,81.20,credit,0,split w/ roommate
T102957,"May 05, 2024",Whole Foods Market,travel,63.58,savings,,  
T104564,2024-12-25,AT&T Wireless,transport,$62.41,credit,no,
T100617,2023-01-18,Amazon.com,groceries,61.84,credit,,
T100875,11/28/24,Whole Foods Market	,Utility,65.20 USD,credit,,  
T101431,06/19/24,Spotify,Transportation,$97.22,checking,N,
T100547,2024-01-19,Whole Foods Market,travel,89.10 USD,checking,yes,  
T104409,2023-02-07,Amazon.com,travel,189.45,credit,0,reimbursable
T104615,"November 19, 2023",Starbucks,Utilities,37.29,checking,no,
T104287,15-11-2023,Amazon.com,Entertainmnt,135.62 USD,credit,N,reimbursable
T102457,"December 08, 2024",delta air lines,SUBSCRIPTIONS,33.61,credit,1,auto-pay
T102749,12/08/23,Shell Gas Station,TRANSPORTATION,75.99,checking,Y,reimbursable
T102552,"October 26, 2023",Shell Gas Station,Travel,16.54,credit,yes,auto-pay
T104383,2023-04-02,Costco Wholesale	,travel,82.31,savings,0,
T101861,04/09/2024,AT&T Wireless,Subscriptions,122.94 USD,savings,True,auto-pay
T100640,05/18/2023,Starbucks,ENTERTAINMENT,$29.88,credit,Y,auto-pay
T104437,2023-01-29,Chipotle Mexican Grill,Shoping,$60.15,checking,False,
T100637,12/17/24,Best Buy,Entertainmnt,$138.23,credit,no,  
T103632,12-04-2024,Whole Foods Market	,TRANSPORTATION,$95.17,savings,False,  
T104037,01/09/2024,Netflix,Utility,$66.94,checking,False,reimbursable
T104667,07/05/2023,Trader Joe's,transport,$41.33,savings,True,reimbursable
T102096,2023-05-18,Whole Foods Market,Groceries,74.35,credit,N,reimbursable
T102554,02/10/2024,Whole Foods Market,travel,$36.36,credit,N,  
T103995,"February 14, 2023",Chipotle Mexican Grill,Entertainmnt,21.84,savings,False,reimbursable
T103795,10/03/2024,Spotify,TRANSPORTATION,93.14,savings,1,reimbursable
T103184,04/30/2024,Trader Joe's, Utilities,97.43,credit,False,
T100921,05/19/2024,Chipotle Mexican Grill,Shoping,81.74,credit,N,split w/ roommate
T100546,03/21/2023,Amazon.com,travel,$49.51,savings,yes,reimbursable
T103787,04/10/23,Amazon.com,Dining,109.82,checking,yes,  
T101900,05/12/2023,Best Buy,ENTERTAINMENT,111.09 USD,credit,Y,split w/ roommate
T102028,02/15/2024,  Amazon.com  ,Transport ,57.18,savings,1,split w/ roommate
T102301,2023-01-23,Whole Foods Market,subscription,43.99,savings,,reimbursable
T101885,08/19/24,  Netflix  ,entertainment,19.43 USD,credit,N,
T101642,09/22/24,Target,travel,65.84 USD,credit,1,split w/ roommate
T103624,2023-02-14,CVS Pharmacy,TRANSPORTATION,23.41,credit,0,reimbursable
T104882,"October 23, 2023",Amazon.com,Utilities,134.44,credit,1,  
T102097,16-09-2024,Target,entertainment,$39.01,credit,N,reimbursable
T104423,11/04/2023,Costco Wholesale,GROCERIES,38.07 USD,savings,no,
T103679,2023-08-24,Home Depot,Healthcare,79.23 USD,savings,Y,  
T104563,10/21/2024,Uber,TRAVEL,79.9,credit,,
T100138,05/10/23,Home Depot,TRANSPORTATION,$88.60,checking,,
T100836,07/06/23,Starbucks,health care,62.21 USD,savings,N,reimbursable
T100601,04-01-2023,Shell Gas Station,Healthcare ,83.66 USD,,0,  
T102184,"November 15, 2023",Starbucks,Transportation,171.24,credit,no,split w/ roommate
T104846,11/25/24,Netflix,Healthcare,83.98,checking,1,  
T102819,2023-02-01,Home Depot,Shopping,69.55,,False,reimbursable
T104373,20-11-2024,AT&T WIRELESS,Dining ,$15.40,savings,no,
T101582,"July 05, 2024",AT&T Wireless,Shoping,$22.00,checking,N,reimbursable
T104332,02-08-2024,AT&T Wireless,Dining,$31.34,checking,,
T103710,"June 22, 2023",Trader Joe's,Travel,$41.16,credit,no,
T104521,2024-11-30,Uber,Entertainmnt,,savings,,auto-pay
T101070,04/01/2024,costco wholesale,Grocery,46.43,checking,1,reimbursable
T101775,07/15/2024,Home Depot,TRAVEL,69.05 USD,credit,,  
T104881,10/09/24,Netflix,Entertainmnt,77.88,savings,0,
T101283,"March 13, 2023",CVS Pharmacy,,130.91,savings,Y,split w/ roommate
T103154,04/25/2023,Spotify,groceries ,217.75 USD,savings,N,
T104826,03/30/2024,Target,Shoping,166.56,savings,no,
T101836,05/04/2024,Netflix	,Entertainmnt,126.2,checking,True,reimbursable
T104307,08-05-2024,Spotify	,Transport ,17.17 USD,savings,False,split w/ roommate
T101019,"February 26, 2023",,transport,60.62,credit,True,split w/ roommate
T103703,"June 28, 2023",Trader Joe's,dining out,121.73 USD,checking,yes,auto-pay
T101326,"December 29, 2023",Starbucks,Entertainmnt,145.66 USD,,yes,auto-pay
T100475,01/03/24,Trader Joe's,Subscriptions,$106.29,credit,0,
T104277,09/28/2024,Uber	, Groceries,178.47,credit,False,reimbursable
T101651,11/04/2024,AT&T Wireless,Entertainmnt,60.58,savings,0,  
T104717,05/28/2023,Trader Joe's,HEALTHCARE,38.31,savings,False,  
T104351,11/24/24,COSTCO WHOLESALE,Transportation,$48.36,,0,  
T102984,02/11/2024,Delta Air Lines,HEALTHCARE,193.61 USD,credit,False,  
T104311,01/18/2023,SPOTIFY,Groceries,24.65,credit,0,  
T102664,"May 24, 2023",Whole Foods Market,Groceries,$264.90,credit,True,
T101373,05/15/24,Netflix,Utilities,50.01 USD,checking,yes,
T100739,09/16/24,Netflix,ENTERTAINMENT,194.88,checking,0,  
T103737,04/25/2023,uber,Entertainment,29.71 USD,credit,True,auto-pay
T102512,09/02/23,Uber,Utility,36.94,,1,split w/ roommate
T100867,07-11-2023,Shell Gas Station,groceries ,48.62 USD,savings,0,
T101140,01-09-2023,Costco Wholesale	,transport,301.95,savings,0,reimbursable
T100997,09/26/23,Starbucks,SUBSCRIPTIONS,64.05,credit,1,reimbursable
T101337,03/13/2024,CVS Pharmacy,TRAVEL,82.51,savings,False,  
T100541,04/27/23,Starbucks,Shopping,65.64,checking,0,auto-pay
T101099,2024-07-13,Costco Wholesale,travel,54.18 USD,savings,1,  
T101132,2024-12-04,best buy,entertainment,88.75 USD,checking,False,
T104925,21-10-2024,BEST BUY,,"2,266.00 USD",checking,False,
T103694,06-06-2023,Whole Foods Market,entertainment,113.96 USD,checking,,split w/ roommate
T102258,"April 13, 2024",Target,groceries ,21.84,savings,Y,
T104200,"November 01, 2023",Spotify,GROCERIES,40.81,credit,1,
T100059,23-08-2023,Shell Gas Station,TRANSPORTATION,69.41,,0,
T102978,04/27/24,Trader Joe's,Utility,13.99 USD,credit,False,reimbursable
T101938,11-09-2024,Best Buy,DINING,$7.95,savings,N,split w/ roommate
T103994,2024-12-16,Best Buy,Utilities,59.11,checking,1,auto-pay
T100636,01/19/24,Spotify,Utilities,69.38,savings,1,  
T101078,04/27/2023,Target,Utility,8.4,credit,False,
T103014,02/14/23,,TRANSPORTATION,111.89,savings,False,reimbursable
T104914,04/05/2024,Uber,Dining ,148.42,credit,False,reimbursable
T104580,"April 06, 2023",CVS Pharmacy,Shoping,$25.76,checking,yes,auto-pay
T100940,11/01/2024,Target,Travel,$84.19,credit,0,auto-pay
T101080,01/10/2024,Chipotle Mexican Grill,Entertainment,97.72 USD,credit,1,auto-pay
T100187,08-04-2023,Home Depot,Shopping,28.28,checking,yes,  
T103875,,Target,ENTERTAINMENT,210.11,savings,1,
T102085,2023-05-04,Costco Wholesale,health care,76.13 USD,credit,yes,split w/ roommate
T102249,06/19/24,home depot,TRAVEL,32.21,savings,yes,
T102688,11/22/24,Uber,TRAVEL,99.23,credit,False,split w/ roommate
T104964,09/05/2023,Delta Air Lines,Utility,19.32,,,
T102023,14-07-2023,CVS Pharmacy,transport,$116.71,credit,no,  
T104379,03/13/2023,Spotify,Utility,63.76,savings,0,reimbursable
T101492,"June 17, 2024",Shell Gas Station,GROCERIES,6.14,checking,1,
T103725,"January 09, 2023",Chipotle Mexican Grill,Entertainment,201.76,checking,False,  
T100226,11/14/24,Uber,Healthcare,176.75,checking,False,reimbursable
T103413,2024-12-01,  Whole Foods Market  ,Dining,35.33 USD,credit,1,auto-pay
T101929,"October 30, 2023",best buy,Dining ,43.87,checking,N,
T103664,"November 03, 2024",,Entertainment,215.15 USD,savings,Y,split w/ roommate
T104558,12/29/2024,Whole Foods Market,GROCERIES,98.01,savings,yes,
T101404,06/04/2024,Whole Foods Market,health care,55.17 USD,credit,,
T102179,"July 15, 2024",Shell Gas Station,Utility,140.19 USD,checking,,
T100697,10/30/2024,Netflix,dining out,38.37 USD,savings,True,
T101124,05-04-2024,Spotify,GROCERIES,87.72 USD,checking,N,split w/ roommate
T102886,16-11-2023,AT&T Wireless,Dining,49.77,credit,True,
T103048,12/21/24,Best Buy,HEALTHCARE,41.40 USD,checking,N,  
T101778,"December 30, 2023",Best Buy,ENTERTAINMENT,103.94 USD,checking,,
T102951,19-04-2024,Starbucks,Grocery,20.36,checking,yes,
T101037,2023-10-16,Amazon.com,Dining,$117.35,credit,yes,
T104238,2024-07-22,Home Depot,Subscriptions,63.95,savings,yes,split w/ roommate
T102256,2023-10-22,,Entertainment,72.13 USD,credit,Y,
T100313,06/30/24,Best Buy,subscription,55.18,checking,N,  
T102281,2023-06-02,Target,Transportation,$13.23,checking,1,auto-pay
T101416,2023-02-28,Uber,Entertainmnt,,,Y,split w/ roommate
T101036,30-05-2023,Shell Gas Station,utilities,55.25,checking,1,  
T102159,2023-07-12,Netflix,GROCERIES,96.14 USD,,False,reimbursable
T104226,10/03/2024,Shell Gas Station,HEALTHCARE,82.22,savings,N,  
T101754,2024-12-07,Delta Air Lines,travel,105.17,checking,yes,  
T103914,10/20/24,Shell Gas Station,ENTERTAINMENT,93.31 USD,savings,N,
T102962,2024-08-11,Amazon.com,Shopping,248.62,credit,False,
T104069,19-02-2023,CVS Pharmacy,DINING,95.35 USD,credit,False,auto-pay
T103316,"April 06, 2024",Netflix,SHOPPING,$87.29,credit,yes,
T103456,10/29/2024,Amazon.com,Shoping,6.77 USD,checking,Y,reimbursable
T103543,2023-01-18,Home Depot,Utility,26.13,credit,False,
T101506,2023-01-13,Chipotle Mexican Grill,Subscriptions ,59.25,credit,Y,  
T101923,25-06-2023,  Home Depot  ,Shoping,109.26,credit,True,  
T100448,01/29/24,Chipotle Mexican Grill,Utility,207.12,checking,True,split w/ roommate
T102515,"September 29, 2024",Target,Transportation,37.89 USD,savings,no,  
T104046,12/19/24,Trader Joe's,Healthcare,101.30 USD,credit,False,auto-pay
T102584,30-01-2024,Home Depot,DINING,69.13,savings,True,reimbursable
T102643,"March 18, 2024",AT&T WIRELESS,Entertainment,$115.18,credit,N,
T100361,30-12-2024,SHELL GAS STATION,health care,71.72 USD,,0,  
T102183,2024-04-08,Shell Gas Station,GROCERIES,18.75,checking,1,
T101134,05-05-2024,AT&T Wireless,shopping,70.12,checking,,
T104006,"November 19, 2023",Target,DINING,67.82,checking,True,  
T102155,11-06-2024,Target,Entertainmnt,120.73,,Y,split w/ roommate
T101830,15-12-2023,Shell Gas Station,Transport ,205.48,checking,0,
T101053,2023-02-27,Trader Joe's,Dining ,169.45,credit,,
T102460,"August 02, 2024",Delta Air Lines,health care,$41.85,credit,0,reimbursable
T100022,"April 04, 2023",Amazon.com,subscription,91.71,checking,False,  
T102066,02/01/2024,Best Buy,transport,23.31,savings,0,auto-pay
T101653,2024-06-24,Netflix,TRAVEL,$26.69,credit,0,auto-pay
T102897,09/20/23,Best Buy,Healthcare,30.26,credit,1,reimbursable
T103319,"July 13, 2023",Costco Wholesale,Travel,147.04,checking,0,
T103612,09/25/24,Best Buy,GROCERIES,$25.70,savings,,reimbursable
T104750,02/21/23,Costco Wholesale,Subscriptions ,232.47,credit,0,reimbursable
T102468,2023-06-13,Spotify,utilities,20.10 USD,checking,N,
T102325,2023-11-01,Best Buy,Entertainment,17.88 USD,checking,1,reimbursable
T100460,28-06-2024,Home Depot,,$0.61,checking,N,auto-pay
T101067,25-05-2023,Chipotle Mexican Grill,GROCERIES,$98.06,checking,False,
T100087,11/24/2023,Costco Wholesale,DINING,$30.52,checking,N,auto-pay
T101430,19-11-2023,CVS Pharmacy,SHOPPING,$74.22,checking,1,auto-pay
T102949,2024-04-09,Home Depot,Shoping,49.62,credit,Y,  
T100282,03/25/23,costco wholesale,subscription,$85.59,credit,0,auto-pay
T102483,12/10/24,Chipotle Mexican Grill,GROCERIES,31.47 USD,savings,Y,reimbursable
T100462,13-08-2023,Chipotle Mexican Grill,Transport ,$87.22,checking,False,reimbursable
T100212,09/10/24,Starbucks,SHOPPING,130.66,credit,True,
T102574,23-03-2024,Amazon.com,SHOPPING,75.55,credit,N,reimbursable
T101368,"April 27, 2024",CVS Pharmacy,Groceries,175.35,checking,N,
T100234,"April 29, 2023",Whole Foods Market,shopping,$76.63,savings,True,auto-pay
T102858,01/22/23,UBER,Travel,27.82,checking,0,auto-pay
T100597,2023-08-31,Whole Foods Market,health care,$52.63,checking,Y,auto-pay
T104487,14-05-2023,Costco Wholesale,entertainment,180.75 USD,credit,no,reimbursable
T102250,29-03-2023,Trader Joe's,Utility,17.05,checking,False,reimbursable
T104129,09/25/2024,  Delta Air Lines  ,Transportation,61.64 USD,savings,yes,
T102283,09/02/23,Starbucks,Utilities,197.97,credit,yes,reimbursable
T100662,11/25/23,Netflix,Subscriptions,50.72,credit,no,split w/ roommate
T100794,"June 26, 2023",Chipotle Mexican Grill,Dining ,89.23 USD,savings,1,auto-pay
T102285,,best buy,entertainment,134.84 USD,savings,0,  
T104788,"January 31, 2023",Trader Joe's,Subscriptions ,51.27,credit,True,  
T104576,2023-12-05,Shell Gas Station,subscription,72.33,savings,no,  
T102939,05/19/2024,Starbucks,Shoping,$40.97,checking,True,auto-pay
T103544,"March 31, 2024",Uber,,9593.00,checking,0,split w/ roommate
T100779,2023-03-14,Delta Air Lines,travel,$58.29,checking,0,auto-pay
T104316,06/15/2023,cvs pharmacy,Healthcare ,68.94,checking,0,split w/ roommate
T103488,02/13/23,Spotify,entertainment,$23.63,credit,yes,
T104652,07/14/23,Costco Wholesale	,Utilities,104.16 USD,savings,Y,split w/ roommate
T103396,11/28/23,starbucks,Entertainmnt,$74.10,checking,N,  
T103305,12/23/24,AT&T Wireless,Entertainmnt,$128.64,checking,N,  
T104908,03/24/24,AT&T Wireless,travel,$31.39,savings,0,
T100685,04/12/2024,at&t wireless, Utilities,$104.44,savings,no,auto-pay
T103277,2023-02-16,,Healthcare,70.52,credit,True,reimbursable
T102835,2023-10-28,Target,Transportation,157.98,credit,0,auto-pay
T103954,11/14/2023,Delta Air Lines,HEALTHCARE,153.91,,yes,split w/ roommate
T102171,"July 18, 2024",Amazon.com,groceries,,savings,Y,auto-pay
T102751,10/09/24,Uber,dining out,103.57,credit,no,reimbursable
T101850,2023-01-01,Best Buy,travel,26.61,checking,0,reimbursable
T100487,"March 18, 2023",,shopping,3.88,savings,,split w/ roommate
T101688,25-11-2024,Spotify,Travel,55.99 USD,credit,True,
T102230,21-04-2023,Best Buy,transport,41.07,savings,True,
T104647,"July 10, 2023",Netflix,transport,156.63 USD,savings,False,  
T102320,27-03-2023,Netflix,dining out,$67.54,,False,
T100782,25-08-2023,Target,Dining,71.51 USD,credit,Y,
T100521,"February 13, 2023",Target,Healthcare ,105.47,,0,
T100522,02/01/24,Starbucks,Transport ,32.79 USD,savings,,
T102929,"March 24, 2023",Trader Joe's,shopping,13.13,checking,no,
T104080,01/12/2024,Netflix,Healthcare ,,checking,True,reimbursable
T102398,15-05-2023,Target,Healthcare,46.86,credit,yes,reimbursable
T102207,2023-06-04,Target,Groceries,56.69,checking,1,
T103592,"July 02, 2024",Shell Gas Station,Healthcare ,46.29,credit,False,
T103668,"January 18, 2024",Uber,subscription,192.33,credit,,  
T103858,04/28/24,Uber,Utilities,$126.37,credit,0,split w/ roommate
T103258,08-01-2024,CVS Pharmacy,Grocery,66.47,savings,True,
T101511,"December 28, 2023",Home Depot,,78.17 USD,credit,False,auto-pay
T101882,2023-12-04,spotify,ENTERTAINMENT,23.94 USD,credit,no,auto-pay
T100651,11/27/24,Uber,groceries,$94.63,credit,yes,  
T102876,"July 06, 2023",Target,groceries ,68.49,checking,0,split w/ roommate
T103638,05/30/2024,Chipotle Mexican Grill,groceries,51.08,savings,1,reimbursable
T100369,2023-09-06,Home Depot,Healthcare,114.80 USD,credit,True,
T102721,02/10/24,delta air lines,DINING,104.97,checking,Y,reimbursable
T100118,10/03/24,Delta Air Lines,Travel,87.25,credit,1,split w/ roommate
T103752,"July 13, 2023",Home Depot,,109.94,checking,,  
T103138,06/28/2024,Home Depot,Entertainment,24.17 USD,savings,N,  
T102216,12-09-2024,Delta Air Lines,Subscriptions ,17.05 USD,checking,True,
T103658,24-10-2023,Target,Subscriptions,145.03 USD,,,  
T101613,09/08/23,Starbucks,DINING,16.78,credit,True,  
T104764,2023-01-08,netflix,transport,27.37,savings,Y,
T100962,"April 01, 2023",Starbucks,Dining,80.57,checking,yes,reimbursable
T102510,2023-01-12,Best Buy	,transport,71.42,checking,,reimbursable
T103866,2024-11-14,Shell Gas Station,entertainment,88.65,checking,N,split w/ roommate
T103049,2024-08-05,Home Depot,Dining,31.55,credit,1,reimbursable
T103558,07/05/2023,,Subscriptions,$81.32,savings,,
T103135,"January 05, 2023",Uber,Dining ,88.52,savings,True,reimbursable
T102415,06/05/24,CHIPOTLE MEXICAN GRILL,Dining ,28.05,checking,N,reimbursable
T104725,19-01-2024,AT&T Wireless,Entertainmnt,121.52,checking,True,split w/ roommate
T104301,06/23/2024,Home Depot,entertainment,41.86,checking,,reimbursable
T102185,01/27/2023,Chipotle Mexican Grill,Shopping,214.03 USD,credit,True,split w/ roommate
T104214,2024-09-25,Target,Subscriptions,69.29,credit,True,auto-pay
T102567,08/08/2024,spotify,Utility,$45.55,,0,
T102037,"May 15, 2023",Amazon.com,Entertainmnt,32.33,credit,no,auto-pay
T104327,"September 23, 2023",,transport,$67.23,savings,yes,auto-pay
T100772,06/03/2024,Uber,TRAVEL,2.23 USD,,False,
T101284,10/25/24,Target,TRAVEL,82.19,checking,,split w/ roommate
T104673,06/19/2024,Shell Gas Station,Grocery,$48.58,checking,False,reimbursable
T104809,"February 16, 2023",Delta Air Lines,DINING,$10.70,checking,Y,auto-pay
T102587,10-11-2024,CVS Pharmacy,utilities,43.83 USD,checking,no,auto-pay
T104645,"January 05, 2023",Shell Gas Station, Groceries,39.63,checking,1,
T101414,03-09-2023,Netflix,Healthcare ,172.52 USD,savings,False,split w/ roommate
T101234,2024-12-01,Whole Foods Market,ENTERTAINMENT,24.44,savings,N,reimbursable
T104508,24-05-2023,Starbucks,dining out,21.78 USD,checking,False,split w/ roommate
T100435,"January 09, 2023",Chipotle Mexican Grill,shopping,$63.44,credit,N,
T101674,"February 01, 2024",,Healthcare ,35.26 USD,savings,yes,
T100365,06-12-2024,Uber,health care,$92.22,savings,True,reimbursable
T104972,02-11-2023,CVS Pharmacy,Subscriptions ,$106.51,savings,,split w/ roommate
T100231,02/01/23,Chipotle Mexican Grill,Transport ,$157.79,checking,1,
T104333,03/07/24,Home Depot,transport,83.90,credit,False,auto-pay
T100147,27-10-2023,Whole Foods Market,travel,26.58,savings,,auto-pay
T104722,15-04-2024,best buy,utilities,110.60,checking,N,
T100407,01/10/2024,Delta Air Lines,Grocery,206.99,credit,0,
T102090,21-11-2024,Target,health care,89.64 USD,,N,  
T100086,2023-11-22,Uber,utilities,$163.84,credit,N,  
T100844,11/07/24,Delta Air Lines, Groceries,55.68,credit,no,reimbursable
T101031,"September 01, 2023",BEST BUY,TRAVEL,27.91,savings,,  
T103998,"August 17, 2024",AT&T Wireless,groceries ,$50.38,credit,,
T104093,01/12/23,Chipotle Mexican Grill,Shoping,56.08,credit,,split w/ roommate
T102809,02/21/2024,Costco Wholesale,health care,61.15 USD,credit,0,auto-pay
T103338,2023-08-03,Whole Foods Market,Utility,241.61,checking,yes,
T102628,"April 29, 2024",Uber,Groceries,29.89 USD,savings,N,
T103143,2023-02-02,Starbucks,Entertainment,$20.51,credit,False,split w/ roommate
T100855,2023-07-25,Best Buy,Transport ,$150.66,credit,False,auto-pay
T100078,02/02/24,Whole Foods Market,Healthcare ,$13.44,checking,0,reimbursable
T102247,14-12-2024,Chipotle Mexican Grill,DINING,39.39,savings,True,split w/ roommate
T104639,"May 08, 2023",Costco Wholesale,Shoping,$21.89,credit,N,
T104832,16-01-2023,Best Buy,HEALTHCARE,108.14,checking,False,
T103008,"October 13, 2024",CVS Pharmacy,shopping,66.52,savings,Y,auto-pay
T103909,16-10-2023,Spotify,HEALTHCARE,123.48,checking,no,reimbursable
T102279,"December 13, 2024",delta air lines,Subscriptions,55.71,checking,N,  
T104019,07-11-2024,Uber,Subscriptions ,$38.59,savings,True,auto-pay
T104222,2023-01-31,Shell Gas Station,HEALTHCARE,95.05,savings,,reimbursable
T103996,03/16/2024,Best Buy,Dining,$58.84,savings,0,
T103540,08/22/24,Best Buy,Grocery,6.24 USD,credit,1,reimbursable
T102176,2023-03-25,Delta Air Lines,Travel,80.59,,,
T100424,2023-05-04,Uber, Utilities,115.95,checking,Y,split w/ roommate
T100392,03/13/2023,Starbucks,Healthcare ,$64.96,checking,no,
T102051,22-01-2024,Uber,Travel,$40.55,credit,True,
T103527,2023-01-15,Target,Healthcare ,16.99 USD,checking,Y,auto-pay
T100104,16-07-2024,Netflix,Utility,"5,246.00 USD",checking,0,auto-pay
T103095,05/26/23,Trader Joe's,travel,53.79,,N,  
T103058,02/05/24,AT&T Wireless,Subscriptions,63.03,savings,yes,  
T103243,"November 02, 2024",Chipotle Mexican Grill,Grocery,82.88 USD,,True,  
T102900,04/15/24,  Best Buy  ,Healthcare ,161.72,savings,,
T101948,12/28/2024,Target,Utility,83.88 USD,checking,True,reimbursable
T101459,28-11-2024,Netflix,Groceries,$42.91,checking,,reimbursable
T103366,14-10-2023,Home Depot,Shopping,25.82,checking,no,reimbursable
T102894,16-05-2024,Trader Joe's,Entertainmnt,51.67,credit,yes,reimbursable
T104959,"June 01, 2023",Delta Air Lines,travel,$13.05,checking,,  
T104862,2024-10-09,AT&T Wireless,groceries,$8.74,credit,1,split w/ roommate
T101587,2023-08-15,Uber,Utility,9382.0,credit,False,  
T103780,2024-07-17,Shell Gas Station,Utility,$70.40,checking,N,auto-pay
T101731,17-06-2024,AT&T Wireless,travel,83.62 USD,checking,yes,reimbursable
T104837,2024-03-23,Whole Foods Market,SHOPPING,103.09 USD,credit,True,
T103834,2023-01-17,AT&T Wireless, Utilities,$96.64,savings,True,  
T103802,20-02-2024,CVS Pharmacy,SUBSCRIPTIONS,$204.05,checking,yes,
T101791,04/27/24,uber,ENTERTAINMENT,26.20,checking,0,
T102355,11-06-2023,Trader Joe's,Travel,49.90 USD,checking,yes,split w/ roommate
T101940,2023-02-11,Costco Wholesale,Utilities,24.98 USD,savings,True,reimbursable
T100702,18-06-2024,AT&T Wireless,Shopping,17.09 USD,credit,N,reimbursable
T102442,"November 23, 2023",Netflix,SUBSCRIPTIONS,$23.21,credit,1,auto-pay
T102905,28-11-2023,costco wholesale,transport,122.28,checking,False,reimbursable
T100496,"December 30, 2023",Amazon.com,GROCERIES,47.94,checking,0,reimbursable
T100464,11/23/24,Shell Gas Station,Utility,126.97,checking,N,split w/ roommate
T102771,"November 04, 2024",AT&T Wireless,health care,58.48,checking,0,reimbursable
T104399,07/15/23,,Subscriptions ,21.56 USD,checking,yes,
T100172,2023-06-03,Amazon.com,travel,204.42,credit,,  
T103181,12/22/2023,Whole Foods Market,Healthcare,68.32,checking,True,reimbursable
T104869,2023-05-08,Amazon.com,HEALTHCARE,30.97,checking,,
T102540,04/14/2024,Costco Wholesale,Grocery,52.45,savings,,split w/ roommate
T103371,31-05-2024,Amazon.com,Entertainment,80.46,credit,0,  
T103050,06/25/2023,Whole Foods Market,Grocery,135.08,checking,,
T102260,08/01/2023,AT&T Wireless,SUBSCRIPTIONS,18.48,checking,yes,
T102112,2024-05-08,AT&T Wireless,HEALTHCARE,72.73,credit,,
T100900,2023-05-17,Costco Wholesale,Dining ,$17.40,savings,0,reimbursable
T101446,2024-07-02,CVS Pharmacy,Utility,97.05 USD,checking,1,
T103691,02-10-2024,Spotify,TRAVEL,$79.71,credit,True,auto-pay
T100741,06/10/2023,AT&T Wireless,Grocery,80.82,savings,False,  
T102293,04-04-2024,Best Buy,Utilities,71.00,checking,True,split w/ roommate
T102452,02/02/24,CVS PHARMACY,subscription,157.03,,N,
T102704,13-02-2024,Home Depot,Subscriptions,20.50,credit,0,split w/ roommate
T104149,11/28/24,AT&T Wireless,Travel,7.58,credit,N,
T101206,2023-03-21,Chipotle Mexican Grill,GROCERIES,$120.39,credit,True,reimbursable
T100509,12/01/23,Best Buy, Utilities,73.26 USD,credit,N,
T104217,2024-11-28,Starbucks,Transport ,105.27,checking,False,auto-pay
T102702,03/12/24,Starbucks, Utilities,$201.63,checking,no,auto-pay
T102893,26-04-2023,Amazon.com,HEALTHCARE,203.29 USD,checking,no,  
T103423,06/09/24,Whole Foods Market,Entertainmnt,$55.39,credit,,reimbursable
T101549,31-05-2024,Target,Healthcare,129.55 USD,credit,Y,
T104118,02/24/2023,Netflix,TRAVEL,121.12 USD,checking,1,
T102202,2024-02-12,AT&T Wireless,subscription,$49.77,savings,no,split w/ roommate
T102566,05/25/24,Home Depot	,Entertainmnt,54.61,,yes,  
T102763,02/21/23,Netflix,Entertainment,$37.31,savings,,
T102044,10/12/2023,Costco Wholesale, Groceries,$60.09,checking,,
T100767,05/01/23,Whole Foods Market,Healthcare,9.47 USD,credit,,
T104946,03/13/2024,, Utilities,154.70,savings,True,auto-pay
T103859,09/17/2023,Uber,Utilities,$148.23,credit,False,
T100421,16-12-2024,Starbucks,Dining,89.99,savings,0,reimbursable
T100123,"April 19, 2024",CVS Pharmacy,HEALTHCARE,$38.90,credit,N,auto-pay
T104225,05/13/24,Netflix,,29.23,savings,1,reimbursable
T102741,18-01-2024,Starbucks,dining out,$85.13,checking,,split w/ roommate
T100819,2023-04-15,SHELL GAS STATION,health care,65.06 USD,checking,1,  
T101403,05/03/2023,Netflix,DINING,40.50 USD,credit,1,reimbursable
T101382,04/02/2024,Spotify,Travel,48.48,credit,True,split w/ roommate
T102148,"June 11, 2023",Best Buy,GROCERIES,122.01,savings,N,
T101575,"December 08, 2024",Best Buy,Transport ,73.80 USD,savings,N,
T101638,08/23/2023,Netflix,Travel,63.66,savings,False,
T101795,04/14/2023,Starbucks,dining out,93.42,credit,,
T104888,03-10-2023,UBER,Subscriptions ,31.17,checking,,  
T100399,05/18/24,Uber,Healthcare ,52.05,checking,False,split w/ roommate
T102310,27-08-2024,Best Buy,transport,41.76,credit,yes,split w/ roommate
T100882,02/20/2024,Shell Gas Station,Dining,97.23,credit,False,
T104385,"May 25, 2023",Starbucks,Travel,$174.20,savings,N,
T104573,2023-12-05,Shell Gas Station,Transportation,59.73,savings,Y,
T101352,03/08/2023,Trader Joe's,TRANSPORTATION,1.82 USD,checking,,
T103839,08/17/2024,Delta Air Lines,Transport ,175.35,credit,no,
T104619,2023-12-02,Chipotle Mexican Grill,Entertainment,40.94 USD,savings,N,
T102130,2023-03-25,Home Depot,,136.59,savings,1,split w/ roommate
T100982,"May 27, 2024",CVS Pharmacy,GROCERIES,"$1,465.00",credit,0,reimbursable
T100456,"August 17, 2023",Shell Gas Station,Entertainmnt,3.81,checking,Y,auto-pay
T103706,"September 14, 2023",COSTCO WHOLESALE,shopping,13.22,,1,reimbursable
T101079,10/22/2023,Chipotle Mexican Grill,utilities,32.00,credit,no,
T101950,2024-07-03,costco wholesale,Healthcare,$217.37,credit,False,
T104650,05/30/24,cvs pharmacy,SUBSCRIPTIONS,66.57,savings,,  
T100689,08/02/2024,AT&T Wireless,health care,30.04 USD,savings,yes,
T102429,08/17/24,Target,travel,$17.41,checking,False,reimbursable
T100641,"September 10, 2023",Trader Joe's,Transport ,321.70,credit,no,
T102392,2023-05-30,Target,Transportation,27.59,credit,N,reimbursable
T101953,30-08-2023,Chipotle Mexican Grill,,$41.48,checking,,reimbursable
T102836,2024-06-11,Target,Healthcare,79.87,savings,1,
T103930,2024-01-22,Best Buy,Entertainment,$94.36,savings,False,auto-pay
T103548,2024-06-29,Home Depot,Grocery,70.31,checking,Y,
T102710,04/06/2023,Netflix,Dining,152.78,credit,1,
T103447,10/03/24,Chipotle Mexican Grill,TRANSPORTATION,34.73 USD,savings,False,
T104839,2024-06-05,Best Buy,Transport ,356.31,savings,Y,
T103027,08/21/2023,Whole Foods Market,SHOPPING,76.81,checking,yes,
T101884,08/19/2023,Costco Wholesale	, Utilities,39.17,checking,yes,
T104026,04/25/2023,Costco Wholesale,Dining ,$36.74,checking,yes,
T100389,"April 28, 2024",  Costco Wholesale  ,Transport ,135.00 USD,checking,N,
T102494,29-10-2023,Netflix,Groceries,149.7,savings,0,
T103426,12/13/23,  Home Depot  ,TRAVEL,167.60 USD,credit,yes,
T104933,06/28/23,Target,Utilities,$20.16,savings,0,
T100845,11/09/2024,Target,DINING,96.20 USD,savings,0,
T100542,25-01-2023,Chipotle Mexican Grill,SHOPPING,94.99,,1,
T100091,22-11-2023,Amazon.com,SUBSCRIPTIONS,$50.49,checking,True,
T104016,"March 12, 2024",AT&T Wireless,utilities,102.84,credit,0,auto-pay
T101979,29-04-2023,Chipotle Mexican Grill, Groceries,9.04,,N,auto-pay
T103553,20-10-2023,Home Depot,entertainment,42.01,credit,0,  
T104152,27-09-2024,Spotify,travel,106.01,credit,True,split w/ roommate
T102998,06/21/2023,AT&T Wireless,Healthcare,$16.30,checking,N,split w/ roommate
T102529,04/11/2024,Home Depot,ENTERTAINMENT,248.65 USD,credit,,  
T101676,05/17/2024,Home Depot,Healthcare,22.42 USD,checking,no,
T101048,01/31/24,Best Buy, Utilities,62.03,credit,,  
T101960,12-10-2024,CVS Pharmacy,health care,155.76 USD,,yes,auto-pay
T102530,18-09-2024,Spotify,transport,75.34,checking,False,
T104483,05-07-2023,Amazon.com,SUBSCRIPTIONS,$146.26,credit,Y,reimbursable
T100237,07/03/2023,Netflix,shopping,31.36 USD,checking,0,  
T103066,"July 10, 2024",Starbucks,travel,183.29 USD,checking,no,auto-pay
T103603,2024-02-23,,Shopping,57.11 USD,credit,no,auto-pay
T101133,"April 05, 2023",  Best Buy  ,utilities,$75.16,savings,Y,
T101805,2024-03-14,Costco Wholesale,GROCERIES,14.44 USD,checking,,reimbursable
T104349,2024-01-26,Spotify,Dining,59.63,savings,False,split w/ roommate
T100163,04/25/23,Uber,Healthcare,$68.70,credit,True,reimbursable
T103607,,Trader Joe's,Dining,42.28,checking,N,auto-pay
T104781,24-04-2024,Home Depot,Utility,3.58 USD,savings,0,split w/ roommate
T103454,12/13/2024,Amazon.com,Utility,102.38 USD,credit,Y,
T103566,06/06/2023,Whole Foods Market,TRANSPORTATION,134.09 USD,checking,N,
T103308,"October 12, 2023",Amazon.com,GROCERIES,36.08,checking,Y,auto-pay
T103755,2023-10-24,Home Depot	,,13.23 USD,savings,False,split w/ roommate
T104066,"December 08, 2023",Whole Foods Market	,TRANSPORTATION,67.04 USD,checking,1,  
T101811,"April 02, 2023",Amazon.com,Transportation,63.01,checking,N,auto-pay
T104703,"September 17, 2023",AT&T Wireless,Grocery,130.95 USD,checking,1,
T103256,08/04/2024,Costco Wholesale,Transportation,118.48,checking,yes,auto-pay
T101428,2024-12-15,Chipotle Mexican Grill,Entertainmnt,21.6,credit,0,reimbursable
T103732,12-07-2024,Uber,Entertainmnt,8.54,savings,N,
T102890,12/15/2024,AT&T Wireless, Utilities,41.88,savings,yes,split w/ roommate
T103575,"October 23, 2024",Whole Foods Market,Shoping,66.44,checking,yes,auto-pay
T104529,25-06-2023,Amazon.com,Utilities,$83.01,savings,N,
T104720,"March 16, 2023",Shell Gas Station,TRANSPORTATION,62.70 USD,savings,0,
T104978,2023-10-06,  Amazon.com  ,Subscriptions,$97.10,credit,N,  
T101452,"March 01, 2023",Target,transport,120.94,checking,True,auto-pay
T100593,11/11/2024,Chipotle Mexican Grill,,$38.62,savings,,reimbursable
T102725,2024-06-22,Costco Wholesale,DINING,34.98,checking,no,  
T100041,23-07-2023,Target,shopping,$6.95,credit,True,auto-pay
T100560,10/03/24,Uber,Healthcare,42.74,savings,N,reimbursable
T103803,2023-02-09,Costco Wholesale,ENTERTAINMENT,147.07 USD,credit,yes,split w/ roommate
T103145,09/25/24,Costco Wholesale,TRANSPORTATION,79.01,checking,0,  
T100243,13-12-2023,Starbucks,TRAVEL,$227.80,credit,0,  
T101339,01-12-2024,Shell Gas Station,Shoping,59.52 USD,checking,False,
T104831,24-06-2023,AT&T Wireless,Shoping,87.81,checking,False,
T103312,2023-04-16,HOME DEPOT,Transport ,41.06,credit,True,reimbursable
T103921,20-06-2023,Costco Wholesale,Entertainmnt,19.40,checking,0,auto-pay
T101442,02/06/2023,Shell Gas Station,subscription,$59.82,credit,Y,split w/ roommate
T100261,,CVS Pharmacy,entertainment,116.79,,True,  
T102924,02/18/2024,Shell Gas Station,Utilities,72.29,checking,True,  
T101689,2024-12-11,Trader Joe's, Utilities,262.86,checking,True,  
T101725,03/07/23,amazon.com, Groceries,51.54 USD,savings,0,split w/ roommate
T101203,06-11-2023,Best Buy,entertainment,$36.93,savings,yes,
T100834,27-06-2024,,Subscriptions,$39.91,checking,0,reimbursable
T101866,"June 30, 2023",Best Buy,Subscriptions,17.10 USD,credit,0,reimbursable
T102496,19-08-2024,Starbucks,groceries ,124.88,credit,1,  
T104889,26-05-2023,AMAZON.COM,TRAVEL,60.71 USD,savings,N,
T102010,04/22/2023,Home Depot,Dining,231.36,savings,N,split w/ roommate
T100340,03-08-2023,Delta Air Lines,DINING,53.20 USD,savings,False,
T103089,2024-07-21,Spotify,Dining,35.60 USD,credit,1,reimbursable
T101601,15-08-2023,Trader Joe's,,$66.45,savings,N,auto-pay
T102796,04/18/24,Whole Foods Market,Groceries,5.40,savings,True,auto-pay
T103105,06/24/23,Spotify,,$81.74,credit,Y,
T104765,09/07/24,Starbucks	,Subscriptions,,credit,True,
T100480,09/03/2024,Starbucks,Utility,$3.38,savings,0,  
T102916,2024-10-01,Chipotle Mexican Grill,shopping,76.32,checking,False,
T103650,06/30/2024,Amazon.com,Shopping,136.77,savings,N,
T104274,09/08/2024,DELTA AIR LINES,Transport ,27.60 USD,checking,False,split w/ roommate
T104693,11/29/2024,Whole Foods Market,Travel,91.74,checking,yes,
T104709,"October 29, 2024",whole foods market,TRANSPORTATION,,credit,1,
T103150,2023-05-06,AT&T Wireless,Shopping,82.12 USD,checking,yes,
T100799,2024-08-15,Chipotle Mexican Grill,GROCERIES,$109.96,credit,no,split w/ roommate
T101766,"February 23, 2023",AT&T Wireless,travel,40.78,savings,,  
T104542,"January 07, 2023",CVS Pharmacy,Utilities,$53.66,,,
T102453,30-08-2023,Shell Gas Station,TRANSPORTATION,34.21 USD,credit,,
T102972,24-09-2024,COSTCO WHOLESALE,Entertainmnt,12.12,credit,N,auto-pay
T103938,11/18/23,Chipotle Mexican Grill,Shoping,103.15 USD,credit,False,
T104116,2024-07-17,Chipotle Mexican Grill	,Subscriptions,,checking,no,auto-pay
T104748,2024-04-13,Costco Wholesale,ENTERTAINMENT,69.51,credit,,
T103800,12/03/23,Trader Joe's,Groceries,40.41,,N,  
T101271,2024-03-24,Delta Air Lines,travel,41.61 USD,savings,1,
T104838,10/03/24,Trader Joe's,entertainment,33.24,checking,False,
T104570,"November 07, 2024",Whole Foods Market,utilities,152.7,credit,yes,
T103200,04/24/2023,SHELL GAS STATION,shopping,9.41,credit,True,split w/ roommate
T104205,07/18/2023,CVS PHARMACY,Subscriptions ,46.19,credit,1,
T100347,2023-02-12,Whole Foods Market,health care,60.99,savings,no,
T104347,04-08-2023,Spotify,Dining ,154.12,credit,1,
T104694,2024-12-19,Shell Gas Station,subscription,39.65,checking,,auto-pay
T102562,17-11-2023,AT&T Wireless,ENTERTAINMENT,64.08,credit,True,auto-pay
T104917,06/23/2024,Best Buy,health care,$89.66,checking,1,auto-pay
T101423,12/27/24,,Transportation,39.99,credit,True,  
T100656,03/03/23,chipotle mexican grill,transport,16.27 USD,credit,Y,  
T102102,"May 25, 2024",Best Buy,Healthcare ,27.89,checking,Y,  
T100632,01/20/2023,Trader Joe's	,DINING,$189.78,checking,0,
T102988,02/02/2023,Netflix, Utilities,$20.48,credit,True,reimbursable
T102493,04/19/23,Uber,Healthcare,32.56,checking,no,split w/ roommate
T102665,"May 08, 2024",Netflix,DINING,35.46 USD,savings,Y,
T104489,2023-08-23,Trader Joe's,Grocery,99.13,savings,False,  
T103783,2024-08-24,Best Buy,transport,98.15 USD,savings,True,
T103593,"January 10, 2023",Whole Foods Market,Utility,,checking,no,
T100102,10/21/2024,Netflix,Utility,$15.43,checking,,split w/ roommate
T104288,10/27/23,Starbucks,shopping,$92.78,savings,N,
T102500,2024-05-26,Delta Air Lines,utilities,17.69,checking,N,auto-pay
T101465,11/29/2023,Chipotle Mexican Grill,Entertainmnt,106.23,savings,1,reimbursable
T102925,04-12-2023,CVS Pharmacy,ENTERTAINMENT,$6.67,checking,Y,  
T100115,2024-04-04,Trader Joe's,DINING,124.79 USD,savings,False,
T101821,02/02/2024,Best Buy,ENTERTAINMENT,1.77,savings,0,reimbursable
T101494,21-10-2024,Uber,Transport ,4552.00,credit,,
T102401,11/04/2023,AT&T Wireless,travel,11.89,credit,yes,
T101232,10/29/2024,Delta Air Lines,entertainment,$82.79,credit,yes,reimbursable
T102661,2023-04-10,Target,Transportation,140.70,credit,no,split w/ roommate
T102817,25-05-2024,Delta Air Lines,subscription,1874.00,savings,1,auto-pay
T104621,"October 25, 2024",DELTA AIR LINES,utilities,64.13,checking,1,reimbursable
T104800,01/16/2024,Home Depot,Healthcare ,$30.40,checking,yes,split w/ roommate
T101153,12/16/2023,Whole Foods Market, Groceries,165.49 USD,savings,1,auto-pay
T103972,07/13/2023,Best Buy,HEALTHCARE,$118.05,savings,Y,split w/ roommate
T100057,01/06/2023,Spotify,SHOPPING,24.14,checking,1,reimbursable
T104154,2023-01-31,Netflix,Healthcare ,151.99,savings,1,reimbursable
T104354,29-08-2024,Trader Joe's,transport,74.70,savings,True,split w/ roommate
T101164,"November 17, 2023",Shell Gas Station,Entertainmnt,$101.57,checking,True,
T101735,"April 22, 2023",Uber,travel,44.30 USD,checking,N,
T102823,"May 29, 2023",Delta Air Lines,groceries ,131.98,savings,N,auto-pay
T102196,10-10-2024,Uber,SHOPPING,15.68 USD,credit,yes,  
T103669,08/13/2024,Trader Joe's,Dining ,73.59 USD,savings,1,  
T102475,12/18/2023,Whole Foods Market, Utilities,60.51,credit,False,split w/ roommate
T102564,,AT&T Wireless	,,177.76,savings,N,reimbursable
T104402,06/01/23,Uber,Subscriptions ,52.98,savings,,
T104686,2023-06-26,Costco Wholesale,SHOPPING,$74.82,savings,Y,
T102608,01/20/2023,Starbucks,SHOPPING,182.88,savings,no,  
T103973,2023-01-17,Spotify,travel,"3,822.00 USD",credit,N,  
T100707,27-07-2024,AT&T Wireless,HEALTHCARE,112.13,credit,0,split w/ roommate
T104346,02/14/2024,Shell Gas Station,utilities,359.37,credit,1,split w/ roommate
T101093,"November 20, 2023",Chipotle Mexican Grill,TRANSPORTATION,$16.88,checking,False,reimbursable
T103678,01/09/2024,Home Depot,groceries,12563.00,credit,,
T101376,09/02/24,Delta Air Lines,shopping,183.71,credit,Y,auto-pay
T104987,,Amazon.com,travel,$213.24,credit,,  
T100072,12/23/2023,Costco Wholesale,SUBSCRIPTIONS,41.32 USD,credit,,
T101922,01-01-2024,Trader Joe's,Dining ,111.84,credit,0,auto-pay
T104148,"April 25, 2023",Chipotle Mexican Grill,Healthcare ,82.22,savings,,  
T101764,"June 29, 2024",Whole Foods Market,DINING,56.12,credit,no,
T100743,"May 29, 2023",AT&T Wireless,subscription,89.68,checking,,auto-pay
T103754,15-12-2024,Target,Healthcare ,174.61,savings,yes,reimbursable
T101005,2023-10-18,CHIPOTLE MEXICAN GRILL,Transportation,6.13,credit,True,
T102668,03/19/2024,Amazon.com,Dining,74.43,credit,no,split w/ roommate
T101190,12/17/24,AT&T Wireless,HEALTHCARE,234.58,savings,no,  
T103298,07/03/2024,  AT&T Wireless  ,utilities,2.30 USD,checking,True,auto-pay
T102601,05/06/2023,Shell Gas Station,shopping,75.37 USD,savings,N,  
T101125,"July 29, 2023",Chipotle Mexican Grill,TRAVEL,200.16,savings,,reimbursable
T101241,"May 15, 2023",,Entertainmnt,$44.70,,0,  
T102942,"February 28, 2024",  Best Buy  ,transport,$93.00,checking,False,split w/ roommate
T104193,11/29/23,Chipotle Mexican Grill,Healthcare ,$111.41,savings,yes,split w/ roommate
T103555,2023-02-09,Shell Gas Station	,groceries,121.42,credit,0,
T100998,09-06-2023,Netflix,SUBSCRIPTIONS,$76.81,,Y,auto-pay
T104653,2024-01-02,, Utilities,$93.85,savings,1,  
T102684,11/27/2024,Shell Gas Station,,45.51 USD,savings,Y,
T101577,"May 31, 2024",Trader Joe's,Entertainment,$152.42,checking,0,  
T104863,31-01-2024,AT&T Wireless,SHOPPING,93.9,savings,True,
T101826,"October 22, 2024",Best Buy,Utility,47.88,savings,0,  
T104633,12/20/24,Chipotle Mexican Grill,ENTERTAINMENT,53.82 USD,credit,,  
T102397,"March 24, 2024",STARBUCKS,Groceries,116.81,savings,False,  
T103651,11/13/23,Uber,dining out,$118.58,credit,0,reimbursable
T100440,"May 13, 2024",Trader Joe's,groceries,21.51,checking,True,
T101799,"June 23, 2024",CVS Pharmacy,subscription,63.04,checking,1,reimbursable
T101100,2024-03-26,Home Depot,groceries ,$64.62,savings,False,reimbursable
T102637,16-05-2024,CVS Pharmacy,Healthcare,100.51,savings,Y,auto-pay
T103163,2024-07-01,Whole Foods Market,SHOPPING,$37.09,credit,N,reimbursable
T100649,"August 26, 2023",Best Buy,utilities,$19.51,savings,True,
T101546,06/30/2024,Spotify,Dining,165.70 USD,credit,N,auto-pay
T103654,"August 13, 2024",Whole Foods Market,entertainment,59.57,checking,False,split w/ roommate
T103676,2023-06-23,Delta Air Lines,shopping,$305.43,checking,N,reimbursable
T103271,"April 12, 2023",Spotify,subscription,79.24 USD,checking,yes,
T103557,20-07-2024,Delta Air Lines,SUBSCRIPTIONS,76.22,,1,reimbursable
T103862,09-04-2023,,Transportation,33.02,savings,False,
T100630,15-12-2023,Best Buy	,SHOPPING,"11,569.00 USD",savings,yes,  
T100672,"December 05, 2024",Costco Wholesale,groceries,106.01 USD,savings,,reimbursable
T101249,2023-11-23,CVS Pharmacy,Transport ,12.42,savings,,  
T100482,12/08/2023,Best Buy,Groceries,39.72,,no,  
T101584,2023-03-29,Amazon.com	,groceries,17.85,checking,no,
T103179,15-08-2023,Home Depot,Shopping,52.3,savings,no,reimbursable
T104698,02/09/24,WHOLE FOODS MARKET,ENTERTAINMENT,$82.09,savings,,
T103142,04/15/23,CVS Pharmacy,subscription,149.13,savings,N,  
T101462,"March 25, 2024",Netflix,Travel,32.82,checking,no,
T104056,05/17/23,Netflix,Groceries,$143.44,checking,,split w/ roommate
T104062,"May 03, 2024",Whole Foods Market,Utilities,143.57 USD,savings,False,auto-pay
T100669,2023-09-29,AMAZON.COM,ENTERTAINMENT,40.87,savings,True,
T102578,08-08-2023,UBER,Dining,64.83,checking,0,auto-pay
T104840,05/01/24,Best Buy,Transport ,$71.81,savings,Y,  
T100049,2024-07-03,Whole Foods Market,shopping,30.86 USD,savings,1,auto-pay
T104355,09/28/2024,Home Depot,ENTERTAINMENT,44.89,checking,yes,auto-pay
T103161,04/04/2024,Costco Wholesale,transport,25.94,savings,0,  
T100858,06/18/23,trader joe's,,110.08,checking,0,auto-pay
T101072,05/16/2024,Chipotle Mexican Grill,Shoping,126.93,credit,yes,reimbursable
T100719,20-07-2024,Best Buy,Subscriptions,53.83,savings,False,
T103265,"June 21, 2023",Whole Foods Market	,Healthcare ,18.28,credit,True,auto-pay
T102631,08/08/24,Costco Wholesale,utilities,179.48 USD,savings,no,
T104947,11/25/2023,,Healthcare ,42.08,checking,yes,auto-pay
T101660,17-02-2024,Chipotle Mexican Grill,Subscriptions,77.54,credit,yes,split w/ roommate
T101656,03-02-2024,whole foods market,Shopping,47.59,savings,False,
T102425,2024-05-15,Starbucks,Shopping,10.51,savings,yes,split w/ roommate
T103639,05/23/2023,Shell Gas Station,Utilities,113.54 USD,,,  
T104293,"July 05, 2023",Best Buy,Transport ,53.48,credit,yes,auto-pay
T101924,"September 10, 2024",Chipotle Mexican Grill,Grocery,7.29,checking,True,reimbursable
T103418,08-07-2023,HOME DEPOT,Subscriptions ,52.26,checking,N,
T104545,06-02-2024,Trader Joe's,Healthcare,$11.36,credit,1,
T103414,11/20/2024,Netflix	,SHOPPING,112.62,credit,N,split w/ roommate
T104824,03/20/23,Amazon.com,Healthcare ,62.77,credit,0,auto-pay
T102934,04-10-2024,Trader Joe's,subscription,99.00,,N,
T104189,08/26/23,Spotify,Shopping,28.34,checking,,
T103214,07/28/2023,Spotify,groceries,$20.88,savings,yes,
T102606,01/31/23,Target,health care,$219.89,checking,True,reimbursable
T101385,2023-04-22,Trader Joe's,Transport ,81.79,,,
T103958,16-09-2024,AT&T Wireless,utilities,$66.24,credit,N,
T101399,2024-10-06,Chipotle Mexican Grill,SUBSCRIPTIONS,17.75 USD,checking,,split w/ roommate
T101195,07/09/2023,  Costco Wholesale  ,groceries ,$148.66,checking,Y,  
T101408,02/16/24,Uber,Healthcare,35.77 USD,credit,Y,auto-pay
T103947,2023-12-27,Uber,HEALTHCARE,$25.96,savings,no,split w/ roommate
T101798,10/06/24,Target	,shopping,$81.12,savings,Y,auto-pay
T101475,03/11/2024,Delta Air Lines,Travel,216.51,savings,True,auto-pay
T104841,"January 06, 2023",Target,utilities,$60.68,checking,1,auto-pay
T100035,"January 25, 2024",Shell Gas Station,ENTERTAINMENT,$20.05,checking,True,reimbursable
T103657,22-01-2023,AT&T Wireless,TRANSPORTATION,96.94 USD,credit,False,reimbursable
T102345,05/18/23,Spotify,subscription,$116.57,credit,Y,
T103285,,TRADER JOE'S,TRAVEL,46.71 USD,checking,False,split w/ roommate
T102359,2024-08-05,AT&T Wireless,Entertainment,97.33,credit,0,
T102206,2023-09-08,Delta Air Lines, Utilities,$140.62,credit,no,  
T103309,2023-06-20,CVS Pharmacy,TRANSPORTATION,36.92,credit,0,split w/ roommate
T103889,2023-06-03,Delta Air Lines,HEALTHCARE,102.41 USD,checking,yes,auto-pay
T101286,"April 24, 2024",Target,,13.13,checking,no,
T100349,05/17/23,Best Buy	,Groceries,$223.43,savings,,
T102137,2023-02-10,Whole Foods Market,Healthcare ,$18.96,checking,1,reimbursable
T102691,2024-12-09,best buy,ENTERTAINMENT,42.34 USD,credit,,  
T103080,11/30/23,CVS PHARMACY,Entertainmnt,130.50 USD,credit,no,reimbursable
T103790,09-11-2024,Chipotle Mexican Grill,Utilities,166.42,checking,,
T101681,2023-01-03,Amazon.com,dining out,47.32,credit,0,auto-pay
T104724,28-12-2024,Trader Joe's,HEALTHCARE,94.77,savings,False,split w/ roommate
T101443,09/12/2023,at&t wireless,Dining,27.73,savings,no,auto-pay
T103352,"June 16, 2024",Trader Joe's,Subscriptions,"7,945.00 USD",savings,no,  
T101671,2023-12-07,Netflix,Grocery,74.85,savings,no,split w/ roommate
T103053,2024-11-05,Chipotle Mexican Grill,entertainment,18.33,credit,yes,
T101179,01/06/2024,delta air lines,Entertainmnt,81.75,checking,yes,reimbursable
T102798,09/17/2024,AT&T Wireless,Travel,44.56,savings,yes,  
T101692,2024-11-02,Netflix,Subscriptions ,13.42 USD,savings,1,  
T104473,2023-04-15,Chipotle Mexican Grill,Entertainment,18.72,savings,,split w/ roommate
T100372,02/28/2023,Chipotle Mexican Grill,Dining ,78.66 USD,credit,False,
T103729,04/12/2024,TRADER JOE'S,SHOPPING,"9,347.00 USD",checking,no,
T101916,17-07-2023,Best Buy,Travel,"$8,980.00",checking,N,
T101357,08/29/2023,Shell Gas Station,ENTERTAINMENT,$118.56,savings,True,reimbursable
T101825,10/06/2024,Whole Foods Market,TRAVEL,26.39,credit,True,split w/ roommate
T100786,09/03/2023,Delta Air Lines,Shoping,$47.91,credit,yes,
T100469,02/14/23,AT&T Wireless,Transportation,90.76,checking,no,split w/ roommate
T100140,06-07-2023,Spotify,Transport ,46.62,savings,,
T100788,01-04-2024,SPOTIFY,SUBSCRIPTIONS,$69.61,,yes,reimbursable
T100323,06/23/24,Uber,Utilities,92.87 USD,,1,
T100050,"July 20, 2023",Chipotle Mexican Grill,Subscriptions,19.84,checking,N,split w/ roommate
T100714,13-07-2023,Home Depot,travel,"$10,666.00",savings,1,  
T104557,2024-10-24,Best Buy,groceries,55.63,savings,no,reimbursable
T102840,2024-11-12,Shell Gas Station,Healthcare ,$119.49,savings,Y,split w/ roommate
T102446,2024-07-25,Shell Gas Station,groceries ,$38.13,credit,no,
T104886,01/28/24,Netflix,Utilities,$355.79,checking,True,reimbursable
T104486,"February 09, 2023",Starbucks,groceries ,46.7,savings,,
T104665,11/06/23,Home Depot,Dining,61.69,checking,no,
T103381,06/01/23,  AT&T Wireless  ,Entertainmnt,53.14 USD,checking,no,auto-pay
T102666,2023-07-30,Shell Gas Station,TRAVEL,44.53 USD,credit,False,
T100406,2024-08-02,Costco Wholesale,subscription,61.92,credit,N,split w/ roommate
T103470,05/25/2024,Best Buy,Healthcare ,$40.73,checking,Y,  
T101004,10/29/2023,Uber,Utility,62.75,checking,no,auto-pay
T103107,03/23/2024,Home Depot,health care,48.90 USD,checking,yes,
T100890,"September 25, 2024",Spotify,travel,187.82,checking,,
T102411,,Home Depot	, Utilities,13.61 USD,savings,Y,split w/ roommate
T102545,03-04-2023,Costco Wholesale,Transport ,80.74 USD,credit,yes,split w/ roommate
T103881,03/21/2024,Best Buy,Shoping,63.12 USD,credit,True,  
T102390,05/03/2023,Uber,groceries,78.13,checking,Y,split w/ roommate
T104827,"April 08, 2024",Uber, Utilities,$41.52,savings,True,
T100042,13-07-2024,Costco Wholesale,Shopping,50.86 USD,checking,False,  
T102830,2024-11-21,  Amazon.com  ,Transport ,91.07,checking,yes,reimbursable
T104455,09/19/2024,Delta Air Lines, Utilities,64.24,savings,Y,reimbursable
T103022,19-11-2024,Chipotle Mexican Grill,groceries ,19.28,checking,False,
T100303,2024-08-28,DELTA AIR LINES,SHOPPING,24.36 USD,credit,,  
T104582,09/01/24,Spotify,Dining,119.53,credit,True,
T103868,"December 02, 2023",Best Buy,health care,$43.78,credit,no,auto-pay
T100664,05/25/24,AT&T Wireless,Dining ,32.70 USD,savings,0,  
T101177,2024-08-06,Home Depot,health care,$28.32,credit,Y,  
T102676,"August 31, 2024",Whole Foods Market,Transport ,$233.11,checking,True,split w/ roommate
T101947,02/24/23,Shell Gas Station,Entertainmnt,157.14,checking,0,reimbursable
T102501,02/07/2024,Delta Air Lines,,45.52,credit,,
T101473,03/13/23,Trader Joe's,transport,$70.50,,Y,auto-pay
T104996,11/13/24,Netflix, Groceries,$31.92,savings,True,split w/ roommate
T103635,2024-11-30,Delta Air Lines,Shopping,24.94,credit,no,reimbursable
T102132,"February 25, 2023",Home Depot,subscription,27.19,checking,yes,
T101026,05-03-2024,Netflix,TRANSPORTATION,$117.23,credit,no,reimbursable
T102989,04/04/23,spotify,SHOPPING,146.87 USD,savings,False,
T100961,"January 15, 2024",CVS Pharmacy,transport,53.64,credit,N,
T102889,08/02/2024,Spotify,ENTERTAINMENT,$61.04,checking,N,reimbursable
T103021,2023-08-02,Netflix,Subscriptions ,133.8,savings,Y,auto-pay
T103015,12-08-2024,Chipotle Mexican Grill,transport,$246.04,credit,Y,
T103781,29-02-2024,Home Depot,DINING,25.70 USD,,Y,auto-pay
T102009,10/31/2023,Best Buy,Transport ,12.67,credit,,split w/ roommate
T102149,01/25/2024,Home Depot,TRANSPORTATION,,credit,1,
T103433,"September 26, 2024",Amazon.com,SHOPPING,112.89,savings,N,  
T102338,03-12-2024,Spotify,ENTERTAINMENT,173.92,credit,True,split w/ roommate
T104015,2024-04-02,Delta Air Lines,Utility,91.45 USD,checking,N,auto-pay
T100304,"March 21, 2023",Uber,Subscriptions ,41.49,,no,
T101440,03/07/2024,TARGET,,153.36,,,reimbursable
T101496,2024-10-01,Delta Air Lines,entertainment,17.77,savings,False,
T102652,"February 01, 2023",Trader Joe's,TRANSPORTATION,97.73,credit,1,
T102875,08/24/2023,Amazon.com,HEALTHCARE,35.89,checking,True,reimbursable
T100916,2024-04-17,Target,Subscriptions ,52.83,savings,,auto-pay
T104245,08/04/2024,Spotify,Grocery,69.51,savings,yes,auto-pay
T103842,05/07/2023,AT&T Wireless,Entertainmnt,36.84 USD,credit,Y,auto-pay
T102772,"June 18, 2024",Home Depot,Transportation,57.84,checking,no,split w/ roommate
T101624,08/27/23,Delta Air Lines,ENTERTAINMENT,$71.92,savings,0,  
T103960,01/03/2023,spotify,Groceries,33.53,checking,Y,split w/ roommate
T100821,2024-01-09,Delta Air Lines,SHOPPING,89.47,credit,N,
T103409,"June 14, 2024",Chipotle Mexican Grill,ENTERTAINMENT,$32.70,credit,no,split w/ roommate
T101354,10/12/24,Delta Air Lines,Entertainment,22.32,savings,0,reimbursable
T104566,03/21/24,,Travel,146.26,credit,False,  
T100850,"October 20, 2024",,Healthcare ,101.07 USD,checking,False,  
T101000,2024-10-13,Target,entertainment,202.00,checking,,  
T104085,03/15/24,starbucks,transport,85.47,credit,Y,
T100018,15-11-2024,Chipotle Mexican Grill,ENTERTAINMENT,$107.27,checking,1,  
T101637,2024-12-15,Whole Foods Market,Entertainment,$110.36,savings,N,auto-pay
T101667,"April 22, 2024",AT&T Wireless,Groceries,125.25,credit,True,reimbursable
T100493,2024-02-23,CVS Pharmacy,Dining,$27.70,savings,Y,
T101347,16-01-2023,Trader Joe's,Transport ,77.47,,True,split w/ roommate
T103018,11/17/23,  Shell Gas Station  ,Healthcare ,84.16,savings,1,split w/ roommate
T103848,2023-12-31,Delta Air Lines,TRANSPORTATION,186.04,credit,,auto-pay
T103364,05/19/2024,starbucks,shopping,$93.49,checking,no,auto-pay
T103733,18-11-2023,UBER,Healthcare ,110.26,credit,Y,
T104357,06-08-2023,AT&T Wireless,Subscriptions,173.27,checking,no,auto-pay
T100687,2023-09-12,Netflix,TRANSPORTATION,$65.46,savings,Y,  
T103852,2024-11-14,starbucks,Grocery,54.22 USD,checking,Y,
T101608,"August 05, 2024",AT&T Wireless,Shoping,13.52,checking,0,reimbursable
T104153,20-09-2024,Whole Foods Market,Shopping,71.65,,,
T104342,"June 27, 2023",Chipotle Mexican Grill,transport,105.73 USD,credit,True,auto-pay
T101009,2023-01-11,Uber,DINING,100.08 USD,credit,yes,  
T102408,2024-10-31,Delta Air Lines,HEALTHCARE,54.05,savings,1,  
T101092,2024-06-18,trader joe's,Grocery,20.67,credit,yes,split w/ roommate
T101327,"February 13, 2023",Starbucks,Subscriptions,$23.39,credit,no,auto-pay
T101677,08/01/24,Whole Foods Market, Utilities,$333.92,savings,,  
T101999,"November 30, 2024",AT&T Wireless,Shopping,$156.75,checking,N,split w/ roommate
T101310,"November 17, 2024",Uber,Travel,"$5,139.00",credit,True,
T103838,11/16/24,Whole Foods Market,GROCERIES,37.78,checking,False,split w/ roommate
T104172,"November 14, 2023",Amazon.com,TRAVEL,56.39,savings,Y,
T101987,05/29/2024,Delta Air Lines,Groceries,79.11 USD,credit,,split w/ roommate
T104906,"February 23, 2024",Home Depot,Travel,64.08,credit,False,
T100344,"October 26, 2023",Trader Joe's,TRAVEL,11.17,savings,0,reimbursable
T104695,"November 06, 2023",Costco Wholesale,dining out,113.75 USD,credit,Y,reimbursable
T100986,"July 14, 2024",Amazon.com,Grocery,$107.33,savings,1,
T103976,27-12-2024,Whole Foods Market,TRANSPORTATION,106.54,savings,yes,
T103929,"July 09, 2024",Netflix,Utilities,$85.64,savings,False,auto-pay
T104378,27-01-2023,  Chipotle Mexican Grill  ,Travel,22.71 USD,savings,False,auto-pay
T104111,25-10-2024,Trader Joe's,Transport ,112.50 USD,credit,no,
T103197,10/25/24,Shell Gas Station,groceries,132.39 USD,credit,True,  
T103133,15-05-2024,AT&T Wireless,Healthcare ,20.70,checking,False,
T101142,08-09-2023,Delta Air Lines,subscription,107.88,checking,1,reimbursable
T102358,12/21/24,Amazon.com,transport,68.07 USD,checking,Y,auto-pay
T101198,2024-02-23,Costco Wholesale,Transport ,$69.42,credit,0,
T100085,03-05-2024,Trader Joe's,Transportation,77.41,,no,auto-pay
T101518,2024-03-18,,HEALTHCARE,129.63,credit,yes,auto-pay
T100516,"May 30, 2024",,Entertainmnt,51.82,credit,yes,  
T101381,08/23/2024,Chipotle Mexican Grill,Transport ,$107.67,credit,True,split w/ roommate
T102716,06/02/2023,Spotify,GROCERIES,91.2,checking,N,
T104040,2023-12-25,Target,dining out,103.86,credit,0,auto-pay
T101014,2024-02-13,Home Depot,TRANSPORTATION,36.77,checking,,auto-pay
T100128,21-03-2024,Uber,Dining ,3.57 USD,savings,False,
T101364,"November 18, 2023",Starbucks,,143.00 USD,credit,False,auto-pay
T104922,08/13/2023,AT&T WIRELESS, Utilities,$48.35,checking,1,auto-pay
T104100,2024-03-20,Chipotle Mexican Grill,travel,$61.17,checking,yes,
T103231,03/05/2023,Delta Air Lines,Healthcare ,$47.48,checking,N,  
T100891,2024-12-28,Delta Air Lines,travel,22.87,savings,0,  
T102793,18-10-2024,AT&T Wireless,Entertainment,51.09,savings,0,split w/ roommate
T104272,"May 02, 2023",Chipotle Mexican Grill,Subscriptions,79.78 USD,savings,,reimbursable
T101359,"December 05, 2023",CVS Pharmacy,Healthcare ,52.81 USD,checking,,split w/ roommate
T100307,09/20/24,Home Depot,TRANSPORTATION,78.13,,N,auto-pay
T101661,02/22/23,best buy, Utilities,141.64 USD,savings,0,reimbursable
T102431,"September 29, 2023",Costco Wholesale,Transportation,145.41 USD,savings,yes,
T104865,11/21/2023,Uber,Travel,47.83 USD,checking,,
T101317,"January 02, 2024",CVS Pharmacy,groceries ,65.22 USD,credit,True,split w/ roommate
T104369,"January 26, 2023",Shell Gas Station,Grocery,147.94 USD,credit,no,reimbursable
T102474,2024-12-01,Whole Foods Market,Transport ,25.49 USD,credit,N,  
T102542,"June 24, 2024",Trader Joe's,health care,143.06 USD,checking,0,
T101246,17-09-2024,Trader Joe's,Grocery,64.47,savings,0,
T103770,18-07-2024,COSTCO WHOLESALE,Healthcare ,$114.26,savings,Y,
T101208,02/10/2023,Shell Gas Station,Dining ,73.60 USD,savings,False,reimbursable
T100216,12/04/23,Spotify,shopping,173.47 USD,savings,,
T104358,18-11-2023,Trader Joe's,SUBSCRIPTIONS,$34.01,checking,N,
T103167,05/04/24,Shell Gas Station,entertainment,45.55,credit,False,auto-pay
T101239,2024-12-21,at&t wireless,Subscriptions ,159.31 USD,checking,N,
T102289,05/31/24,Spotify,Subscriptions ,49.34,savings,,reimbursable
T102740,,Costco Wholesale,SUBSCRIPTIONS,$3.94,savings,yes,reimbursable
T100275,"October 11, 2023",Trader Joe's,Utility,$19.73,checking,Y,reimbursable
T100489,02-12-2024,Uber,Entertainment,103.82 USD,savings,True,  
T101035,08-02-2023,Spotify,TRANSPORTATION,$124.00,credit,0,
T101229,10-10-2023,Spotify, Utilities,43.23,checking,Y,reimbursable
T104654,08/07/23,,DINING,36.52,credit,1,reimbursable
T101008,2023-01-13,,utilities,131.9,savings,0,
T104778,08/31/2024,Trader Joe's,Utility,76.78,savings,0,split w/ roommate
T104020,22-09-2024,Netflix, Groceries,136.3,credit,False,auto-pay
T103290,2023-08-01,Whole Foods Market,Travel,180.09,savings,,split w/ roommate
T102532,05-01-2023,Shell Gas Station,ENTERTAINMENT,$63.64,credit,,
T104232,03/14/2023,AT&T Wireless,TRAVEL,135.86,savings,N,split w/ roommate
T101058,03/24/24,AT&T Wireless,Travel,102.81,checking,N,reimbursable
T102166,"March 22, 2024",Spotify,Entertainment,179.72,,False,auto-pay
T104161,30-01-2024,Shell Gas Station,Utility,171.92,savings,False,
T103485,2023-05-13,Spotify,Healthcare ,51.36 USD,savings,,
T100281,06/07/23,Shell Gas Station,Groceries,58.52,checking,0,
T103682,"February 03, 2023",  Best Buy  ,groceries,68.00 USD,credit,True,reimbursable
T101316,11/16/24,Starbucks, Utilities,50.54,credit,0,  
T103609,17-03-2024,BEST BUY,dining out,37.67 USD,savings,yes,reimbursable
T100968,12/24/2024,AT&T Wireless, Utilities,55.16,credit,1,
T103459,11/02/24,Netflix,Healthcare ,74.01 USD,savings,Y,
T104047,"September 01, 2024",Chipotle Mexican Grill,Travel,181.83,,0,auto-pay
T103274,2024-02-11,Netflix,TRANSPORTATION,96.71 USD,checking,,  
T103634,2023-02-24,Target,Shoping,$109.76,savings,1,  
T100619,"December 29, 2024",Chipotle Mexican Grill,Shopping,97.48,,N,  
T104701,"January 22, 2024",AT&T Wireless	,Entertainmnt,43.28 USD,credit,yes,reimbursable
T101742,"August 29, 2023",Delta Air Lines,entertainment,$59.62,savings,N,  
T101390,08-01-2024,Netflix,groceries,156.33,credit,True,auto-pay
T104414,"June 01, 2023",Shell Gas Station	,SUBSCRIPTIONS,17.14,credit,,auto-pay
T101847,15-11-2023,Netflix,ENTERTAINMENT,,savings,True,split w/ roommate
T101579,2023-10-08,AT&T Wireless,,81.46 USD,credit,yes,auto-pay
T101655,11/09/23,AT&T Wireless,Transportation,255.34,,N,
T102352,04-04-2023,Shell Gas Station,TRAVEL,$90.02,checking,,split w/ roommate
T102212,2023-12-20,AT&T Wireless,travel,104.91 USD,savings,N,
T102020,2024-01-06,Best Buy,travel,139.77,savings,,  
T101897,05-09-2023,Trader Joe's,groceries,57.35,savings,1,auto-pay
T101956,2023-11-11,Chipotle Mexican Grill,dining out,263.67,savings,N,split w/ roommate
T103699,01/23/2024,Target,groceries,$99.28,credit,0,split w/ roommate
T101307,10/04/2023,Trader Joe's,health care,$140.53,savings,no,reimbursable
T102003,07/30/2023,CVS Pharmacy,Healthcare ,171.61,savings,Y,reimbursable
T104524,07/18/23,shell gas station,Healthcare ,146.80,savings,N,reimbursable
T100575,09/25/24,Netflix,health care,61.27 USD,credit,0,split w/ roommate
T102360,07/28/23,COSTCO WHOLESALE,TRAVEL,68.89 USD,savings,1,
T104266,"September 22, 2023",CVS Pharmacy,Shopping,37.51,credit,True,reimbursable
T104505,"January 20, 2023",Uber,Dining ,$168.01,checking,True,auto-pay
T101706,"September 02, 2024",Amazon.com,HEALTHCARE,$106.56,checking,Y,reimbursable
T104769,10/03/2024,Spotify	,GROCERIES,42.63,savings,1,
T103585,18-08-2023,Delta Air Lines,entertainment,,credit,False,split w/ roommate
T101280,2023-01-31,Trader Joe's,Travel,244.23 USD,credit,1,auto-pay
T100861,12/25/2024,Delta Air Lines,Healthcare,78.42,savings,N,split w/ roommate
T104303,02/11/24,Delta Air Lines,travel,35.21,savings,N,split w/ roommate
T101801,03-10-2023,Best Buy,Healthcare,111.19,savings,1,reimbursable
T101628,23-11-2024,CVS Pharmacy,travel,128.34,credit,False,
T101993,05/02/23,Netflix	, Utilities,$48.82,credit,N,  
T102639,2024-09-20,  Uber  , Utilities,$18.13,credit,,reimbursable
T100269,"February 28, 2024",Chipotle Mexican Grill,travel,$65.52,checking,0,  
T100629,08-08-2024,Uber,Utilities,38.19 USD,credit,N,auto-pay
T103081,02/08/24,  Starbucks  ,shopping,5612.00,savings,1,split w/ roommate
T102334,12/18/2023,Amazon.com,DINING,88.28,savings,0,  
T102966,02/15/24,Costco Wholesale,travel,85.69,checking,True,auto-pay
T100300,08/08/2024,Delta Air Lines,SHOPPING,$92.71,savings,Y,
T100459,07/20/2023,Trader Joe's,DINING,$90.56,credit,True,split w/ roommate
T101447,01/22/23,Netflix,HEALTHCARE,,savings,,auto-pay
T101472,04/11/24,best buy,Healthcare,$52.08,savings,True,  
T102046,2024-05-02,Best Buy,utilities,26.47,savings,0,
T104292,22-06-2024,AT&T Wireless,Utility,11.57,checking,True,  
T103885,08/12/23,Uber	,Shoping,102.41,savings,0,
T102113,"March 28, 2023",Home Depot,Entertainmnt,134.47,savings,1,  
T100027,2023-08-04,Shell Gas Station,Shopping,$26.77,savings,no,reimbursable
T104449,2023-11-30,Shell Gas Station,utilities,97.17,savings,Y,  
T104591,2023-05-23,Delta Air Lines,utilities,10.08,checking,True,reimbursable
T100837,24-08-2024,Shell Gas Station,Dining ,$134.20,checking,False,auto-pay
T103949,19-02-2024,Delta Air Lines,subscription,84.45 USD,credit,False,
T103477,,whole foods market,SUBSCRIPTIONS,102.90,savings,False,
T102008,08-10-2024,Starbucks,Utility,$36.74,savings,True,reimbursable
T104981,"January 29, 2024",Costco Wholesale,TRANSPORTATION,88.60,savings,False,
T100503,08/29/23,Best Buy,Utilities,$72.35,checking,no,auto-pay
T103911,01-03-2023,CVS Pharmacy,Subscriptions,$87.73,checking,Y,  
T104370,26-12-2023,Costco Wholesale,Utilities,76.04 USD,savings,False,auto-pay
T100380,"December 01, 2024",Uber,dining out,111.9,credit,yes,split w/ roommate
T101851,"November 09, 2023",Home Depot,Dining,9.47 USD,savings,1,auto-pay
T101525,12/01/24,Starbucks,health care,$129.58,credit,no,auto-pay
T102365,05/23/23,Best Buy,transport,127.67,savings,False,  
T103337,01/10/23,Costco Wholesale	,SHOPPING,42.89,credit,yes,
T103052,"September 12, 2024",Spotify,Dining ,137.06,savings,1,split w/ roommate
T102884,2023-08-25,Spotify,,47.10,checking,N,  
T102340,02-04-2024,STARBUCKS,,$39.86,credit,N,
T100374,2024-12-20,Uber,Dining,68.37,credit,0,  
T104864,2023-01-30,whole foods market,Groceries,91.56,checking,True,split w/ roommate
T102381,06-09-2023,Spotify,Subscriptions,$33.39,credit,yes,  
T104375,07/22/2023,Best Buy,Grocery,34.43,savings,0,  
T100939,"February 07, 2024",TRADER JOE'S,TRAVEL,$26.28,credit,Y,
T103975,02/06/2023,Chipotle Mexican Grill, Utilities,37.21,savings,,split w/ roommate
T104228,"December 24, 2023",AMAZON.COM,groceries ,101.57,savings,,split w/ roommate
T102799,02/14/24,Home Depot,Dining,29.56,checking,N,
T102147,06/21/2023,Uber,shopping,140.44,savings,no,auto-pay
T103940,2023-11-11,Whole Foods Market,shopping,$69.50,checking,1,auto-pay
T104609,13-02-2024,CVS Pharmacy,entertainment,$40.33,checking,False,auto-pay
T104280,09/16/23,CVS Pharmacy,Healthcare ,39.63 USD,savings,yes,  
T102068,2024-05-17,Spotify,Utilities,21.23,savings,False,auto-pay
T100529,06/23/2024,Target,Dining ,118.89 USD,,Y,split w/ roommate
T104613,28-01-2023,  CVS Pharmacy  ,Transportation,121.35 USD,checking,0,
T100636,01/19/24,Spotify,Utilities,69.38,savings,1,  
T101269,04/05/2023,whole foods market,Travel,$53.78,credit,no,  
T100185,10/26/23,CVS Pharmacy,Transport ,$20.08,savings,no,
T103941,"December 17, 2024",CVS Pharmacy, Utilities,,savings,no,split w/ roommate
T104372,"December 25, 2024",Home Depot,travel,44.39,credit,N,
T103567,"April 15, 2024",  Netflix  ,Healthcare,$106.70,credit,,
T101797,2024-11-10,CVS Pharmacy,TRAVEL,174.30,,True,auto-pay
T102979,12/05/2024,AT&T Wireless	,,74.97,savings,,auto-pay
T101441,01-03-2023,Trader Joe's,DINING,153.31,savings,N,auto-pay
T103539,15-04-2023,Costco Wholesale,entertainment,11.72 USD,checking,0,auto-pay
T104948,12/13/2024,Delta Air Lines,Subscriptions ,$130.07,credit,no,  
T101535,"November 21, 2023",Chipotle Mexican Grill,Healthcare,44.34,credit,no,  
T100919,09/14/2024,Shell Gas Station,Dining,82.80,,yes,  
T103188,2023-11-26,AT&T Wireless,transport,$52.90,checking,N,  
T101273,"November 07, 2024",Starbucks,TRANSPORTATION,$87.87,savings,Y,auto-pay
T102467,05/30/2024,  Target  ,Utility,$178.06,savings,0,split w/ roommate
T100607,2024-01-04,Delta Air Lines,TRAVEL,105.53,,0,
T103499,11/16/23,Best Buy,shopping,34.01 USD,savings,,
T101712,2023-10-31,Best Buy,Subscriptions ,110.38,credit,1,auto-pay
T102199,26-11-2024,CVS Pharmacy,travel,77.83,savings,yes,
T100955,03-09-2024,Shell Gas Station,SUBSCRIPTIONS,$91.20,checking,N,
T102579,"September 03, 2024",Spotify,Subscriptions,139.8,savings,,
T104024,12-02-2024,Home Depot, Utilities,98.72,savings,Y,
T104825,02/25/2023,Netflix,Transportation,264.12,savings,yes,
T103492,"November 17, 2023",Best Buy,TRAVEL,78.59 USD,checking,0,
T103806,11/26/2023,Whole Foods Market,Healthcare ,135.47 USD,checking,1,
T100403,"June 22, 2024",Best Buy,Entertainment,$98.98,savings,Y,auto-pay
T102071,11-03-2023,Costco Wholesale,ENTERTAINMENT,91.73,savings,Y,split w/ roommate
T104828,2024-11-24,Delta Air Lines,TRANSPORTATION,$54.51,checking,Y,split w/ roommate
T101977,04/13/24,Home Depot,shopping,96.80,credit,0,
T100158,"April 01, 2023",CVS Pharmacy,Dining ,67.29,savings,0,
T101748,"February 05, 2024",Costco Wholesale,shopping,$57.53,savings,True,
T102909,23-12-2024,Target,Grocery,$142.41,savings,True,auto-pay
T103649,"March 23, 2023",Target,Grocery,199.48,credit,yes,  
T100902,2023-12-14,  AT&T Wireless  ,ENTERTAINMENT,168.28 USD,checking,False,auto-pay
T100352,05/03/2023,Target,SUBSCRIPTIONS,32.66,credit,1,
T101230,2023-12-24,Amazon.com,Shopping,95.90 USD,savings,N,auto-pay
T104741,12/07/2024,AT&T Wireless,Subscriptions,58.61 USD,,yes,auto-pay
T102140,"April 02, 2024",Starbucks,TRAVEL,$41.75,checking,0,
T100444,2024-09-02,AT&T Wireless,TRANSPORTATION,$68.59,credit,,reimbursable
T101625,12/26/2024,Target,dining out,11.83,credit,,auto-pay
T100754,,Target,utilities,$114.80,savings,yes,  
T101737,2023-12-27,Trader Joe's,Transport ,36.11,checking,,reimbursable
T102971,08/23/23,Spotify,Utility,30.11 USD,checking,Y,split w/ roommate
T104422,2023-09-14,UBER,SUBSCRIPTIONS,17.90,checking,no,auto-pay
T102920,31-05-2024,Shell Gas Station,Groceries,54.88,checking,False,split w/ roommate
T100311,04/14/2024,  Spotify  ,Transport ,28.38,credit,no,auto-pay
T100548,03/04/2024,BEST BUY,ENTERTAINMENT,148.59,savings,True,
T100661,02/27/24,Chipotle Mexican Grill,dining out,$49.31,checking,Y,  
T104834,"May 28, 2023",Target,TRANSPORTATION,$39.03,checking,no,split w/ roommate
T101989,"December 05, 2024",Starbucks, Utilities,66.05,checking,True,
T100306,08-05-2023,Delta Air Lines,utilities,70.24,savings,True,
T102335,02/07/2024,Best Buy,Healthcare ,218.83 USD,checking,,split w/ roommate
T100694,10/31/2023,AT&T Wireless,TRAVEL,152.35,credit,0,auto-pay
T102356,09-05-2023,Starbucks,DINING,60.34,credit,yes,
T101927,14-04-2024,Target, Utilities,$72.02,credit,N,
T100684,25-05-2024,Amazon.com,subscription,14.64,credit,0,reimbursable
T100749,2023-12-31,best buy,Transportation,62.34 USD,savings,True,split w/ roommate
T103604,"December 21, 2023",  Chipotle Mexican Grill  ,utilities,12.71,checking,no,  
T103355,05/09/2024,Best Buy,Entertainment,112.17,checking,N,
T101266,"October 03, 2023",Starbucks,transport,55.13 USD,savings,True,
T103656,"August 12, 2023",Shell Gas Station,SUBSCRIPTIONS,8.83,credit,False,  
T104382,"March 24, 2023",Amazon.com,utilities,23.13 USD,credit,,
T104664,06/08/23,Target,health care,$33.03,checking,no,auto-pay
T102134,"January 09, 2024",Costco Wholesale,entertainment,58.78,savings,True,
T103083,04/19/24,Whole Foods Market,travel,87.00,savings,False,auto-pay
T103061,2023-08-15,Shell Gas Station,GROCERIES,$154.56,checking,yes,  
T103025,2023-06-22,Best Buy,transport,$58.63,checking,yes,
T100970,04/06/24,Delta Air Lines,entertainment,70.24,savings,yes,auto-pay
T100013,"February 17, 2024",Uber,dining out,116.60 USD,checking,,  
T100873,"February 06, 2024",Costco Wholesale,health care,66.68,credit,,
T100808,"November 11, 2024",Whole Foods Market,ENTERTAINMENT,92.06,savings,no,
T103198,"February 20, 2024",Netflix,health care,24.79,checking,False,
T100514,2024-09-22,Chipotle Mexican Grill,entertainment,$31.22,savings,N,
T104541,2024-04-10,Whole Foods Market,Healthcare,188.28 USD,checking,yes,
T100409,02/04/24,Chipotle Mexican Grill,entertainment,,checking,no,
T103520,01/05/2023,CVS Pharmacy,Transport ,94.33 USD,credit,True,auto-pay
T104408,2023-07-10,Uber,groceries,103.43 USD,savings,yes,split w/ roommate
T100207,04/29/23,Amazon.com,Dining ,25.95,credit,Y,
T104263,05/11/2024,Best Buy,,86.95,credit,N,split w/ roommate
T100458,2024-08-26,Uber,Healthcare,$57.10,savings,Y,
T103586,2023-06-15,Uber,groceries ,20.02,credit,0,reimbursable
T102430,16-04-2023,AT&T Wireless,Utilities,$76.53,checking,True,reimbursable
T103778,12/29/23,AMAZON.COM,GROCERIES,$38.21,savings,yes,
T100110,01/11/2023,Netflix,Subscriptions ,$32.46,savings,no,  
T103867,2024-03-26,Spotify,TRAVEL,$6.88,savings,False,
T101107,"February 24, 2024",CVS Pharmacy,ENTERTAINMENT,104.37,savings,True,
T101883,"January 13, 2023",Target,,100.96,credit,N,
T101713,10/29/23,Delta Air Lines,Utility,$233.63,checking,0,auto-pay
T104086,24-10-2024,Trader Joe's,Dining,46.36 USD,checking,1,
T103759,12/06/2024,Amazon.com,Healthcare,$18.40,credit,no,split w/ roommate
T100552,06/10/23,Delta Air Lines,Entertainment,76.38,checking,1,reimbursable
T101439,"December 08, 2024",Spotify,HEALTHCARE,25.92,checking,yes,
T102270,"July 06, 2024",Starbucks,health care,$52.28,checking,0,reimbursable
T103144,12/15/23,Amazon.com,Entertainmnt,$42.52,savings,,auto-pay
T102821,2023-10-22,CVS Pharmacy,health care,87.14 USD,checking,yes,split w/ roommate
T104854,"July 11, 2023",Shell Gas Station,Transport ,$7.93,credit,,reimbursable
T101925,02/16/2023,Costco Wholesale,Dining,$127.42,savings,no,auto-pay
T100634,06/07/2023,Amazon.com,dining out,108.85 USD,savings,no,reimbursable
T104878,03-08-2023,Starbucks,Utility,135.02,savings,N,
T100316,06/14/2023,Best Buy,TRANSPORTATION,48.4,checking,False,auto-pay
T104281,01-06-2024,Shell Gas Station,Entertainment,$142.47,credit,0,split w/ roommate
T104771,"September 14, 2023",,shopping,41.69 USD,checking,no,
T101328,03/02/2024,Shell Gas Station,entertainment,108.27 USD,credit,True,
T100427,09/12/2023,Spotify,entertainment,$88.93,checking,,  
T104516,12/01/2024,Whole Foods Market,,$69.84,credit,True,
T100105,07-05-2024,Whole Foods Market,subscription,$107.48,credit,Y,
T103041,05/15/2024,Chipotle Mexican Grill,Entertainmnt,141.74 USD,savings,yes,
T100142,12-04-2023,Trader Joe's,TRANSPORTATION,$32.44,checking,N,
T102169,10/22/2024,Uber,SUBSCRIPTIONS,99.15,credit,True,split w/ roommate
T103439,"November 24, 2024",Target,Grocery,$20.09,credit,N,  
T100089,06/09/2023,Amazon.com,Utilities,127.01,savings,1,split w/ roommate
T102918,02/13/2023,Target,Travel,63.58,checking,1,
T103237,09-08-2023,Spotify,Utilities,205.41,checking,Y,  
T102241,10/24/24,Whole Foods Market,Healthcare,86.15,savings,N,split w/ roommate
T103174,2024-09-28,AT&T Wireless,ENTERTAINMENT,34.14,credit,no,
T103524,2024-02-17,Best Buy,Travel,$27.52,checking,1,
T102163,2024-03-22,Amazon.com,entertainment,49.21 USD,checking,,auto-pay
T102636,04/09/2023,Delta Air Lines,health care,68.74 USD,checking,no,split w/ roommate
T101949,10/10/2023,  Target  ,,61.77,credit,N,
T101768,01/23/24,Netflix,Travel,159.86,savings,Y,
T103392,03/19/23,  Home Depot  ,subscription,20.20 USD,savings,,auto-pay
T102272,02/25/23,Trader Joe's,TRANSPORTATION,7.95,savings,Y,
T100001,2024-01-20,Amazon.com,Healthcare,51.63,checking,N,auto-pay
T104265,2023-10-09,Best Buy	,DINING,108.69,checking,1,  
T103540,08/22/24,Best Buy,Grocery,6.24 USD,credit,1,reimbursable
T101951,09/13/2023,Target,Healthcare,97.91 USD,checking,yes,  
T100935,2024-07-18,Shell Gas Station,subscription,$46.75,checking,Y,
T104362,11/24/2024,Trader Joe's,Utilities,29.01,savings,0,reimbursable
T102720,2024-05-16,Spotify,Travel,117.53,checking,Y,  
T103601,05/15/23,TARGET,subscription,6.19,savings,False,split w/ roommate
T101109,05/12/23,Amazon.com,Dining ,87.77 USD,credit,N,
T103705,"February 21, 2024",chipotle mexican grill,Healthcare ,22.06,credit,Y,
T100591,06/09/2023,Netflix,HEALTHCARE,5.04 USD,savings,True,
T101695,05/07/2023,Delta Air Lines,Shoping,$32.53,checking,1,reimbursable
T103563,12/03/24,Chipotle Mexican Grill,Grocery,66.4,checking,1,
T102936,09-10-2024,Costco Wholesale,dining out,28.23 USD,checking,no,auto-pay
T104546,2024-03-17,AT&T Wireless,travel,31.52,savings,True,
T103523,02/14/23,Spotify,shopping,$62.31,savings,N,
T101576,08/17/2024,Shell Gas Station,groceries,64.72 USD,checking,0,split w/ roommate
T104082,09/13/23,Spotify	,groceries,107.64,credit,,  
T100213,16-08-2024,Shell Gas Station,Shopping,42.58,credit,N,  
T100778,2023-07-18,Trader Joe's,Entertainmnt,171.24,checking,0,split w/ roommate
T101415,04/18/2023,Home Depot,Healthcare ,170.66,checking,N,
T103880,01/06/2024,Best Buy,Entertainmnt,38.6,credit,0,auto-pay
T102043,09/29/2024,CVS Pharmacy,ENTERTAINMENT,$166.37,savings,yes,  
T102848,"May 08, 2024",AT&T Wireless,Entertainment,192.08,savings,yes,split w/ roommate
T104606,01/18/2024,Starbucks,dining out,119.72,savings,False,auto-pay
T103620,"February 04, 2023",Chipotle Mexican Grill,DINING,158.08,credit,,
T103935,29-04-2023,Uber,Utility,$205.73,savings,1,
T101567,11/20/2024,  Netflix  ,TRANSPORTATION,99.25,savings,True,reimbursable
T100165,2024-06-07,CVS Pharmacy,SUBSCRIPTIONS,78.53,checking,True,reimbursable
T104786,2024-06-03,Delta Air Lines,Transportation,24.72 USD,credit,False,  
T104133,03/07/2024,Starbucks,shopping,$22.20,,,
T100584,23-12-2024,Costco Wholesale,Transportation,$83.72,savings,no,
T101343,08/03/2023,Costco Wholesale,TRANSPORTATION,$65.01,,,auto-pay
T102013,06-10-2024,,Utility,64.33,savings,,reimbursable
T100273,09/20/2023,Home Depot,shopping,92.00,checking,False,  
T100071,11/02/2024,Costco Wholesale, Groceries,102.07,checking,N,
T104767,01/29/2023,CVS Pharmacy,HEALTHCARE,78.69,savings,1,
T101087,04/02/2024,Best Buy,Shoping,51.30,checking,N,reimbursable
T100394,31-01-2024,AMAZON.COM,subscription,$34.88,credit,0,auto-pay
T100583,29-10-2024,shell gas station,travel,$4.97,savings,False,split w/ roommate
T101367,02/22/23,Starbucks,Healthcare,207.87,credit,True,reimbursable
T103090,2023-09-08,STARBUCKS,Subscriptions ,$68.60,checking,0,auto-pay
T104713,01/12/24,Amazon.com,SUBSCRIPTIONS,62.31,savings,Y,  
T102548,06/14/24,DELTA AIR LINES,entertainment,166.37,checking,0,
T101013,12-05-2023,Spotify,health care,115.65 USD,savings,no,
T104971,2023-10-17,Home Depot,groceries,$12.91,savings,True,split w/ roommate
T103003,07/30/2023,Uber,subscription,39.61,,no,
T104861,08/02/2024,Spotify,SUBSCRIPTIONS,167.63 USD,checking,False,
T101701,09/18/2023,UBER,Utilities,49.75,savings,Y,auto-pay
T103647,"August 17, 2024",Whole Foods Market,Shoping,37.75,savings,1,auto-pay
T101763,2024-09-26,Uber,TRANSPORTATION,21.58,checking,1,reimbursable
T101875,"July 31, 2024",CVS Pharmacy, Utilities,$35.94,savings,1,reimbursable
T101259,09/01/24,Delta Air Lines,Shopping,74.45,savings,Y,auto-pay
T103344,07/30/23,Trader Joe's,GROCERIES,106.19,checking,N,
T104599,"March 16, 2023",Target,Shoping,70.75 USD,savings,0,reimbursable
T102253,10/31/23,Spotify,Groceries,47.32,checking,1,
T102781,"June 25, 2023",whole foods market,Subscriptions ,$74.95,savings,,  
T103711,11/25/24,CVS Pharmacy	,SHOPPING,119.98,savings,yes,split w/ roommate
T100526,2023-10-15,Trader Joe's,Shoping,153.20 USD,savings,False,auto-pay
T104173,06/27/2024,Netflix,travel,41.30 USD,credit,0,
T102946,17-10-2024,Spotify,Transport ,74.84,savings,1,
T100377,14-01-2024,Best Buy,Utility,24.88 USD,credit,1,
T101559,09/18/2024,Best Buy	,travel,$60.68,savings,1,reimbursable
T101822,12/08/24,Spotify,GROCERIES,12.75 USD,savings,N,split w/ roommate
T101963,09/15/23,Home Depot,Groceries,$148.66,credit,Y,
T104805,2024-06-17,  Delta Air Lines  ,Dining,24.61,savings,no,  
T100348,05/09/2024,Whole Foods Market, Utilities,103.13,credit,Y,  
T102434,04/12/23,Amazon.com,Utilities,138.33,credit,,  
T102246,06-09-2024,Home Depot,utilities,146.13 USD,credit,1,auto-pay
T104229,05/21/2023,  Starbucks  ,Entertainment,48.74 USD,credit,,auto-pay
T101709,11/05/24,WHOLE FOODS MARKET,Utility,149.97 USD,savings,,  
T101050,07/03/2024,Uber,Dining ,62.63 USD,credit,0,
T100590,"July 10, 2023",Best Buy,subscription,21.94,savings,yes,split w/ roommate
T100519,12-02-2024,Best Buy,transport,69.07,checking,1,split w/ roommate
T103380,"June 20, 2024",Netflix	,Utilities,47.03,checking,yes,split w/ roommate
T104562,02/02/2024,Target,SUBSCRIPTIONS,25.01 USD,savings,True,reimbursable
T103878,2024-05-01,Spotify,,16.55 USD,savings,True,
T102477,05-01-2024,,Entertainment,43.33,checking,1,  
T101083,12/05/2023,Spotify,HEALTHCARE,$7.32,checking,N,  
T103707,"October 26, 2023",Netflix,DINING,14.11,checking,yes,auto-pay
T104851,05/02/24,Chipotle Mexican Grill,TRAVEL,$84.46,credit,N,
T104578,"July 13, 2024",Uber,utilities,78.65 USD,checking,Y,reimbursable
T101294,12/06/2023,AT&T Wireless,Transport ,$73.40,savings,True,split w/ roommate
T101809,17-03-2024,Target,Subscriptions ,16.98,checking,Y,reimbursable
T100791,01/06/23,uber,entertainment,$13.15,checking,1,split w/ roommate
T100792,04/07/23,Uber,health care,$15.40,savings,yes,reimbursable
T104177,27-09-2023,Trader Joe's,,98.03,checking,0,auto-pay
T101855,"December 15, 2024",Chipotle Mexican Grill,DINING,$157.15,credit,no,split w/ roommate
T104830,2024-11-30,Netflix,utilities,$34.70,checking,Y,auto-pay
T101980,"December 09, 2023",Netflix,Transport ,$56.07,checking,0,reimbursable
T103233,"February 02, 2024",Whole Foods Market, Groceries,$85.29,checking,True,  
T104035,02/09/2023,Shell Gas Station,Entertainmnt,61.09,savings,no,
T103497,"March 20, 2024",Spotify,Entertainment,149.38,credit,no,
T103328,07/13/2024,Whole Foods Market,TRAVEL,90.69,credit,no,auto-pay
T101530,11/24/2024,Chipotle Mexican Grill	,Dining ,57.05,savings,1,split w/ roommate
T101410,"April 14, 2024",Starbucks,SUBSCRIPTIONS,$227.21,checking,False,split w/ roommate
T104600,2023-05-17,  Uber  ,travel,$52.96,savings,N,
T104719,2024-10-10,Home Depot,Transportation,129.92,checking,Y,
T100083,11-01-2023,Target,travel,53.86,credit,True,reimbursable
T100868,20-07-2024,Whole Foods Market, Utilities,169.05,savings,True,split w/ roommate
T102350,2024-08-13,Trader Joe's,Travel,106.96,credit,Y,
T100020,09/25/23,Whole Foods Market,,48.98,checking,N,reimbursable
T103536,12/12/2024,Uber	,Healthcare,50.35,checking,0,  
T102795,09/05/2023,Whole Foods Market,entertainment,185.32,credit,False,
T103453,21-03-2024,Starbucks,groceries,87.13 USD,savings,,split w/ roommate
T104641,"February 02, 2024",Chipotle Mexican Grill,ENTERTAINMENT,86.95,,0,split w/ roommate
T101562,04/23/24,CVS Pharmacy,Healthcare,148.00,checking,yes,reimbursable
T103093,07-07-2023,AT&T Wireless,Shopping,47.25,checking,Y,  
T103155,04/05/24,Trader Joe's,Transportation,51.02,checking,,auto-pay
T100973,09/30/2023,CVS Pharmacy,TRAVEL,46.13 USD,checking,,reimbursable
T101710,09-01-2023,Target	,groceries ,83.95 USD,savings,yes,
T103201,06/20/2024,Amazon.com,shopping,63.65 USD,credit,,  
T104102,"July 22, 2023",Home Depot,Dining,93.17 USD,checking,1,split w/ roommate
T104892,25-07-2024,Starbucks,Dining ,$16.90,checking,,  
T101098,2023-11-14,Spotify,Shopping,126.93 USD,credit,yes,
T104224,02-02-2023,Home Depot,Dining,$45.40,savings,yes,  
T102844,13-08-2024,Delta Air Lines,shopping,16.34,checking,Y,
T100886,11/04/2024,Shell Gas Station,Shopping,112.36,checking,yes,
T101514,"March 03, 2023",  Shell Gas Station  ,Healthcare ,59.01,checking,Y,auto-pay
T103799,10/16/24,CVS Pharmacy,Healthcare ,132.43,savings,1,  
T104649,"July 12, 2023",Shell Gas Station,utilities,97.02 USD,savings,False,split w/ roommate
T103683,2023-12-29,Amazon.com,health care,36.72,checking,0,
T104467,06/14/24,Starbucks,SHOPPING,56.16 USD,checking,yes,reimbursable
T100515,11/14/24,Netflix,DINING,,credit,1,
T104691,2024-11-24,Target,utilities,8.34,savings,N,split w/ roommate
T100737,"October 06, 2023",Uber,Shopping,148.99 USD,checking,yes,
T101453,"May 25, 2023",Spotify,transport,62.12 USD,savings,Y,  
T102006,10-04-2024,Chipotle Mexican Grill,,139.11,credit,1,reimbursable
T104772,10/31/2023,Starbucks	,transport,7.44,,yes,
T102506,09-03-2024,Whole Foods Market,Shoping,55.41 USD,savings,N,auto-pay
T102994,04/16/2023,Shell Gas Station,utilities,35.0,credit,False,reimbursable
T102126,12/21/2024,Spotify,Dining ,9.73 USD,savings,1,auto-pay
T102926,04/13/2024,best buy,shopping,220.32,savings,0,  
T104818,2024-03-14,Amazon.com,transport,$23.44,credit,no,reimbursable
T100906,2023-03-04,Shell Gas Station,HEALTHCARE,286.89,checking,0,
T103768,06/18/2023,Delta Air Lines,groceries,113.04,credit,1,  
T101030,08/31/24,Delta Air Lines,ENTERTAINMENT,$38.83,credit,yes,reimbursable
T102507,09/10/23,Chipotle Mexican Grill,Shopping,$46.71,savings,yes,
T102428,10/17/23,Home Depot,Travel,47.17,savings,,split w/ roommate
T100947,04/29/2023,Whole Foods Market,Healthcare,61.52,checking,False,split w/ roommate
T103928,2023-07-16,,shopping,76.01 USD,,0,reimbursable
T100762,21-09-2024,Uber,Transportation,56.92 USD,credit,0,auto-pay
T100715,"January 01, 2024",Uber,subscription,$29.54,savings,False,split w/ roommate
T100284,2024-08-20,CVS Pharmacy,Shopping,$101.02,credit,1,split w/ roommate
T100686,05/26/2023,at&t wireless,utilities,84.89,checking,0,auto-pay
T100703,11/04/23,Target,subscription,164.68,credit,0,reimbursable
T103341,2024-12-25,Costco Wholesale,Shoping,20.49,,N,
T102353,09/21/23,Delta Air Lines,transport,62.04,credit,,split w/ roommate
T102257,2023-05-26,AT&T Wireless,Transport ,$43.71,checking,N,split w/ roommate
T103667,06/07/24,Shell Gas Station,Transportation,177.95,credit,yes,auto-pay
T100473,09/02/2023,shell gas station,Dining ,175.97 USD,credit,,
T100021,10-07-2023,Trader Joe's,groceries,56.61 USD,savings,N,
T102752,2023-10-19,Shell Gas Station,,$69.23,savings,True,
T100885,"March 09, 2024",CVS Pharmacy,Entertainmnt,$5.51,savings,no,
T102448,"February 09, 2024",Netflix, Utilities,70.49,checking,1,  
T100917,07/22/23,Trader Joe's,Transportation,84.5,savings,yes,
T103878,2024-05-01,Spotify,,16.55 USD,savings,True,
T103872,02/26/24,delta air lines,Groceries,252.48,checking,no,
T102239,"August 17, 2024",Trader Joe's,ENTERTAINMENT,$25.13,savings,,
T103967,"November 26, 2024",Amazon.com,SHOPPING,53.65,credit,1,
T103395,05-09-2024,Target,SHOPPING,$45.48,checking,True,auto-pay
T101265,"October 15, 2023",  Shell Gas Station  ,Subscriptions,$67.20,checking,0,
T100483,10/29/2023,Whole Foods Market,Subscriptions ,8.02,checking,0,  
T104403,07/28/2024,Best Buy,Utilities,67.26,credit,yes,reimbursable
T102963,11-01-2023,Delta Air Lines,travel,85.9,credit,Y,split w/ roommate
T101219,09/07/24,home depot,Transportation,11007.00,checking,N,  
T100277,31-05-2024,CVS Pharmacy,HEALTHCARE,126.06,checking,True,
T100988,09/08/23,Best Buy,GROCERIES,18.39,savings,1,
T102084,18-11-2024,Starbucks,Shopping,$48.47,credit,1,auto-pay
T101245,03-06-2023,Amazon.com,Entertainment,59.86,credit,False,  
T102382,03/03/23,Trader Joe's,Transport ,59.78 USD,checking,yes,split w/ roommate
T100571,2023-08-30,STARBUCKS,Healthcare ,42.67 USD,savings,False,auto-pay
T101435,14-04-2023,CVS Pharmacy,Shoping,78.89,savings,N,
T100993,2024-09-17,CVS Pharmacy,Subscriptions,154.76 USD,credit,yes,  
T103565,2023-09-24,CVS Pharmacy,SUBSCRIPTIONS,125.24,checking,N,reimbursable
T103560,"October 27, 2023",Spotify,entertainment,57.17 USD,savings,0,auto-pay
T100585,16-01-2023,CVS Pharmacy,DINING,83.6,savings,N,
T103526,2023-04-22,AT&T WIRELESS,utilities,18.64,checking,N,  
T103779,11/01/2024,Chipotle Mexican Grill,Healthcare,118.75,credit,,
T102514,11/08/23,Chipotle Mexican Grill,Healthcare ,$64.69,checking,Y,
T101349,2024-06-14,Netflix,,71.75 USD,savings,no,split w/ roommate
T101007,2024-01-14,AT&T Wireless,Groceries,24.23,credit,Y,
T100674,2024-09-13,cvs pharmacy,groceries,$51.77,checking,1,
T102412,2023-07-26,netflix, Utilities,$71.80,checking,no,
T102903,03-03-2024,Delta Air Lines,Subscriptions,167.59,credit,yes,
T100447,2023-03-31,Best Buy,Shoping,103.45,checking,yes,
T103796,02-07-2024,Starbucks,shopping,64.17,savings,False,split w/ roommate
T103879,26-02-2023,Starbucks,Healthcare ,251.27 USD,checking,0,
T103824,05/16/23,Whole Foods Market,,$131.83,savings,N,split w/ roommate
T100359,09/09/2024,Spotify,Transport ,70.46,checking,no,  
T102064,10/26/2024,  Best Buy  ,groceries ,66.20 USD,savings,True,
T104518,08/23/23,Delta Air Lines,Dining ,56.05 USD,savings,Y,  
T103932,2023-11-01,Netflix,SUBSCRIPTIONS,87.46,checking,0,auto-pay
T101690,2024-06-26,Delta Air Lines, Groceries,$146.87,credit,Y,  
T104392,09/19/2023,Target,Shoping,81.47,savings,True,reimbursable
T101548,02/02/2024,Delta Air Lines,dining out,52.21,checking,N,
T101247,"November 13, 2024",Costco Wholesale,Healthcare ,6.83 USD,credit,False,reimbursable
T101985,09/03/24,Trader Joe's,ENTERTAINMENT,20.81,checking,1,
T100294,2024-03-12,Spotify,HEALTHCARE,52.06,checking,1,
T101547,2024-07-31,Netflix,TRANSPORTATION,$32.27,savings,N,
T102012,07-01-2024,  Best Buy  ,Shoping,105.81 USD,credit,yes,auto-pay
T100588,26-06-2024,Netflix,Healthcare,31.30 USD,,N,
T103329,"October 14, 2023",Amazon.com,Utility,$45.59,checking,,
T102403,02/04/2024,Uber,Transport ,$93.47,savings,0,  
T102129,18-03-2024,Shell Gas Station,Healthcare,$14.03,savings,False,
T104454,2023-09-28,Chipotle Mexican Grill,travel,156.58,credit,no,  
T103508,31-12-2023,Trader Joe's,Dining ,9.80,credit,N,split w/ roommate
T102410,12/23/2024,  Trader Joe's  ,GROCERIES,100.97,credit,False,auto-pay
T102719,01/05/2024,Netflix,SUBSCRIPTIONS,44.50 USD,credit,0,  
T104623,"April 26, 2024",AT&T Wireless,Travel,82.77,checking,,reimbursable
T100425,26-12-2023,Netflix,health care,$80.82,credit,N,auto-pay
T102582,"January 24, 2023",Chipotle Mexican Grill,GROCERIES,9.95,savings,,
T101054,"September 13, 2024",shell gas station,Entertainmnt,55.96,,Y,reimbursable
T104094,2024-12-15,Netflix,Grocery,55.06,checking,False,auto-pay
T104631,"November 26, 2024",Starbucks,shopping,16.34,savings,0,
T100556,26-11-2023,Shell Gas Station	,Dining,10.58 USD,savings,Y,split w/ roommate
T104424,07/15/24,Home Depot,subscription,79.88,savings,N,reimbursable
T104065,22-10-2023,Uber,Transport ,102.53,savings,N,
T104784,07/23/2023,AT&T Wireless,groceries ,3.2,checking,0,reimbursable
T102469,08/23/24,Costco Wholesale,Subscriptions ,$262.34,savings,N,  
T104782,12/21/23,Best Buy,Utilities,79.89,checking,False,auto-pay
T100355,"April 19, 2024",Best Buy,groceries ,41.52,checking,yes,
T101193,06/18/24,AT&T Wireless,health care,$115.79,savings,,reimbursable
T101716,"August 03, 2023",Trader Joe's,entertainment,110.82 USD,credit,yes,  
T103416,28-05-2023,Best Buy,Healthcare,68.96,credit,no,reimbursable
T102604,2023-03-07,Costco Wholesale,utilities,25.76 USD,credit,no,  
T104192,"October 23, 2023",Best Buy,GROCERIES,55.26,savings,False,split w/ roommate
T102828,03/29/2023,Whole Foods Market,transport,105.95 USD,checking,False,reimbursable
T101704,2024-04-22,Trader Joe's,Shopping,76.38,checking,,
T102863,2024-02-26,Home Depot,TRAVEL,43.75,credit,yes,split w/ roommate
T102618,10/28/24,Costco Wholesale	,shopping,$103.89,,0,split w/ roommate
T102400,05/10/23,Costco Wholesale,SHOPPING,67.11 USD,savings,no,
T102139,27-04-2024,Trader Joe's, Utilities,41.36,savings,False,
T103239,11/17/2024,Costco Wholesale,Transportation,167.21,savings,N,reimbursable
T102383,10/05/23,NETFLIX,Travel,137.34 USD,savings,yes,auto-pay
T103218,2023-10-03,Netflix,Shopping,49.31,checking,True,  
T103865,2023-06-10,Home Depot,TRAVEL,"15,125.00 USD",checking,True,split w/ roommate
T101285,2024-04-22,Spotify,Dining ,"7,982.00 USD",checking,Y,
T103918,05/08/23,Target,utilities,122.67 USD,credit,N,
T103963,09/14/23,Trader Joe's,SHOPPING,$86.56,checking,0,  
T104537,16-08-2023,Shell Gas Station,TRAVEL,$104.33,credit,Y,auto-pay
T102087,"August 02, 2023",Costco Wholesale,Healthcare ,49.84 USD,credit,0,reimbursable
T101889,01/29/23,Costco Wholesale,Healthcare,32.76,checking,yes,reimbursable
T103621,24-02-2024,Home Depot,Shoping,85.93 USD,credit,N,auto-pay
T101591,"January 13, 2023",Costco Wholesale,SHOPPING,"8,184.00 USD",checking,,
T101346,25-11-2024,Best Buy,transport,$45.87,savings,False,
T104849,11/16/2023,Whole Foods Market,GROCERIES,28.71 USD,savings,no,
T102162,31-03-2024,Home Depot, Groceries,7.95,checking,yes,
T102396,"December 18, 2024",AT&T Wireless,,13.30,credit,Y,
T103764,2023-11-18,Uber,HEALTHCARE,34.39,savings,no,
T102271,"December 09, 2023",at&t wireless,dining out,29.41 USD,credit,False,
T104559,"August 31, 2023",CVS Pharmacy, Utilities,95.13,savings,N,split w/ roommate
T103111,"February 01, 2023",Home Depot,Entertainment,54.47,checking,,auto-pay
T101137,02/17/23,AT&T Wireless,Entertainment,20.45,savings,Y,
T104022,2023-08-18,AT&T Wireless	, Groceries,53.05,savings,N,  
T100972,06/09/2023,Target,Subscriptions,144.67,savings,0,reimbursable
T100795,11/07/2023,Netflix,entertainment,67.31 USD,checking,1,  
T103020,07/21/23,Amazon.com,Entertainment,$35.56,checking,N,
T101711,2023-05-20,Amazon.com, Utilities,62.19,,N,  
T103387,05-11-2024,Home Depot,Subscriptions,$30.56,savings,yes,split w/ roommate
T100036,"September 09, 2024",Delta Air Lines,Healthcare ,82.54,checking,no,reimbursable
T100453,28-12-2023,Best Buy,utilities,30.08,checking,Y,
T100913,2024-11-15,Target,groceries ,116.87,savings,no,
T104151,2023-04-17,Whole Foods Market,Utility,158.37 USD,savings,False,
T101199,02/09/2023,Whole Foods Market,TRANSPORTATION,77.73,credit,no,
T101274,01/16/2024,AT&T Wireless,SUBSCRIPTIONS,60.70 USD,savings,N,split w/ roommate
T102375,03/02/23,Netflix,Shopping,179.32,checking,1,reimbursable
T100037,09/02/2023,Shell Gas Station,Subscriptions,91.35 USD,savings,0,
T100974,2024-04-25,Whole Foods Market,Healthcare ,$65.93,checking,False,reimbursable
T103195,18-12-2023,Amazon.com,travel,$31.67,checking,yes,reimbursable
T100983,"January 09, 2023",Amazon.com, Utilities,104.82,savings,True,
T104031,2023-02-24,Trader Joe's,Shopping,28.06 USD,credit,False,
T104144,"July 09, 2024",Chipotle Mexican Grill,DINING,102.88,checking,0,  
T101418,"September 14, 2023",Delta Air Lines,Dining ,24.14,checking,True,auto-pay
T103332,04/02/24,spotify,Entertainment,$182.80,savings,0,reimbursable
T101560,11/27/24,Netflix,,$96.18,checking,0,reimbursable
T100039,06/29/2024,Amazon.com,transport,$24.28,credit,N,  
T101486,"April 08, 2024",Starbucks,Subscriptions,174.44 USD,savings,False,
T104009,"May 12, 2024",Costco Wholesale,Entertainment,108.12,checking,False,auto-pay
T100169,2024-04-15,AT&T Wireless,entertainment,60.78,savings,1,auto-pay
T101355,07/06/23,  Netflix  ,TRAVEL,288.00 USD,checking,False,reimbursable
T102785,02/22/24,trader joe's,Groceries,88.37,checking,True,split w/ roommate
T103753,"October 03, 2024",Uber,SUBSCRIPTIONS,$94.02,savings,no,auto-pay
T104821,02/07/2024,,dining out,67.20,checking,N,auto-pay
T103612,09/25/24,Best Buy,GROCERIES,$25.70,savings,,reimbursable
T100987,03/15/2024,Costco Wholesale,entertainment,"5,092.00 USD",checking,True,reimbursable
T102682,22-09-2024,Delta Air Lines,subscription,$15.23,,N,
T104776,11/26/2023,, Groceries,90.15,credit,False,  
T104124,15-05-2024,Whole Foods Market,Dining ,$74.65,,0,split w/ roommate
T101640,11/16/23,AT&T Wireless,TRAVEL,135.75,savings,N,
T101290,,Chipotle Mexican Grill,transport,183.62 USD,checking,N,reimbursable
T101380,21-06-2024,Target,entertainment,180.01,savings,0,reimbursable
T101933,10/17/23,  AT&T Wireless  ,groceries,134.94 USD,checking,0,reimbursable
T100579,"October 02, 2024",Spotify,Utilities,$185.60,credit,False,  
T104284,12-05-2024,,Shoping,22.55,credit,,reimbursable
T103160,"August 21, 2024",Amazon.com,Shoping,36.85,checking,True,
T102030,"May 08, 2023",Delta Air Lines,SUBSCRIPTIONS,90.66,credit,no,  
T100892,2024-05-06,Netflix,SUBSCRIPTIONS,20.32,credit,1,reimbursable
T104618,08/07/2023,AT&T Wireless, Utilities,14.57 USD,credit,no,  
T100780,05/28/24,Target,Utility,$71.21,savings,False,  
T100159,02/13/2023,Best Buy, Groceries,$19.49,savings,0,  
T100002,01/01/2024,Whole Foods Market,subscription,70.13,savings,,
T102263,2023-02-12,Netflix, Utilities,31.00,checking,no,
T103216,2024-04-13,Costco Wholesale,Dining,77.75,savings,yes,reimbursable
T102109,"September 23, 2024",Chipotle Mexican Grill,Shopping,111.87 USD,credit,False,split w/ roommate
T100849,"January 30, 2023",Shell Gas Station,Entertainment,49.43,credit,Y,
T102737,"September 14, 2023",Uber,HEALTHCARE,45.22 USD,checking,True,
T102466,14-07-2023,Shell Gas Station,Dining,$126.36,credit,no,auto-pay
T103817,04/13/2023,Whole Foods Market,HEALTHCARE,100.9,checking,0,
T103771,10/31/24,Trader Joe's,Utility,16.69,checking,N,
T101596,2023-01-08,Trader Joe's,transport,49.74 USD,checking,Y,
T101776,,Netflix	,TRANSPORTATION,91.73,checking,Y,auto-pay
T101913,17-09-2024,Best Buy,Entertainmnt,97.99 USD,savings,False,  
T101043,2024-10-13,Target,DINING,186.61,checking,1,  
T104785,08-05-2024,Delta Air Lines,health care,68.88,savings,False,
T101544,04/25/23,Spotify,groceries ,65.78 USD,savings,yes,
T102736,02/28/2023,Amazon.com,Entertainmnt,$36.20,credit,Y,reimbursable
T103827,"March 26, 2023",CVS Pharmacy,Dining,21.94 USD,savings,1,auto-pay
T104688,2023-10-11,Home Depot,transport,$50.77,checking,Y,auto-pay
T100053,2024-02-26,CVS Pharmacy	,entertainment,$55.11,checking,yes,
T101796,"May 22, 2023",AT&T WIRELESS,Subscriptions ,167.99 USD,savings,0,auto-pay
T103588,"December 06, 2023",Home Depot,Healthcare,40.61,checking,,auto-pay
T101911,"November 17, 2023",Delta Air Lines, Groceries,33.86,credit,N,split w/ roommate
T102306,16-10-2023,Uber,entertainment,30.91,checking,True,reimbursable
T102553,07/26/24,Spotify,travel,$81.96,credit,no,  
T102800,08/06/24,Starbucks,,162.9,savings,False,auto-pay
T100936,07/19/24,Netflix,transport,42.08,savings,False,  
T104190,24-05-2024,Target,travel,47.88 USD,credit,True,
T100824,2023-06-18,Netflix,Subscriptions,$90.49,credit,1,
T104806,29-03-2024,Starbucks,shopping,48.45 USD,savings,0,auto-pay
T103178,04/29/2024,Starbucks,SUBSCRIPTIONS,$81.28,savings,,
T103401,12/06/2024,Costco Wholesale,groceries,69.98,credit,True,
T101389,23-08-2024,Best Buy,Transport ,51.13,savings,1,  
T103564,09/28/2023,Chipotle Mexican Grill,Healthcare,132.75,checking,no,reimbursable
T104950,04/14/24,Whole Foods Market,Dining ,5.50,credit,Y,split w/ roommate
T100884,22-04-2024,Whole Foods Market,transport,227.12,savings,yes,split w/ roommate
T103927,"July 19, 2023",Trader Joe's,DINING,54.79,checking,0,split w/ roommate
T103646,2023-05-27,Chipotle Mexican Grill,entertainment,$75.46,savings,no,auto-pay
T101607,24-10-2024,Costco Wholesale,TRAVEL,65.64,credit,,reimbursable
T101594,2024-07-21,Spotify,health care,$11.90,,no,
T100771,2024-08-29,Spotify,Dining,51.51,credit,,
T102611,12/13/2024,  Whole Foods Market  ,DINING,42.1,savings,False,  
T103979,"January 16, 2023",home depot,Entertainment,$27.21,credit,1,  
T102273,05/14/24,,Healthcare,$93.73,credit,True,split w/ roommate
T101868,07/19/23,Starbucks,HEALTHCARE,55.30 USD,credit,Y,split w/ roommate
T101085,03/12/23,Shell Gas Station,GROCERIES,32.43,savings,True,reimbursable
T100010,08/30/2024,Starbucks	,HEALTHCARE,$82.74,savings,,auto-pay
T104674,2023-10-05,Target,HEALTHCARE,$35.18,credit,0,  
T101325,2024-10-06,Amazon.com,Healthcare ,88.04,savings,1,split w/ roommate
T103390,11/30/23,Chipotle Mexican Grill,,47.64,credit,Y,auto-pay
T101463,02-11-2023,CVS PHARMACY,Shopping,52.34 USD,credit,N,
T100806,10/06/24,,TRAVEL,$54.40,credit,N,split w/ roommate
T103856,06/12/2023,Home Depot,HEALTHCARE,82.32 USD,savings,False,
T104105,"November 08, 2024",Trader Joe's,Subscriptions,24.45,,False,reimbursable
T103893,02/20/24,,Transport ,$23.22,credit,,split w/ roommate
T102108,29-08-2023,Starbucks,groceries ,74.30,checking,1,reimbursable
T104416,,Target,Healthcare,75.54 USD,credit,Y,
T100390,11-06-2024,Netflix,entertainment,40.86 USD,savings,yes,  
T102234,09/13/2024,Target,travel,$171.38,credit,no,
T103211,07/05/2024,Starbucks,shopping,107.16,checking,True,
T100963,2024-03-13,,Travel,122.16,checking,,split w/ roommate
T103415,09/26/2024,Costco Wholesale,ENTERTAINMENT,$129.80,credit,True,  
T103888,12/24/2024,AT&T Wireless,dining out,$50.09,checking,yes,  
T100398,17-05-2023,netflix,shopping,79.75 USD,savings,True,
T102632,25-04-2024,Target,Healthcare ,$39.88,credit,no,  
T104924,09/30/2023,AT&T Wireless,Shoping,150.62,savings,N,auto-pay
T102996,13-02-2023,Trader Joe's,TRAVEL,63.67,savings,True,  
T100704,04/17/24,Best Buy,Travel,52.20 USD,credit,1,
T100431,07-02-2024,Amazon.com,Utility,71.86,savings,Y,split w/ roommate
T104738,2023-07-17,AT&T Wireless,Healthcare ,$74.04,savings,,split w/ roommate
T100292,14-11-2024,,DINING,20.77,savings,no,split w/ roommate
T104940,04-10-2023,Uber,travel,"5,541.00 USD",checking,yes,
T100145,12/14/24,Starbucks,entertainment,106.00,checking,True,  
T104209,06/08/23,CVS Pharmacy,Entertainment,13.50 USD,credit,,  
T102033,06/07/2024,Target,utilities,25.80 USD,checking,Y,split w/ roommate
T103741,04/12/2023,AT&T Wireless,Shoping,143.73,,1,reimbursable
T104270,16-12-2023,Best Buy,entertainment,110.86,credit,yes,auto-pay
T101165,2023-12-28,CVS Pharmacy,Dining,15.31,savings,yes,
T103500,07/15/2023,Shell Gas Station,Subscriptions ,268.56 USD,savings,0,split w/ roommate
T102050,2023-08-18,Home Depot,,49.47 USD,savings,no,reimbursable
T102624,13-03-2023,Target, Groceries,109.20 USD,checking,Y,  
T104444,08/02/2024,Trader Joe's,Utility,$87.49,savings,,split w/ roommate
T100339,12/17/2023,Home Depot,Dining ,55.6,credit,,split w/ roommate
T104005,17-04-2023,BEST BUY,,51.15,checking,yes,split w/ roommate
T103793,04-03-2024,Delta Air Lines,Groceries,41.20 USD,savings,no,
T102973,10/30/24,Starbucks,travel,25.44,savings,no,
T100265,02/28/24,starbucks,Entertainmnt,103.68,savings,Y,
T102424,01-11-2023,Chipotle Mexican Grill,Entertainment,69.62,checking,False,
T101262,"September 07, 2024",Delta Air Lines,transport,52.85,checking,,auto-pay
T101771,11/17/2023,Best Buy,Utilities,$67.09,checking,True,  
T103511,"May 31, 2024",Best Buy,utilities,178.83,checking,False,reimbursable
T100271,12/26/23,  Netflix  , Utilities,122.95,checking,1,
T100696,"March 15, 2024",AT&T Wireless,Travel,168.58 USD,savings,yes,  
T100747,"August 31, 2024",Uber,DINING,100.07 USD,credit,0,
T100244,20-01-2023,Amazon.com	,TRANSPORTATION,$19.04,savings,yes,  
T100317,12/30/24,Chipotle Mexican Grill,TRAVEL,38.96,checking,,
T100476,12/08/23,Best Buy,SHOPPING,5.51,credit,1,auto-pay
T102032,31-07-2024,Netflix,,102.67,savings,True,split w/ roommate
T100957,10/08/24,amazon.com,Entertainmnt,$1.64,checking,,
T103939,24-02-2023,Shell Gas Station	,subscription,$154.77,checking,1,reimbursable
T100813,17-08-2023,Delta Air Lines	,dining out,108.8,checking,yes,auto-pay
T104522,10-06-2024,spotify,transport,$41.02,credit,no,
T101914,15-06-2023,Delta Air Lines,dining out,93.37,credit,1,split w/ roommate
T104672,16-03-2024,Home Depot,SHOPPING,183.87,savings,False,
T103487,"April 28, 2024",Starbucks,Entertainment,$35.68,credit,yes,  
T101297,,Whole Foods Market,Utilities,$42.61,savings,N,reimbursable
T104128,2024-12-17,Target,Travel,174.52,credit,1,split w/ roommate
T101804,10/23/23,Uber,entertainment,132.73,checking,True,
T100758,01-11-2023,CVS Pharmacy,Healthcare ,44.51 USD,savings,0,  
T100250,03/05/2023,Costco Wholesale,SHOPPING,42.12 USD,credit,N,  
T102461,2023-12-03,Starbucks,health care,156.29,savings,0,reimbursable
T100545,07/16/2024,  Target  ,Healthcare ,,checking,0,split w/ roommate
T103241,01-11-2024,Uber,groceries,13.96,savings,1,split w/ roommate
T100738,2024-02-18,Home Depot,Groceries,53.96 USD,credit,yes,split w/ roommate
T100310,28-02-2024,Trader Joe's,groceries ,99.65,checking,False,reimbursable
T103902,02/15/2023,Spotify,GROCERIES,140.93 USD,savings,1,  
T102941,04/21/2024,best buy,Transportation,58.68,savings,Y,reimbursable
T101131,"July 20, 2024",Chipotle Mexican Grill,Shoping,$62.49,checking,no,reimbursable
T101449,"August 31, 2024",Trader Joe's,HEALTHCARE,17.78,checking,False,
T104993,2023-01-22,uber,utilities,25.15,checking,yes,reimbursable
T100015,"September 16, 2024",Amazon.com,Groceries,109.06,checking,yes,split w/ roommate
T103232,2024-01-25,Whole Foods Market,Subscriptions,24.45,checking,1,
T102769,31-01-2023,Target,Shoping,$25.84,checking,1,
T103468,01/21/24,Home Depot,ENTERTAINMENT,58.95 USD,savings,1,
T100920,2023-04-01,Netflix,TRANSPORTATION,$29.71,savings,no,
T103029,"September 27, 2024",Target,Utilities,42.30,,,auto-pay
T101372,"February 05, 2023",Whole Foods Market,Healthcare ,182.67,checking,,  
T103587,2024-04-21,Home Depot,DINING,34.05,checking,True,
T102544,15-05-2023,Home Depot,Entertainment,70.21 USD,credit,0,
T103598,2023-12-21,chipotle mexican grill,Groceries,$48.42,checking,True,auto-pay
T100038,2023-01-04,Best Buy,subscription,193.42,checking,,
T100363,"November 07, 2023",  Trader Joe's  ,Subscriptions ,$66.26,credit,yes,split w/ roommate
T104163,10/14/23,delta air lines,Healthcare,12.3,savings,True,auto-pay
T100182,06/26/24,Shell Gas Station,SUBSCRIPTIONS,47.72 USD,savings,N,
T103033,13-01-2024,Amazon.com,shopping,96.08,savings,False,
T102983,"April 26, 2023",Shell Gas Station,travel,61.49 USD,credit,,reimbursable
T101194,14-06-2024,AT&T Wireless,travel,$55.26,checking,0,reimbursable
T102852,2024-06-18,Uber,Transportation,28.93 USD,,True,
T103887,"May 04, 2024",starbucks,Shopping,70.00 USD,,False,  
T101121,04/26/2023,Chipotle Mexican Grill,,$93.04,checking,1,
T102235,08/02/2023,Spotify,Subscriptions,25.57 USD,checking,yes,  
T102667,14-10-2023,Shell Gas Station,groceries ,55.98,savings,1,  
T103820,25-04-2023,Home Depot,Utility,$259.33,checking,0,auto-pay
T103223,2024-08-31,Best Buy,dining out,80.1,checking,True,reimbursable
T101182,11-04-2023,AT&T Wireless,Healthcare,78.03,checking,no,auto-pay
T104247,"January 19, 2024",Whole Foods Market,Dining ,,savings,1,split w/ roommate
T104359,"April 16, 2024",CVS Pharmacy,Travel,75.37,credit,N,
T100614,04/05/23,AMAZON.COM,Entertainment,34.54,savings,N,auto-pay
T104982,"February 06, 2024",Whole Foods Market,Subscriptions,192.3,savings,1,  
T101466,2024-06-28,AT&T Wireless,TRAVEL,72.74 USD,credit,1,split w/ roommate
T100401,09/03/2023,Home Depot,TRAVEL,41.71,checking,0,
T103042,"April 23, 2024",Spotify,Transport ,133.83,savings,1,  
T100934,09/10/2023,Chipotle Mexican Grill,DINING,$60.87,savings,False,
T102419,04/18/23,Trader Joe's,Dining,101.85 USD,credit,0,reimbursable
T104127,17-12-2024,Best Buy,shopping,138.62,savings,,  
T104702,"October 22, 2023",Target,TRAVEL,92.12 USD,credit,1,
T102641,16-07-2023,Amazon.com,Entertainment,264.87 USD,checking,False,
T103368,07/03/23,DELTA AIR LINES,utilities,,checking,no,auto-pay
T100726,10/29/2024,Shell Gas Station,Subscriptions,99.8,checking,N,reimbursable
T100826,"April 11, 2024",Best Buy,entertainment,32.51,savings,1,auto-pay
T101521,10/07/23,Uber,SHOPPING,178.86,checking,yes,
T104817,10/04/2024,Trader Joe's,Entertainmnt,$68.10,credit,True,
T102930,"February 21, 2024",Amazon.com,SUBSCRIPTIONS,200.60,checking,False,
T100136,10/10/2023,Spotify, Utilities,$94.79,checking,0,split w/ roommate
T103590,12/30/2023,Uber,ENTERTAINMENT,47.62,savings,yes,auto-pay
T100628,26-02-2023,Amazon.com,Dining,127.73 USD,checking,False,reimbursable
T100334,2024-01-04,Chipotle Mexican Grill,health care,36.86 USD,credit,no,reimbursable
T100390,11-06-2024,Netflix,entertainment,40.86 USD,savings,yes,  
T104453,12/15/2023,Netflix,Healthcare ,71.84,savings,yes,split w/ roommate
T104949,2024-10-08,Chipotle Mexican Grill,Healthcare,117.17,checking,N,
T103955,"January 03, 2023",Uber,Dining,$97.21,checking,Y,split w/ roommate
T101817,31-03-2024,CVS Pharmacy,Subscriptions ,$18.86,savings,yes,
T100400,08/12/23,Starbucks,subscription,8.91,,1,auto-pay
T100710,2024-04-01,Amazon.com,TRAVEL,160.9,,Y,
T101039,11/01/23,  Chipotle Mexican Grill  ,groceries ,$94.64,credit,Y,reimbursable
T100777,10/10/2023,Target,shopping,23.81 USD,savings,N,
T103359,12/24/23,,Grocery,65.44 USD,savings,Y,  
T100046,2024-06-30,Uber,Dining,218.14,checking,,auto-pay
T101561,2023-04-03,costco wholesale, Groceries,23.47,credit,True,reimbursable
T104872,2023-06-09,Whole Foods Market	,ENTERTAINMENT,34.8,savings,0,split w/ roommate
T103642,13-10-2024,Chipotle Mexican Grill,travel,85.69 USD,savings,0,
T103726,2023-05-01,Costco Wholesale,Transportation,110.36 USD,savings,True,split w/ roommate
T104916,28-11-2023,Target,Healthcare ,121.24 USD,savings,no,auto-pay
T101112,11/06/24,Chipotle Mexican Grill,Healthcare,169.87 USD,credit,1,reimbursable
T102513,2023-07-01,Whole Foods Market,ENTERTAINMENT,63.53 USD,checking,Y,
T103608,"February 21, 2024",Chipotle Mexican Grill,entertainment,172.97 USD,checking,,split w/ roommate
T101223,07/26/2024,Best Buy,DINING,86.22,credit,0,
T104930,04/14/2023,Costco Wholesale, Utilities,69.14 USD,savings,,reimbursable
T103023,"January 27, 2023",Delta Air Lines,groceries ,148.56 USD,checking,yes,reimbursable
T102421,23-11-2023,Target,entertainment,75.04 USD,checking,Y,split w/ roommate
T101508,"September 30, 2024",,Healthcare,163.62,,True,
T101750,09/17/2023,Best Buy,TRAVEL,$80.47,credit,no,
T104910,05/19/2024,Chipotle Mexican Grill,,164.88,savings,no,
T104475,"July 18, 2023",Chipotle Mexican Grill,Transport ,$93.90,checking,1,auto-pay
T101799,"June 23, 2024",CVS Pharmacy,subscription,63.04,checking,1,reimbursable
T100338,03/25/2024,Target,TRANSPORTATION,36.7,checking,no,
T100215,04/02/2024,CVS Pharmacy,Dining ,74.71,checking,N,reimbursable
T103663,2024-07-03,Best Buy,Healthcare,$93.93,checking,no,  
T101341,"October 27, 2024",Delta Air Lines,utilities,63.71,savings,,
T100011,22-07-2023,Shell Gas Station,,38.82,credit,True,reimbursable
T101520,"February 08, 2023",CVS Pharmacy,Healthcare,18.82 USD,savings,no,
T103640,05/02/2023,  Home Depot  ,Grocery,40.63,checking,1,auto-pay
T104104,12-10-2024,  Delta Air Lines  ,SUBSCRIPTIONS,68.37,savings,no,reimbursable
T103897,12/16/2024,Chipotle Mexican Grill,Utilities,31.04,checking,N,auto-pay
T103004,09/25/2024,whole foods market,Shoping,59.46,savings,N,auto-pay
T102864,2024-06-01,Spotify,Subscriptions,84.38 USD,savings,Y,reimbursable
T103115,07/21/2024,Costco Wholesale,Travel,134.83,credit,1,  
T104913,"April 19, 2023",Trader Joe's,Shopping,147.08 USD,credit,,reimbursable
T102322,05/22/23,Starbucks,shopping,45.51 USD,savings,0,  
T102571,05/03/23,Netflix,Subscriptions,61.51,checking,False,  
T102913,29-04-2023,Starbucks,Utility,6.71 USD,savings,1,split w/ roommate
T100101,"February 26, 2023",Home Depot,Shoping,51.96,credit,1,reimbursable
T103549,"October 22, 2023",Trader Joe's,Healthcare,61.34,credit,Y,auto-pay
T101458,11-06-2024,Best Buy,entertainment,102.9,checking,,split w/ roommate
T100171,20-09-2024,whole foods market,Dining,170.89,checking,True,  
T100107,03-01-2024,Best Buy,travel,173.57,credit,yes,
T104260,02-12-2024,Trader Joe's,travel,147.12 USD,savings,1,  
T103569,2024-09-06,Target,Utility,140.56,credit,False,  
T104900,2024-10-08,WHOLE FOODS MARKET,groceries,,,False,
T104084,11/01/24,Trader Joe's,health care,69.34,savings,N,reimbursable
T104361,09-04-2024,NETFLIX,Entertainment,141.15,credit,Y,
T100024,04/13/2023,Delta Air Lines,HEALTHCARE,26.55 USD,credit,,
T103986,"March 11, 2024",Amazon.com,Transport ,81.08 USD,savings,True,
T104501,"April 22, 2023",UBER,transport,$7.05,credit,Y,auto-pay
T100938,2023-08-02,Home Depot,Utilities,213.92 USD,checking,True,auto-pay
T100060,08/26/24,Netflix,health care,175.18 USD,credit,Y,split w/ roommate
T101240,11/25/23,amazon.com,Subscriptions ,$36.62,savings,,reimbursable
T104708,"May 15, 2023",Amazon.com,Subscriptions ,89.39,checking,0,
T101040,"October 12, 2023",Spotify,Shopping,67.28,credit,N,split w/ roommate
T104250,07/27/2023,Delta Air Lines,Dining,32.41,savings,N,reimbursable
T102760,01/16/2024,AT&T Wireless,health care,64.95,checking,N,split w/ roommate
T102120,2024-05-21,Starbucks,Transportation,54.18,checking,True,split w/ roommate
T101524,08/07/23,Netflix,groceries,34.18 USD,savings,no,
T103521,14-10-2024,Shell Gas Station,Transport ,$136.34,savings,Y,reimbursable
T100153,"December 01, 2023",Shell Gas Station,shopping,$30.36,checking,1,reimbursable
T102248,12/24/2023,Uber,dining out,$60.60,savings,0,split w/ roommate
T100481,2024-09-09,CVS Pharmacy,entertainment,53.51 USD,,,reimbursable
T103484,"August 22, 2024",,entertainment,29.60 USD,checking,no,
T104371,2024-12-27,Trader Joe's,utilities,137.63,credit,True,split w/ roommate
T103578,"May 06, 2024",Trader Joe's,utilities,184.33 USD,checking,False,auto-pay
T104400,02/04/2024,Uber,Entertainment,170.14,checking,N,
T103562,2024-06-10,Trader Joe's,Healthcare,79.56 USD,credit,yes,reimbursable
T103315,"November 02, 2024",Home Depot,,32.65,checking,0,  
T101762,23-05-2024,Amazon.com,Transportation,,savings,True,
T103538,03/21/2023,Starbucks,Transportation,69.66 USD,savings,True,
T104876,09/21/23,Whole Foods Market,Groceries,38.8,credit,N,split w/ roommate
T100750,"December 25, 2023",AT&T Wireless,GROCERIES,36.68,checking,N,
T103619,11/18/2023,WHOLE FOODS MARKET,HEALTHCARE,"2,702.00 USD",credit,0,split w/ roommate
T101785,09/28/24,Costco Wholesale,Entertainment,218.9,credit,,auto-pay
T104336,16-06-2024,Netflix,SUBSCRIPTIONS,36.76,credit,N,reimbursable
T103383,2024-01-17,AT&T Wireless,utilities,12.10,checking,N,reimbursable
T104201,11/08/2023,Target,Subscriptions,$262.42,credit,False,split w/ roommate
T100405,"December 18, 2024",BEST BUY,Transport ,37.85,savings,0,  
T100757,24-12-2024,Starbucks,Subscriptions ,109.84,credit,0,  
T102711,02/08/23,Netflix,Utility,315.47,savings,yes,
T102670,04/08/24,Delta Air Lines,travel,87.10,savings,,
T104103,04/17/23,Shell Gas Station, Utilities,135.49,savings,yes,  
T100097,04-02-2024,Whole Foods Market,subscription,104.02 USD,checking,no,split w/ roommate
T101333,06/03/23,AT&T Wireless	,travel,26.9,savings,True,reimbursable
T104520,"December 06, 2023",Spotify,SHOPPING,$13.50,credit,1,auto-pay
T102791,"September 11, 2024",AT&T Wireless,entertainment,273.98,checking,False,reimbursable
T102854,06/07/24,Costco Wholesale,shopping,67.53 USD,checking,yes,  
T100186,03/26/24,Whole Foods Market,Dining,$99.67,checking,1,split w/ roommate
T101136,07/13/24,Trader Joe's,travel,197.54,credit,0,
T102723,2024-11-19,Home Depot,HEALTHCARE,101.02,checking,Y,reimbursable
T103583,02/08/2023,Trader Joe's,Entertainment,85.53,savings,N,reimbursable
T102058,2024-05-27,Costco Wholesale,entertainment,36.04,,0,
T101319,08/25/2024,AT&T Wireless,TRAVEL,122.28,checking,1,auto-pay
T104262,07/13/2023,Amazon.com,travel,23.68 USD,credit,0,  
T100148,2024-03-12,Costco Wholesale,SHOPPING,$29.46,savings,True,split w/ roommate
T100028,"July 21, 2023",Target,subscription,90.44,savings,False,auto-pay
T104203,10/09/2024,Whole Foods Market,,61.89,savings,1,reimbursable
T101394,03/24/23,Delta Air Lines,Dining ,74.54 USD,savings,no,reimbursable
T103363,01/19/24,Shell Gas Station,DINING,58.66,savings,Y,  
T100692,12-08-2023,Whole Foods Market,groceries ,64.61 USD,checking,True,  
T102866,01/30/23,Uber,Subscriptions ,73.36 USD,checking,,reimbursable
T103776,24-06-2024,AMAZON.COM,TRANSPORTATION,$33.86,credit,no,
T101386,10/19/23,Chipotle Mexican Grill,Transport ,17.81 USD,savings,N,reimbursable
T101845,"April 15, 2023",Whole Foods Market	,Healthcare ,98.93,checking,1,
T104803,"October 01, 2023",Home Depot,SHOPPING,$55.68,credit,Y,reimbursable
T100129,2024-10-20,Trader Joe's,Entertainmnt,51.88,savings,Y,  
T101599,01/21/2023,Starbucks,Utility,32.89,savings,1,split w/ roommate
T103629,2023-05-31,Delta Air Lines,dining out,101.63,,,split w/ roommate
T104572,2024-03-06,Home Depot, Groceries,52.18 USD,checking,True,
T100701,"March 19, 2024",,TRAVEL,$79.63,credit,1,reimbursable
T103547,"June 19, 2023",Costco Wholesale,groceries,147.18,credit,,
T103028,"November 07, 2024",Starbucks,HEALTHCARE,41.94 USD,savings,1,  
T102969,06/07/2024,Shell Gas Station,HEALTHCARE,92.66,,True,  
T104422,2023-09-14,Uber,SUBSCRIPTIONS,17.90,checking,no,auto-pay
T101708,06-07-2023,Whole Foods Market,Entertainmnt,6391.00,checking,1,auto-pay
T102953,02/07/2023,Amazon.com,Entertainmnt,$133.11,,no,  
T100454,2023-05-01,Trader Joe's,SUBSCRIPTIONS,128.15 USD,savings,Y,reimbursable
T102868,01/15/2024,Best Buy,Entertainment,54.91,checking,yes,  
T102040,11/17/2023,Whole Foods Market,Subscriptions,277.57 USD,checking,0,
T101772,"May 10, 2024",Trader Joe's,Grocery,16901.00,credit,True,reimbursable
T102315,31-01-2023,AT&T Wireless,transport,$60.30,savings,no,auto-pay
T100609,02/17/23,SPOTIFY,shopping,154.20,checking,0,reimbursable
T100167,04/27/23,WHOLE FOODS MARKET,shopping,23.44 USD,checking,no,
T100730,"January 01, 2023",Amazon.com,Subscriptions ,$10.60,checking,no,reimbursable
T104314,03-08-2024,Home Depot,TRANSPORTATION,154.95,,yes,
T103358,"August 07, 2024",  Starbucks  ,shopping,24.60,savings,False,reimbursable
T103896,"April 09, 2024",Whole Foods Market,health care,88.01,credit,no,split w/ roommate
T102074,2023-07-11,Spotify,health care,$45.52,credit,,
T104614,2023-10-16,Netflix,DINING,$27.41,savings,yes,auto-pay
T103945,10/22/24,Netflix,Transport ,$46.28,checking,N,
T103700,2023-10-15,Spotify,Entertainment,210.66,savings,no,
T101622,05/19/23,Amazon.com,dining out,19.09 USD,checking,False,reimbursable
T100587,08/26/2023,Target,TRANSPORTATION,$37.95,checking,False,auto-pay
T101401,08/17/2024,Amazon.com,shopping,$164.19,savings,0,
T103045,07/12/24,Trader Joe's,Entertainment,33.95,savings,N,auto-pay
T103224,2024-03-03,Shell Gas Station,health care,59.97,credit,yes,auto-pay
T101700,08-03-2024,AT&T Wireless,Dining ,85.31,checking,no,split w/ roommate
T103088,"August 05, 2023",Home Depot, Utilities,100.20,savings,,  
T104456,21-05-2024,target,shopping,108.81,savings,False,  
T102981,05/27/2024,Best Buy,Utility,$135.18,checking,no,auto-pay
T100040,08/22/2023,Shell Gas Station,TRANSPORTATION,58.58,savings,,reimbursable
T101379,05/01/2024,Netflix,groceries,$70.09,checking,no,auto-pay
T102089,05/30/2023,  Target  ,TRAVEL,27.07,credit,0,split w/ roommate
T103924,2023-07-29,Amazon.com,SHOPPING,$66.75,credit,True,  
T102175,03/13/2024,AT&T Wireless,shopping,16.03 USD,credit,1,
T103217,12-10-2023,  CVS Pharmacy  ,TRANSPORTATION,$25.84,checking,yes,
T102885,08/27/23,Spotify,SHOPPING,72.35 USD,checking,1,  
T100074,,best buy,Dining ,$132.77,checking,1,auto-pay
T104036,08-09-2024,CVS Pharmacy,groceries ,35.87,checking,,auto-pay
T104017,2024-01-22,Netflix,transport,120.39 USD,checking,0,  
T102657,12/16/2023,Home Depot,Transportation,158.17,credit,0,  
T103180,01/19/23,Costco Wholesale,ENTERTAINMENT,17.84,checking,False,reimbursable
T102076,05/23/2024,Delta Air Lines,subscription,35.82,checking,,reimbursable
T100441,"December 15, 2023",  Shell Gas Station  ,Entertainment,102.91 USD,checking,yes,split w/ roommate
T104139,2023-10-02,Spotify	,Dining,$16.46,savings,True,reimbursable
T102051,22-01-2024,Uber,Travel,$40.55,credit,True,
T102541,"January 08, 2024",Spotify,TRANSPORTATION,$35.39,credit,Y,
T103306,07/27/23,Trader Joe's,Entertainmnt,77.94 USD,savings,1,  
T101301,2023-01-24,Chipotle Mexican Grill,Dining,23.69 USD,checking,0,reimbursable
T101781,07/30/2024,CVS Pharmacy,SUBSCRIPTIONS,179.98 USD,credit,False,auto-pay
T104997,2023-09-07,Spotify,Subscriptions,91.45 USD,credit,0,
T103430,23-06-2023,AT&T Wireless, Utilities,129.46 USD,checking,True,split w/ roommate
T101304,2024-02-17,Amazon.com,Travel,$64.17,checking,Y,split w/ roommate
T100236,"November 28, 2024",CVS Pharmacy,Dining,22.24,credit,N,reimbursable
T102599,08/12/23,Amazon.com	,entertainment,42.58 USD,credit,False,
T100520,"March 02, 2024",Home Depot,Dining ,77.61,savings,N,auto-pay
T102573,11/30/2024,AT&T Wireless,,110.11,credit,no,
T103280,07/01/2024,TRADER JOE'S,TRANSPORTATION,$66.84,checking,1,  
T103186,2024-02-16,Netflix,shopping,76.86,savings,True,
T103953,"January 10, 2024",Uber,Healthcare ,79.38,credit,yes,  
T102768,2024-09-05,Best Buy,Healthcare,134.36,checking,,
T100735,04/27/2024,Netflix, Utilities,39.23,credit,Y,auto-pay
T104775,,Uber,Subscriptions ,$135.19,savings,True,
T100455,,  Spotify  ,transport,63.88 USD,savings,no,
T102106,2024-02-28,CVS Pharmacy,Travel,88.18,savings,True,auto-pay
T102679,2023-03-12,,Transportation,$113.04,checking,0,split w/ roommate
T103229,06/22/2023,Whole Foods Market,SHOPPING,124.53 USD,checking,no,auto-pay
T102761,09/20/23,Spotify,dining out,35.37,credit,yes,auto-pay
T100592,06/08/24,  Trader Joe's  ,HEALTHCARE,26.66 USD,credit,False,auto-pay
T101303,11/22/2024,Spotify,SUBSCRIPTIONS,59.58 USD,checking,False,split w/ roommate
T101387,30-06-2024,AT&T Wireless,entertainment,89.51,credit,Y,
T104766,07-02-2023,  Delta Air Lines  ,SUBSCRIPTIONS,$108.46,savings,True,
T104595,10/24/2023,Whole Foods Market,Dining ,86.81,checking,False,auto-pay
T104074,2023-06-06,CVS Pharmacy,Shoping,256.42,checking,False,
T101890,11/29/24,netflix,Shoping,70.62,savings,0,auto-pay
T102987,11/11/24,Trader Joe's,Groceries,,checking,0,
T104998,03-04-2023,Starbucks,Transportation,83.88,checking,Y,auto-pay
T103297,02/14/23,CVS Pharmacy,Shoping,26.10,savings,Y,
T100904,"December 29, 2024",Target,TRANSPORTATION,$41.14,savings,1,
T104679,"April 10, 2024",cvs pharmacy,GROCERIES,40.32,credit,0,reimbursable
T101279,2023-03-08,Uber,Shoping,185.10 USD,credit,False,
T100933,11/18/2023,Starbucks,,219.69 USD,savings,0,reimbursable
T104973,2023-02-21,SHELL GAS STATION,Dining,$48.48,credit,,  
T102308,02/16/2024,Chipotle Mexican Grill, Utilities,76.10 USD,checking,True,  
T101555,07/07/2023,Whole Foods Market,shopping,42.40 USD,checking,N,split w/ roommate
T104602,09/04/23,Chipotle Mexican Grill,Entertainmnt,67.54,credit,False,
T103190,20-10-2024,Amazon.com,Groceries,38.20 USD,savings,False,split w/ roommate
T104510,03-08-2023,Chipotle Mexican Grill,health care,112.22 USD,savings,False,split w/ roommate
T100706,2024-03-17,Starbucks,shopping,123.95 USD,credit,0,split w/ roommate
T104761,12/03/2024,Costco Wholesale,dining out,53.46,checking,Y,auto-pay
T103070,"March 24, 2023",Delta Air Lines,Transportation,,checking,no,auto-pay
T100745,12/18/23,Spotify,Entertainment,97.73,savings,0,  
T103594,2023-02-02,Home Depot,shopping,36.47 USD,savings,,reimbursable
T101939,2024-11-19,Amazon.com,Subscriptions,$105.64,savings,yes,  
T104466,06-10-2023,Home Depot,HEALTHCARE,33.94 USD,checking,N,  
T102862,2024-11-04,Netflix	,Utility,$92.68,credit,,  
T101920,03/21/2024,Home Depot,entertainment,$53.91,credit,yes,auto-pay
T100513,05/27/23,Home Depot,Dining ,80.12,checking,,
T100081,04/30/2024,Costco Wholesale,Entertainment,74.06,credit,Y,
T103611,11/01/23,UBER,entertainment,172.07,credit,,split w/ roommate
T101308,03-02-2024,costco wholesale,Dining ,$153.31,checking,0,
T104617,01/23/2023,Trader Joe's,groceries ,$24.87,checking,1,split w/ roommate
T100914,"November 11, 2023",Amazon.com,SUBSCRIPTIONS,29.64,,,
T103452,2023-05-30,Chipotle Mexican Grill,DINING,45.44,checking,True,  
T103695,2023-06-30,Spotify,Subscriptions,45.69 USD,savings,1,
T104877,"January 02, 2024",Target,DINING,$49.33,credit,1,split w/ roommate
T103156,02/22/23,Best Buy,dining out,41.34 USD,savings,0,reimbursable
T102198,"May 07, 2024",Chipotle Mexican Grill,Shoping,$72.98,checking,1,auto-pay
T104296,2024-11-06,Netflix,Transport ,$17.04,savings,1,
T100774,"June 21, 2023",Home Depot,Transportation,47.09 USD,savings,True,
T100329,04/28/23,Home Depot,shopping,$143.88,credit,yes,split w/ roommate
T102054,2024-02-16,Shell Gas Station,Utilities,$119.53,credit,,auto-pay
T102001,23-12-2023,Netflix,TRAVEL,6.79,savings,True,  
T100943,"April 28, 2023",Starbucks,shopping,55.20,credit,yes,split w/ roommate
T100822,02/26/23,Amazon.com,Dining ,48.60,checking,N,split w/ roommate
T104596,2024-09-12,Chipotle Mexican Grill,ENTERTAINMENT,$34.21,credit,Y,auto-pay
T100909,22-02-2023,Delta Air Lines,Healthcare,79.23 USD,savings,N,reimbursable
T102516,01-10-2024,Whole Foods Market,Groceries,149.56 USD,credit,,
T100181,2023-10-27,Amazon.com,TRANSPORTATION,$46.78,checking,0,auto-pay
T100164,2024-01-19,CVS Pharmacy, Utilities,157.69,credit,no,reimbursable
T101523,02/02/23,Whole Foods Market,Travel,$79.29,savings,False,split w/ roommate
T100451,14-03-2023,Delta Air Lines,Shopping,255.24 USD,savings,False,
T103983,05/02/23,CVS PHARMACY,Shopping,60.38,,1,
T102538,"November 27, 2024",Costco Wholesale, Utilities,$71.58,checking,,auto-pay
T104168,2023-03-23,Target,HEALTHCARE,78.56,credit,yes,
T104848,03/02/23,Best Buy, Utilities,96.86,savings,no,auto-pay
T101311,11-01-2023,uber,Dining ,81.33,credit,1,
T103149,"June 12, 2023",Netflix,transport,39.22 USD,savings,False,  
T101111,07-02-2024,Shell Gas Station,Subscriptions,,,,
T104616,2024-03-10,Costco Wholesale,entertainment,99.65,checking,0,
T103874,06/01/2023,AT&T Wireless,,,savings,,
T103489,"November 27, 2023",Chipotle Mexican Grill,Healthcare,56.45 USD,credit,True,auto-pay
T101287,2023-02-19,Chipotle Mexican Grill,Groceries,68.24,credit,no,split w/ roommate
T104240,2023-05-15,starbucks,Dining,222.32 USD,credit,0,reimbursable
T104716,"May 28, 2024",Netflix,Grocery,$109.31,credit,Y,reimbursable
T103680,"June 05, 2023",Costco Wholesale,TRAVEL,$54.75,checking,yes,auto-pay
T104396,2023-12-14,,dining out,188.11 USD,credit,0,reimbursable
T104231,"May 03, 2023",Starbucks,Healthcare ,144.90 USD,checking,Y,  
T103300,14-11-2024,Costco Wholesale,Dining ,$8.30,savings,False,
T103310,08/17/23,Spotify,Dining ,37.97,savings,no,auto-pay
T104625,2023-02-16,Best Buy,HEALTHCARE,162.22,checking,True,split w/ roommate
T103125,2024-11-30,Trader Joe's,Utilities,19.33 USD,savings,no,
T100327,2023-07-21,Costco Wholesale,groceries,$98.09,savings,Y,
T102490,11/03/23,Uber,Utility,87.49,credit,Y,
T104756,2024-03-01,Netflix,Entertainmnt,$220.48,savings,1,reimbursable
T100832,"October 15, 2024",Best Buy,groceries ,$115.29,checking,False,auto-pay
T103079,"June 09, 2023",Spotify,Shoping,$165.44,savings,True,auto-pay
T103462,08/13/23,Amazon.com,Shopping,48.63,checking,False,
T104457,09/06/2024,Home Depot,Travel,72.63,checking,,
T100054,2024-08-29,Starbucks,Shoping,$133.83,savings,no,reimbursable
T104064,"May 16, 2023",Chipotle Mexican Grill,Travel,44.33 USD,checking,Y,
T103451,03-11-2023,Target, Utilities,$42.32,checking,False,split w/ roommate
T101901,2024-02-20,Home Depot,,51.98,checking,no,auto-pay
T101481,09/17/23,Delta Air Lines,travel,69.23,savings,0,
T103335,06/18/23,Costco Wholesale,HEALTHCARE,$204.38,checking,0,auto-pay
T100946,07/16/2024,Trader Joe's,Shoping,159.25 USD,savings,no,  
T103293,01/16/24,Netflix,Travel,83.35 USD,checking,no,split w/ roommate
T102161,,Spotify,Entertainmnt,37.15 USD,savings,Y,split w/ roommate
T103057,"March 11, 2024",NETFLIX,TRAVEL,,credit,yes,
T100768,19-08-2024,Uber,shopping,$51.06,checking,Y,split w/ roommate
T104774,"October 05, 2024",Spotify,ENTERTAINMENT,86.52,savings,0,auto-pay
T103495,02/25/23,Target,transport,91.76,checking,True,
T100285,2024-02-15,Best Buy,dining out,$44.36,savings,Y,  
T100802,"March 02, 2023",Home Depot,Healthcare,131.42 USD,savings,N,
T104517,2023-05-24,Netflix,entertainment,80.56,savings,yes,
T102332,21-04-2023,Target, Utilities,$66.15,checking,yes,
T102717,2024-07-24,Chipotle Mexican Grill,groceries,88.06 USD,savings,,  
T102079,09/10/2023,Whole Foods Market	, Groceries,53.72 USD,checking,True,  
T103389,"April 30, 2024",Spotify,utilities,$69.97,checking,yes,  
T100722,06/04/2024,Starbucks,Healthcare ,$32.45,checking,1,
T100951,28-02-2023,Starbucks,TRAVEL,141.74,savings,Y,
T104432,04-10-2023,Target,SHOPPING,99.25,savings,False,  
T102262,12/15/23,Whole Foods Market,Entertainment,69.49,savings,1,
T100989,10/31/24,Costco Wholesale,Utilities,$101.22,checking,yes,reimbursable
T103212,10/29/2024,Home Depot,entertainment,$167.21,savings,1,
T101759,08/27/2024,WHOLE FOODS MARKET, Groceries,109.44,checking,,
T104169,12/30/2024,Chipotle Mexican Grill,Utility,108.73,credit,1,auto-pay
T101724,"March 16, 2024",Delta Air Lines,TRAVEL,$23.77,checking,yes,split w/ roommate
T100341,2023-08-22,Best Buy,shopping,38.80 USD,credit,0,
T103701,"December 26, 2024",Costco Wholesale,Travel,$43.90,savings,True,
T100688,2023-10-12,Best Buy,SHOPPING,11.35,credit,1,
T103432,06-11-2024,,Travel,182.16 USD,savings,True,auto-pay
T100966,11/06/24,Home Depot,HEALTHCARE,87.53 USD,savings,0,
T104799,2023-10-19,Netflix,shopping,80.05,checking,False,reimbursable
T102203,12-01-2024,Best Buy,Transport ,45.17,,0,  
T102713,06/29/24,Costco Wholesale,Dining ,$32.40,savings,1,split w/ roommate
T103572,"October 13, 2024",Netflix,TRANSPORTATION,$79.40,credit,1,split w/ roommate
T101990,08/16/24,Target,Utility,31.85,checking,no,reimbursable
T104120,07-02-2024,Netflix,subscription,67.11 USD,checking,True,split w/ roommate
T104418,"January 23, 2023",Best Buy,Transport ,32.16,savings,,reimbursable
T104815,2024-10-28,CVS Pharmacy,Entertainmnt,$98.93,credit,0,  
T103600,12/15/24,Costco Wholesale,DINING,73.77 USD,savings,False,split w/ roommate
T104953,29-04-2023,Amazon.com,travel,89.99,checking,Y,  
T103429,"June 15, 2023",NETFLIX,dining out,$251.85,credit,,  
T104187,18-10-2023,Costco Wholesale, Groceries,9.80,savings,N,
T100385,04/12/2023,Trader Joe's,travel,138.7,credit,False,split w/ roommate
T104436,"June 24, 2023",SHELL GAS STATION, Groceries,215.27,credit,Y,  
T104638,31-08-2024,cvs pharmacy,,$130.43,savings,0,  
T100536,06/17/2024,Trader Joe's, Groceries,172.79,credit,0,split w/ roommate
T104867,"February 15, 2024",Target,health care,25.73 USD,savings,0,split w/ roommate
T103507,,Home Depot,Travel,68.05,savings,1,
T100201,"December 20, 2024",SPOTIFY,HEALTHCARE,17.27,,0,auto-pay
T101332,04/15/23,Shell Gas Station,transport,93.45,savings,Y,
T103502,03/20/23,Uber, Groceries,211.31,checking,no,reimbursable
T102708,"December 11, 2024",Amazon.com,subscription,$26.35,savings,1,  
T104021,04/22/23,Target,SUBSCRIPTIONS,45.6,credit,1,reimbursable
T101854,10/17/2023,Amazon.com,Subscriptions,94.06 USD,checking,yes,split w/ roommate
T104538,02/17/2024,Costco Wholesale,DINING,75.44 USD,savings,,
T102872,2023-08-06,Uber,groceries,96.56,checking,no,
T103030,11/12/2023,Delta Air Lines,DINING,64.15,credit,Y,reimbursable
T101205,27-03-2023,TARGET,SUBSCRIPTIONS,15.65 USD,savings,,
T101645,"May 04, 2023",Netflix,Healthcare,45.29,savings,1,
T103417,03/06/23,delta air lines,GROCERIES,$137.31,credit,N,
T103476,"February 17, 2024",Whole Foods Market,transport,3.21 USD,checking,False,reimbursable
T102861,12/22/23,Best Buy,groceries ,$89.47,credit,N,
T101792,2023-07-21,Uber,Subscriptions ,59.06,credit,False,reimbursable
T103797,15-01-2024,Amazon.com,groceries,21.4,savings,0,reimbursable
T103368,07/03/23,Delta Air Lines,utilities,,checking,no,auto-pay
T103367,21-07-2024,Home Depot,groceries,43.77 USD,credit,,  
T103533,01/24/24,Shell Gas Station,Healthcare ,68.81,checking,,split w/ roommate
T104459,12/10/2024,Target,groceries,226.69,checking,True,reimbursable
T103449,05/13/2024,Whole Foods Market,Travel,$27.85,savings,yes,  
T100603,09-08-2023,Target,Utility,$65.09,credit,yes,split w/ roommate
T103056,05/19/23,AT&T Wireless,subscription,103.19 USD,checking,1,split w/ roommate
T102148,"June 11, 2023",BEST BUY,GROCERIES,122.01,savings,N,
T100126,"October 06, 2023",Whole Foods Market,Subscriptions ,"$17,319.00",credit,Y,auto-pay
T103876,"December 31, 2023",Target,travel,103.28,credit,N,reimbursable
T102935,"December 25, 2024",AT&T Wireless,SUBSCRIPTIONS,84.53,credit,False,auto-pay
T103531,06/09/24,Target,utilities,,credit,True,auto-pay
T102730,08/18/2023,Netflix,entertainment,50.75 USD,credit,yes,
T100827,2024-06-05,Netflix,Grocery,141.79,savings,N,split w/ roommate
T101639,2024-09-16,Netflix,Dining ,27.50 USD,credit,yes,auto-pay
T100984,13-08-2024,Starbucks,Healthcare ,$236.90,checking,N,auto-pay
T103281,03/06/24,CHIPOTLE MEXICAN GRILL, Utilities,16.26,checking,N,split w/ roommate
T104330,05/23/24,Delta Air Lines,HEALTHCARE,$85.15,credit,1,split w/ roommate
T102188,2023-03-01,Amazon.com, Utilities,43.34,savings,,reimbursable
T104683,"August 09, 2024",Target,GROCERIES,96.86,savings,True,
T102443,2023-05-08,Uber,Subscriptions ,14.48,credit,False,  
T100362,09/02/23,,Shopping,141.91,savings,1,
T102349,2024-10-12,  Trader Joe's  ,HEALTHCARE,39.49,checking,,auto-pay
T100345,"November 20, 2023",Best Buy,Travel,,savings,0,auto-pay
T100814,2023-12-24,AT&T Wireless,Grocery,130.15 USD,credit,False,  
T103205,07/27/2024,Shell Gas Station,Travel,42.92 USD,checking,N,
T104223,09-04-2024,,travel,87.97,savings,True,auto-pay
T104868,2024-10-18,,Travel,142.9,savings,no,reimbursable
T103325,01/10/2024,Spotify,groceries,$32.42,,yes,reimbursable
T104106,05/23/2024,Uber,Entertainmnt,82.9,credit,N,
T102116,03/28/2024,Amazon.com,Entertainmnt,$129.25,checking,yes,  
T101834,2023-06-07,Best Buy,Entertainmnt,45.50,checking,False,  
T100793,2023-08-08,Netflix,Entertainmnt,5.03 USD,checking,Y,reimbursable
T104309,21-04-2024,Home Depot, Groceries,60.33,savings,no,
T102674,"April 04, 2023",AT&T Wireless,utilities,34.53,checking,0,
T100094,03/24/2024,Amazon.com,Dining ,65.34,checking,False,  
T103756,"March 16, 2023",Target,subscription,48.82 USD,credit,1,auto-pay
T102891,05-02-2024,  Home Depot  ,Entertainment,137.89,savings,,  
T102371,04/05/24,Chipotle Mexican Grill,Dining,,checking,Y,reimbursable
T104212,"October 02, 2024",CVS Pharmacy,entertainment,38.61,savings,no,
T104500,12/09/24,Starbucks,Healthcare,250.01,credit,1,  
T103228,2024-11-29,STARBUCKS,entertainment,53.58,,False,split w/ roommate
T102853,05/31/2024,UBER,DINING,$54.09,credit,0,  
T102912,2024-07-01,CVS Pharmacy,Subscriptions ,9.51 USD,checking,,reimbursable
T101865,10/23/23,Delta Air Lines,TRAVEL,$46.32,credit,0,  
T101857,09/19/2023,Netflix,Healthcare,126.60,credit,1,
T102645,04/20/24,Netflix,SHOPPING,$87.70,credit,yes,split w/ roommate
T102243,19-07-2023,Delta Air Lines,SUBSCRIPTIONS,$47.09,credit,False,  
T102336,07/28/24,Delta Air Lines, Utilities,212.29,savings,Y,reimbursable
T100950,04/26/2023,  CVS Pharmacy  ,Utilities,$36.35,checking,False,split w/ roommate
T103068,"May 13, 2024",CHIPOTLE MEXICAN GRILL,SUBSCRIPTIONS,61.43,savings,N,split w/ roommate
T101120,05/18/2023,Whole Foods Market, Utilities,105.50,savings,yes,split w/ roommate
T102597,01/04/24,Trader Joe's,HEALTHCARE,9.69 USD,credit,yes,auto-pay
T102204,"September 15, 2023",spotify,Shoping,55.25 USD,savings,N,auto-pay
T100419,2024-03-17,SHELL GAS STATION,Travel,17.21,checking,yes,
T100922,02/06/24,  Uber  ,Utilities,73.98,savings,yes,reimbursable
T101254,"September 08, 2024",Trader Joe's,utilities,120.57 USD,credit,no,  
T100477,2024-09-29,Home Depot,Utilities,185.05,,Y,
T102035,"April 11, 2024",Chipotle Mexican Grill,Healthcare ,137.18 USD,checking,0,auto-pay
T101202,02-08-2024,Best Buy,Utilities,$61.47,checking,True,
T102626,09/24/24,Netflix,ENTERTAINMENT,13.35,checking,yes,split w/ roommate
T104943,05-09-2024,Whole Foods Market,Utility,$26.84,credit,1,
T101970,2024-08-27,Spotify,Dining,42.60,checking,no,reimbursable
T103110,12/03/24,Delta Air Lines,,196.32,savings,no,  
T104018,2024-04-24,AT&T Wireless,ENTERTAINMENT,167.45,credit,yes,
T102151,02/02/2024,TRADER JOE'S,SHOPPING,40.96,savings,False,  
T103687,06/18/23,Amazon.com,SHOPPING,$50.60,savings,1,split w/ roommate
T101997,2024-06-10,CVS Pharmacy, Utilities,$93.12,savings,True,
T104033,08/04/2023,Chipotle Mexican Grill	,Utilities,187.53,checking,no,reimbursable
T103054,08/27/23,Uber,health care,65.64,checking,N,auto-pay
T101248,08-09-2024,Spotify,groceries,33.25 USD,credit,no,reimbursable
T102192,2024-09-08,AT&T Wireless,Dining ,66.13 USD,checking,1,
T102712,"January 13, 2023",AT&T Wireless	,subscription,146.74,savings,True,split w/ roommate
T100992,22-03-2024,Best Buy,HEALTHCARE,24.41 USD,savings,False,split w/ roommate
T102190,2024-10-13,Spotify,Healthcare,59.50,checking,False,
T103762,"January 28, 2023",Uber,Healthcare,,credit,yes,
T103597,11-12-2024,Starbucks	,travel,$24.44,checking,0,  
T101318,01/31/2024,Trader Joe's,Travel,24.61,credit,Y,split w/ roommate
T101863,05/26/2024,AT&T Wireless,Dining ,25.59,savings,0,
T102343,26-10-2023,Home Depot,SHOPPING,53.06,checking,N,
T102449,01/26/2023,Home Depot,Shopping,33.95,credit,1,auto-pay
T102136,28-09-2023,Whole Foods Market,health care,111.93 USD,,yes,auto-pay
T101065,2024-06-21,Trader Joe's,travel,175.85 USD,checking,True,reimbursable
T101203,06-11-2023,Best Buy,entertainment,$36.93,savings,yes,
T104227,2023-12-11,Whole Foods Market,Healthcare,$119.62,savings,True,split w/ roommate
T102621,"July 01, 2023",  Amazon.com  ,TRANSPORTATION,38.05,checking,0,auto-pay
T100077,07/17/23,Costco Wholesale,Healthcare,7.5,checking,True,
T102898,"September 09, 2024",  Spotify  ,travel,124.07 USD,credit,True,  
T101314,27-08-2023,Best Buy,Healthcare ,75.48,credit,0,
T104438,05/07/2024,Delta Air Lines,ENTERTAINMENT,292.28 USD,credit,yes,auto-pay
T100872,2024-07-22,Uber	,health care,46.29 USD,checking,yes,split w/ roommate
T103850,2023-07-13,Spotify,utilities,163.58 USD,credit,Y,auto-pay
T104860,30-08-2023,Spotify,SHOPPING,$50.33,checking,True,  
T102965,24-06-2024,Delta Air Lines,Subscriptions ,205.57,credit,True,reimbursable
T103391,08-02-2023,Costco Wholesale,SUBSCRIPTIONS,$106.88,credit,1,
T102560,08/27/24,Home Depot,TRAVEL,53.99,checking,Y,split w/ roommate
T104970,09/03/23,Netflix,TRANSPORTATION,87.83,checking,yes,auto-pay
T102635,2023-02-25,spotify,Shopping,$83.42,savings,0,auto-pay
T103530,05-04-2024,Amazon.com,HEALTHCARE,126.40,savings,True,split w/ roommate
T100375,"December 13, 2024",Home Depot,travel,79.34,credit,yes,reimbursable
T101908,2024-08-27,target, Utilities,55.62 USD,credit,N,  
T104398,04/04/2023,,Shopping,$18.26,credit,,
T104445,22-10-2024,Costco Wholesale,dining out,101.61 USD,checking,,split w/ roommate
T104027,21-01-2023,Best Buy,Shoping,137.14,savings,yes,
T101604,2024-08-31,CVS Pharmacy,TRAVEL,112.75 USD,checking,False,auto-pay
T101118,02/08/23,Best Buy,DINING,159.26,savings,True,reimbursable
T103677,2024-01-26,Delta Air Lines,Travel,13.58 USD,,N,auto-pay
T103490,06/27/2024,CVS Pharmacy,health care,79.90,savings,,auto-pay
T104937,"November 22, 2023",  Trader Joe's  ,travel,66.27 USD,credit,N,reimbursable
T102958,09/02/23,Best Buy,Subscriptions ,85.33 USD,credit,no,split w/ roommate
T101994,10/02/23,Costco Wholesale,Entertainment,11.44,savings,0,reimbursable
T100267,2023-04-04,Best Buy,SUBSCRIPTIONS,$37.53,savings,1,
T104421,05/15/23,Uber,Shopping,129.86,savings,yes,
T102376,17-02-2024,Netflix,entertainment,,savings,N,auto-pay
T101342,05/28/2023,Best Buy,Transport ,63.56,,,
T100320,2023-09-23,Amazon.com	,GROCERIES,148.9,credit,yes,auto-pay
T101619,05/22/23,Netflix,Grocery,$67.05,credit,Y,
T103713,2024-03-29,Whole Foods Market,Utility,$122.83,checking,yes,split w/ roommate
T102060,2023-12-16,Delta Air Lines,groceries,50.45,savings,0,auto-pay
T102219,11/28/24,Best Buy,ENTERTAINMENT,,credit,yes,
T101673,2023-07-15,Target,Subscriptions ,42.99,savings,Y,  
T100260,"March 26, 2024",Chipotle Mexican Grill,transport,$87.27,credit,N,
T104484,2023-11-20,Spotify,Shoping,$60.83,savings,,auto-pay
T102039,2024-08-18,Shell Gas Station,Subscriptions,$30.22,,0,
T100901,05/29/2024,Amazon.com,Dining,26.64,credit,True,reimbursable
T103744,06/11/23,Chipotle Mexican Grill,health care,22.52,credit,yes,split w/ roommate
T102026,2024-06-04,Costco Wholesale,travel,124.71,savings,True,
T104234,09/27/2023,Uber	,groceries ,15.17,checking,yes,auto-pay
T101917,10-12-2023,Netflix,travel,213.78,savings,,auto-pay
T101828,2023-09-08,Chipotle Mexican Grill,HEALTHCARE,97.63,savings,True,  
T101573,"December 11, 2024",Delta Air Lines,DINING,$159.11,credit,True,
T104460,2024-02-21,Starbucks,Entertainmnt,200.24,,1,
T104208,30-09-2024,Chipotle Mexican Grill,Shopping,$47.83,credit,no,  
T100224,03/28/2023,AT&T Wireless,groceries ,143.71,credit,0,  
T100723,"July 23, 2023",Trader Joe's,SUBSCRIPTIONS,166.46,credit,,reimbursable
T104554,08-08-2023,Amazon.com,SHOPPING,$24.70,savings,True,
T101141,11/11/2023,netflix,travel,$152.38,checking,no,
T102762,09/30/23,Trader Joe's,Travel,224.08,savings,no,auto-pay
T100846,2023-01-20,AT&T Wireless,,30.68,credit,N,
T104289,31-12-2023,Starbucks,subscription,$44.67,savings,0,split w/ roommate
T102551,2023-05-26,Amazon.com,DINING,57.88 USD,credit,,  
T102928,"March 28, 2024",trader joe's,subscription,25.87,checking,1,reimbursable
T100117,10/31/2023,AT&T Wireless,Entertainment,,checking,yes,reimbursable
T100645,09-08-2023,Spotify, Utilities,121.91,credit,0,
T100003,11/25/2023,Costco Wholesale,Dining,$28.40,checking,True,reimbursable
T104170,06/23/24,AT&T Wireless,Healthcare ,54.0,savings,no,auto-pay
T100467,2024-10-11,Costco Wholesale,transport,119.1,checking,Y,
T100005,2024-07-08,CVS Pharmacy,SHOPPING,$87.37,checking,False,  
T100919,09/14/2024,Shell Gas Station,Dining,82.80,,yes,  
T102595,06/20/2024,Target,transport,$80.67,checking,yes,split w/ roommate
T101063,11-10-2023,Best Buy,SHOPPING,137.33,checking,Y,split w/ roommate
T102590,09/11/2023,Netflix,DINING,42.39,credit,,  
T100242,2024-07-22,CVS Pharmacy,Healthcare ,$181.18,savings,False,
T101160,04/27/2024,Best Buy, Utilities,67.54 USD,checking,0,split w/ roommate
T102870,08-01-2023,Amazon.com,DINING,59.75,credit,1,split w/ roommate
T103735,2023-08-29,Spotify,health care,65.35 USD,checking,,auto-pay
T102397,"March 24, 2024",Starbucks,Groceries,116.81,savings,False,  
T103517,02/28/2024,Trader Joe's,Shopping,7.0,checking,False,
T103421,22-10-2024,Amazon.com,Travel,53.25,checking,1,reimbursable
T102563,06/11/2023,CVS Pharmacy,dining out,55.48,savings,no,split w/ roommate
T101605,"November 27, 2023",Netflix,Groceries,102.38 USD,savings,1,auto-pay
T104901,09/16/23,Whole Foods Market,Travel,$44.35,checking,False,  
T102324,03/30/24,Chipotle Mexican Grill,Travel,125.65,savings,yes,
T102709,10/14/24,Shell Gas Station,Subscriptions,$5.59,credit,False,  
T104464,2023-07-24,CVS Pharmacy,SHOPPING,111.61 USD,,False,
T101312,28-09-2023,Spotify,Subscriptions ,$53.39,checking,0,auto-pay
T103448,"August 15, 2023",Spotify,utilities,107.98 USD,checking,N,
T103812,2023-09-28,AT&T Wireless,,74.32,checking,,auto-pay
T104726,11/03/24,AT&T Wireless,Entertainment,149.45,credit,N,
T102362,14-04-2024,Whole Foods Market,Transportation,18.46,checking,yes,reimbursable
T101975,"February 17, 2023",  Best Buy  , Utilities,$92.39,,no,
T103514,11/09/2023,Costco Wholesale,groceries,37.65,credit,yes,reimbursable
T101761,11/27/2024,Shell Gas Station,Dining,52.43,credit,True,auto-pay
T102739,"January 06, 2024",home depot,HEALTHCARE,58.54 USD,savings,True,  
T104730,"September 17, 2024",Whole Foods Market,SUBSCRIPTIONS,105.09 USD,credit,False,
T102472,2023-10-04,Amazon.com,TRANSPORTATION,29.17,credit,True,
T104007,21-04-2023,Shell Gas Station,Shopping,$44.52,savings,1,reimbursable
T101493,03-12-2023,Delta Air Lines,health care,49.71,credit,True,split w/ roommate
T104206,"January 18, 2024",Delta Air Lines,transport,47.35 USD,checking,no,reimbursable
T102158,10-06-2023,Target,,$54.06,checking,yes,reimbursable
T101169,2024-05-28,Chipotle Mexican Grill,TRAVEL,$193.54,credit,False,reimbursable
T104585,"May 01, 2023",Chipotle Mexican Grill,Dining,44.13,checking,yes,auto-pay
T100232,2023-05-28,Trader Joe's,Healthcare ,200.64 USD,checking,N,
T100066,"March 12, 2024",Costco Wholesale, Utilities,70.37 USD,savings,yes,split w/ roommate
T101603,18-03-2023,,Entertainmnt,43.02,checking,yes,split w/ roommate
T103283,06/22/2024,Netflix,TRAVEL,45.72,savings,Y,
T103596,06-12-2024,shell gas station,,131.45,checking,True,
T100125,2024-07-10,Costco Wholesale,Transport ,33.09 USD,credit,0,
T101296,04-12-2024,Whole Foods Market,travel,$22.63,savings,no,  
T101976,09/27/23,AT&T Wireless,Subscriptions ,21.20 USD,checking,1,split w/ roommate
T104586,01/17/23,Amazon.com,utilities,35.71,credit,yes,  
T104550,2024-12-22,Amazon.com,travel,$77.01,checking,False,reimbursable
T102075,04/08/2023,starbucks,,$4.08,checking,False,
T103086,04/21/23,  CVS Pharmacy  ,HEALTHCARE,201.91 USD,checking,,auto-pay
T104411,2023-09-20,Shell Gas Station,Dining ,24.95 USD,credit,yes,
T103345,12/08/23,Whole Foods Market,utilities,$160.59,checking,Y,auto-pay
T104533,18-12-2023,Shell Gas Station,Healthcare ,$44.84,checking,1,split w/ roommate
T102797,12-09-2023,Chipotle Mexican Grill,Dining,53.66 USD,credit,yes,auto-pay
T100918,2023-04-21,Best Buy,groceries,55.20,savings,yes,
T101646,06/26/24,Costco Wholesale,GROCERIES,80.58,checking,False,split w/ roommate
T100364,01/29/24,SPOTIFY,dining out,51.15 USD,savings,N,
T103287,03/08/24,  Shell Gas Station  ,Transport ,,savings,False,  
T102125,04/04/2024,Netflix,transport,101.84,checking,0,auto-pay
T104123,24-03-2023,Uber,groceries,18.52,savings,1,auto-pay
T100525,04-01-2023,Costco Wholesale,Subscriptions ,251.81 USD,savings,N,split w/ roommate
T100055,12/19/2024,Netflix,Healthcare,35.92 USD,credit,no,auto-pay
T100638,06-05-2024,Uber,TRAVEL,$33.55,savings,N,
T100302,2024-08-08,Spotify,Travel,$39.64,savings,1,
T102766,2023-08-17,Starbucks,utilities,65.50 USD,checking,Y,
T101276,09/14/24,Home Depot,Healthcare ,$19.99,checking,1,auto-pay
T102055,03-11-2023,Shell Gas Station,Subscriptions,57.03,,1,
T103644,02/06/23,Starbucks,Utilities,37.22,savings,,split w/ roommate
T104143,02/26/24,  CVS Pharmacy  ,TRAVEL,98.93,checking,no,  
T102878,2024-06-25,Trader Joe's,Entertainment,$36.43,savings,Y,split w/ roommate
T104202,05/18/24,Home Depot,Entertainmnt,106.18,credit,1,reimbursable
T102286,09-08-2023,Costco Wholesale, Utilities,13.97,checking,N,split w/ roommate
T102261,05/07/23,Home Depot,utilities,$41.46,credit,no,  
T102296,"September 25, 2023",cvs pharmacy,Travel,$71.96,,Y,auto-pay
T101753,"January 09, 2023",AT&T Wireless,GROCERIES,21.05,credit,no,reimbursable
T101968,12-08-2023,CVS Pharmacy,TRANSPORTATION,106.04 USD,credit,no,auto-pay
T104417,21-06-2024,Home Depot,TRAVEL,145.56 USD,checking,no,auto-pay
T103117,12-04-2023,Starbucks,Entertainmnt,67.11 USD,checking,0,auto-pay
T102393,06/24/2024,Costco Wholesale,entertainment,$57.36,savings,N,reimbursable
T100523,07/02/2023,Whole Foods Market,entertainment,130.19,checking,Y,auto-pay
T103900,05/24/2023,Target,Healthcare ,28.66 USD,savings,True,
T103122,08/18/2024,Delta Air Lines	,SUBSCRIPTIONS,27.46 USD,checking,False,
T104156,06/10/24,Chipotle Mexican Grill,SUBSCRIPTIONS,$66.21,checking,1,reimbursable
T101969,01/14/2023,Uber,entertainment,69.39 USD,savings,N,split w/ roommate
T100671,"August 05, 2023",Spotify,SUBSCRIPTIONS,94.96,savings,Y,auto-pay
T104188,2024-12-07,Trader Joe's,DINING,7034.0,,N,
T100666,05/27/23,Best Buy,DINING,48.08,savings,0,split w/ roommate
T104404,02/25/24,CVS Pharmacy	,Entertainment,121.6,credit,True,reimbursable
T101887,08-08-2023,Netflix,Subscriptions,9.17,credit,False,split w/ roommate
T103266,09/03/2024,AT&T WIRELESS,travel,$33.11,savings,False,  
T100280,02-04-2024,CVS Pharmacy,entertainment,$99.70,savings,,
T101719,2023-08-14,Starbucks,TRANSPORTATION,68.21,credit,,split w/ roommate
T102947,2024-10-12,CVS Pharmacy,SHOPPING,77.43 USD,savings,N,auto-pay
T100899,01/15/23,Starbucks,transport,76.44 USD,,1,
T104923,03/01/2023,,Utilities,56.93,savings,,  
T100760,"November 05, 2023",Whole Foods Market,GROCERIES,12.32 USD,savings,Y,  
T101906,12/17/2024,Trader Joe's,Travel,237.24,,1,  
T104042,2023-03-12,Home Depot,Grocery,76.73 USD,checking,N,split w/ roommate
T103823,06/14/23,Trader Joe's,,62.46,checking,0,
T104138,05/06/24,Trader Joe's,Utility,,checking,False,reimbursable
T103818,10/02/24,Shell Gas Station,TRAVEL,$25.21,,Y,auto-pay
T104300,"October 25, 2023",DELTA AIR LINES,HEALTHCARE,100.34,savings,0,
T102593,"July 01, 2024",UBER,Entertainmnt,40.65,savings,yes,reimbursable
T104164,22-12-2024,CVS Pharmacy,Utilities,$46.14,savings,N,
T103031,11/26/24,Best Buy,SUBSCRIPTIONS,$31.61,checking,1,
T103579,12/29/2024,Target,HEALTHCARE,34.26,credit,Y,auto-pay
T102832,"November 11, 2024",Netflix,TRAVEL,82.32 USD,checking,yes,
T103472,2024-06-26,Starbucks,health care,$139.52,savings,1,reimbursable
T100137,"June 07, 2023",Spotify,health care,36.18 USD,credit,Y,auto-pay
T102180,08-12-2024,whole foods market,Entertainmnt,87.11,checking,False,split w/ roommate
T102128,11-01-2024,Delta Air Lines,Entertainment,118.33,checking,N,
T103177,2023-04-06,Chipotle Mexican Grill,travel,54.93 USD,credit,Y,  
T104833,20-03-2023,Uber,Shoping,19.26,checking,no,
T104261,08-07-2024,Best Buy,shopping,37.64,checking,no,reimbursable
T104344,2023-07-06,chipotle mexican grill,TRANSPORTATION,$62.98,checking,Y,reimbursable
T101331,"February 21, 2023",Netflix,Groceries,$55.20,credit,Y,split w/ roommate
T102017,09/09/23,,shopping,$105.23,credit,Y,auto-pay
T102482,08-06-2023,CHIPOTLE MEXICAN GRILL,Transport ,$49.30,,1,auto-pay
T101358,06/10/2023,Whole Foods Market,Subscriptions ,$92.00,credit,True,split w/ roommate
T101329,02/28/23,Netflix,Entertainment,197.34 USD,credit,N,
T102150,"June 04, 2024",spotify,dining out,108.24,credit,Y,
T102122,04/28/24,Target,Travel,130.14,savings,False,  
T103981,09/09/24,Best Buy,travel,32.09 USD,checking,True,reimbursable
T101252,21-06-2024,at&t wireless,Entertainmnt,9.54,checking,1,reimbursable
T103278,2023-10-11,CVS Pharmacy,Transportation,71.19,checking,yes,
T103374,01/02/24,CVS Pharmacy,dining out,27.58,checking,Y,
T102814,06/30/2024,CVS Pharmacy,travel,127.27,savings,no,reimbursable
T101848,2023-11-03,Uber,GROCERIES,26.37,,1,auto-pay
T103037,"July 02, 2023",Amazon.com,HEALTHCARE,115.63,savings,N,auto-pay
T100388,"February 14, 2023",Target,Subscriptions ,39.65 USD,credit,False,
T100235,2024-12-22,CVS Pharmacy,Transportation,72.54 USD,credit,False,
T101077,2023-12-15,,Subscriptions ,$57.92,credit,False,
T101984,02/16/2023,Starbucks,shopping,62.82,checking,yes,split w/ roommate
T104363,07/21/23,Best Buy,groceries,97.94,credit,False,
T103962,05/21/23,Netflix,GROCERIES,38.79,savings,Y,auto-pay
T100770,"October 03, 2024",Uber,Entertainmnt,104.09,checking,False,  
T102165,11-12-2024,Amazon.com,travel,21.71,savings,Y,  
T100673,10/17/2023,Shell Gas Station,subscription,58.66 USD,,yes,split w/ roommate
T100249,04/15/2023,amazon.com,SHOPPING,97.55,,Y,  
T101574,04/09/23,Home Depot,TRAVEL,53.09,checking,True,reimbursable
T103419,04/02/24,Target,Entertainmnt,88.03,savings,yes,
T102081,"May 25, 2024",Spotify,,$165.62,credit,no,split w/ roommate
T101823,19-07-2024,whole foods market,Healthcare ,23.99,credit,0,split w/ roommate
T100716,10/19/23,Chipotle Mexican Grill,SUBSCRIPTIONS,61.04,credit,False,  
T104739,04-11-2023,Trader Joe's,Entertainment,26.24,checking,0,  
T102048,22-01-2023,Trader Joe's,shopping,25.06 USD,checking,False,auto-pay
T104178,"July 22, 2024",Costco Wholesale,Dining,75.10,checking,False,
T102724,19-03-2023,,Shoping,77.89,credit,0,  
T104590,08/17/2023,Chipotle Mexican Grill,Subscriptions ,$83.11,savings,N,
T101460,2023-02-01,Chipotle Mexican Grill,Entertainment,154.78,checking,Y,auto-pay
T101668,02/17/2024,Home Depot,groceries,72.23,checking,,split w/ roommate
T102756,10/07/24,Target,TRAVEL,57.47,savings,N,
T102000,"November 02, 2024",Trader Joe's,Travel,108.29,savings,True,split w/ roommate
T100404,30-06-2023,Shell Gas Station,dining out,83.62,savings,1,auto-pay
T100384,"May 11, 2023",Home Depot,Healthcare,$14.37,checking,N,reimbursable
T104561,09/08/24,Delta Air Lines,health care,160.02,credit,,
T102152,06/22/2023,AT&T Wireless,Shoping,191.68 USD,credit,,auto-pay
T101633,2024-07-30,,Transport ,$99.66,savings,False,split w/ roommate
T104655,02-12-2024,Netflix,Grocery,68.05,credit,yes,split w/ roommate
T103925,"August 11, 2023",Target,groceries,$66.44,checking,yes,  
T104158,07-07-2023,Delta Air Lines,,80.26,savings,1,auto-pay
T100223,01-01-2023,Spotify,Subscriptions ,63.26,checking,no,  
T102193,27-05-2024,Target, Utilities,$40.70,checking,Y,  
T103136,29-04-2023,Shell Gas Station,groceries ,$114.89,checking,N,
T104469,07-02-2024,Whole Foods Market,shopping,$120.64,savings,1,  
T101824,2024-10-13,Starbucks,SHOPPING,94.91,,False,  
T104670,12/18/2024,Uber,Utility,114.99,credit,False,
T100797,2024-06-18,Best Buy,ENTERTAINMENT,,savings,0,auto-pay
T102871,08/01/2023,UBER,TRANSPORTATION,152.60 USD,credit,no,split w/ roommate
T100009,14-11-2023,Target,Dining,78.61,savings,yes,  
T101944,05/23/2024,Home Depot,health care,106.67,credit,no,  
T101838,03/17/24,Whole Foods Market,utilities,46.83,checking,0,reimbursable
T100255,"December 08, 2024",Amazon.com,SHOPPING,83.51 USD,savings,N,  
T104485,"October 26, 2023",,,151.18,checking,False,auto-pay
T104577,15-02-2023,Spotify,groceries ,66.73,savings,,
T101581,"May 15, 2024",Costco Wholesale,transport,45.80,,False,split w/ roommate
T102956,"November 21, 2024",Trader Joe's,transport,88.56 USD,checking,False,split w/ roommate
T100924,16-11-2023,Starbucks,Travel,116.46 USD,savings,Y,auto-pay
T104497,2023-07-17,Uber,SHOPPING,125.00 USD,credit,0,auto-pay
T102508,01/26/23,CVS Pharmacy,subscription,36.47 USD,credit,1,
T103775,07/20/2024,AT&T WIRELESS,Dining,29.40,savings,,split w/ roommate
T104136,2024-04-14,Spotify,health care,51.24,savings,no,reimbursable
T102779,2024-07-28,cvs pharmacy,Healthcare ,104.06,savings,no,reimbursable
T100539,10/23/23,Best Buy,SHOPPING,$57.80,checking,,auto-pay
T102745,"September 13, 2023",Delta Air Lines,Subscriptions ,40.53 USD,savings,N,
T104567,12/18/2023,Netflix,TRANSPORTATION,3.11,checking,0,
T104640,02/13/2024,Costco Wholesale,subscription,9.27 USD,checking,1,reimbursable
T101145,22-09-2023,Whole Foods Market	,Entertainment,31.83 USD,savings,,
T104468,09/14/2024,Shell Gas Station,,152.13,checking,N,auto-pay
T100667,"May 08, 2023",Uber,transport,35.27 USD,credit,yes,
T103019,11-11-2023,uber,Travel,23.14,savings,no,
T100357,03/26/2024,Best Buy,Dining,25.62 USD,checking,1,  
T102831,11/03/24,AT&T Wireless	,Shopping,188.35,credit,1,
T102783,2023-12-04,CVS Pharmacy,GROCERIES,202.95 USD,savings,True,auto-pay
T101353,17-07-2023,Uber,dining out,117.99,credit,False,auto-pay
T100470,"July 13, 2024",Uber,Transport ,97.07,checking,Y,
T102703,"November 15, 2024",Chipotle Mexican Grill,,36.90 USD,checking,no,
T103330,"May 10, 2023",Chipotle Mexican Grill,Entertainmnt,$88.50,savings,yes,auto-pay
T103637,01/31/2024,AT&T Wireless,GROCERIES,44.49 USD,savings,,
T101396,08/30/2023,Amazon.com,Entertainment,$44.57,checking,1,  
T103584,2024-04-23,Amazon.com,health care,60.43,checking,yes,  
T104816,09/15/23,Shell Gas Station,GROCERIES,$66.38,credit,1,
T103376,2024-11-01,Uber,ENTERTAINMENT,85.45,credit,N,split w/ roommate
T101256,"October 28, 2023",Chipotle Mexican Grill, Utilities,121.28,credit,,
T103512,2023-06-22,Trader Joe's,Healthcare,6.30 USD,savings,yes,
T101250,2023-01-31,AT&T Wireless,Utilities,38.9,,N,reimbursable
T104880,"October 22, 2024",AMAZON.COM,Groceries,$77.29,credit,Y,
T104298,15-10-2024,best buy,Entertainmnt,79.34,credit,False,  
T103284,2023-02-25,AT&T Wireless,Groceries,70.16 USD,checking,1,
T102933,2023-07-16,Whole Foods Market,Travel,35.16,checking,True,
T104175,"January 23, 2024",Costco Wholesale,SUBSCRIPTIONS,69.72,savings,Y,  
T101852,23-07-2024,CVS Pharmacy,Healthcare,139.7,credit,0,reimbursable
T104942,01/18/2024,Chipotle Mexican Grill,Utility,40.09,savings,0,  
T102105,"May 05, 2024",Uber,transport,99.7,savings,0,reimbursable
T100133,06/10/2023,  Amazon.com  ,HEALTHCARE,195.21,savings,1,
T100928,07/19/2024,Starbucks, Groceries,84.07,checking,False,  
T100823,07-06-2024,Home Depot	,,,savings,no,  
T104612,05/08/24,chipotle mexican grill,HEALTHCARE,27.53,checking,yes,  
T101531,07/25/24,Netflix,Transportation,17.50 USD,checking,Y,  
T101214,"December 09, 2024",Netflix,Transportation,$3.11,checking,True,reimbursable
T100504,29-08-2024,Amazon.com,Travel,$66.55,credit,True,
T104285,19-04-2023,Spotify,Grocery,97.78,savings,Y,
T101996,02/17/23,Starbucks,travel,41.58,checking,,
T103072,03/27/24,Trader Joe's,shopping,$27.17,credit,N,  
T101958,05/03/2024,Trader Joe's,Entertainment,42.22,checking,,auto-pay
T101384,11-11-2024,Starbucks,health care,$39.63,credit,True,
T100894,07/21/2024,Target,SUBSCRIPTIONS,11.81 USD,savings,yes,reimbursable
T100455,,  Spotify  ,transport,63.88 USD,savings,no,
T104707,"April 08, 2024",AT&T WIRELESS,Travel,41.40,checking,0,auto-pay
T103709,"February 23, 2023",Delta Air Lines,ENTERTAINMENT,236.54,checking,N,  
T104689,10/12/24,Target,DINING,107.25,savings,Y,
T104268,2024-01-13,Shell Gas Station,Utility,161.76 USD,savings,,auto-pay
T103522,07-06-2023,Amazon.com,Transport ,$66.35,credit,1,reimbursable
T104134,2024-01-06,AT&T Wireless,Transportation,51.22,savings,,auto-pay
T103602,07/22/24,AT&T Wireless,Transport ,$90.55,savings,,
T100713,02/19/2024,Uber,subscription,86.84,checking,Y,split w/ roommate
T104186,02/25/2024,Chipotle Mexican Grill,Healthcare,62.03,savings,Y,
T102214,2024-07-22,Best Buy,Dining,71.11 USD,,no,split w/ roommate
T102923,01/25/23,Netflix, Utilities,33.86,savings,N,
T101810,20-12-2024,CVS Pharmacy,Transport ,12.76 USD,credit,N,  
T103486,09-05-2024,Amazon.com,Entertainmnt,64.59 USD,savings,1,  
T103141,29-12-2024,Costco Wholesale,Entertainmnt,29.80,credit,0,split w/ roommate
T101827,12-04-2024,Best Buy,HEALTHCARE,76.7,checking,no,  
T101155,23-08-2024,CVS Pharmacy,Transportation,48.19,savings,N,
T101324,09/16/2023,Spotify,Dining,138.75 USD,checking,False,
T104312,2024-11-25,Shell Gas Station,TRANSPORTATION,$89.36,savings,Y,
T100510,2023-12-14,Uber,TRANSPORTATION,11.59,checking,yes,auto-pay
T101680,08/03/2023,Delta Air Lines,ENTERTAINMENT,114.29,credit,N,split w/ roommate
T100499,10/29/2024,Chipotle Mexican Grill,,46.41 USD,checking,0,auto-pay
T104605,05-12-2024,Spotify,Utilities,$32.62,savings,,split w/ roommate
T101856,02/10/24,Costco Wholesale,Groceries,194.48,credit,0,
T101388,"January 28, 2024",Trader Joe's,Healthcare,$61.46,checking,yes,  
T103719,05/01/23,Costco Wholesale,,$35.62,savings,0,auto-pay
T102386,05/30/2023,Spotify,Utility,11.35,credit,yes,
T103236,07-04-2023,Delta Air Lines,Subscriptions,93.94,savings,True,
T101540,"October 03, 2024",Starbucks,HEALTHCARE,229.67,,yes,
T101217,"July 24, 2024",Spotify,TRANSPORTATION,$17.72,checking,Y,
T102681,11/06/24,Delta Air Lines,Subscriptions,$120.78,checking,,
T102993,29-03-2024,shell gas station,dining out,97.03,checking,True,auto-pay
T101191,11/02/24,,groceries,$20.02,savings,,  
T101542,17-09-2024,Starbucks,shopping,126.77,checking,N,
T103301,"November 25, 2024",Costco Wholesale,Shopping,134.00,credit,N,auto-pay
T103324,2024-11-12,Delta Air Lines,SUBSCRIPTIONS,,savings,False,split w/ roommate
T102539,2023-04-13,Starbucks,SUBSCRIPTIONS,$96.17,credit,Y,reimbursable
T100953,2023-06-11,Amazon.com,HEALTHCARE,$116.56,savings,Y,reimbursable
T104330,05/23/24,Delta Air Lines,HEALTHCARE,$85.15,credit,1,split w/ roommate
T100732,2023-06-23,Target	,transport,116.09 USD,credit,True,split w/ roommate
T101156,09-10-2024,Whole Foods Market,travel,102.62 USD,checking,,  
T103294,06/12/24,Spotify,Dining ,$76.19,credit,N,  
T102982,2024-04-08,Whole Foods Market,Travel,77.22,checking,yes,
T102156,"July 23, 2024",Amazon.com,Shoping,75.42,checking,False,split w/ roommate
T101062,,Chipotle Mexican Grill,TRAVEL,$57.53,checking,1,auto-pay
T102616,2023-02-09,Uber,Shoping,32.36,savings,Y,  
T101167,08/23/2023,Uber,Healthcare,57.41 USD,credit,1,auto-pay
T103222,05/22/2024,Costco Wholesale,Subscriptions,$157.72,savings,N,  
T103636,"September 26, 2024",Best Buy,Dining,217.65 USD,savings,0,
T102938,06-05-2023,AT&T Wireless,Entertainmnt,48.64,savings,yes,split w/ roommate
T104491,10/21/24,Target,Healthcare ,$114.85,checking,1,
T103140,22-08-2023,Spotify,DINING,127.85 USD,savings,False,  
T100143,02/22/2024,Delta Air Lines,Groceries,$56.81,credit,Y,reimbursable
T103577,2023-08-17,Starbucks,Entertainment,82.12,savings,0,
T102782,02/21/24,Netflix,TRAVEL,70.78,,False,  
T100717,11/18/2023,Amazon.com,travel,94.08,credit,True,reimbursable
T101819,27-03-2023,Target,SHOPPING,77.20,checking,,auto-pay
T102502,"May 02, 2024",Whole Foods Market,Subscriptions ,50.44,checking,True,split w/ roommate
T104360,20-03-2023,Home Depot,Dining ,64.46,savings,no,split w/ roommate
T104171,2023-06-17,Amazon.com,entertainment,119.15,checking,0,
T100395,"October 31, 2023",Netflix,Dining ,80.16,savings,0,  
T104909,2024-06-14,Target,DINING,$120.39,checking,yes,
T104492,"December 10, 2024",AT&T Wireless,Grocery,67.02 USD,credit,,  
T101365,2023-06-12,  Netflix  ,health care,$142.00,savings,True,auto-pay
T104627,29-04-2023,Whole Foods Market	,Healthcare,$94.65,savings,no,
T100595,15-09-2024,uber,SUBSCRIPTIONS,137.45,savings,N,reimbursable
T103952,"January 29, 2023",Delta Air Lines,utilities,$48.29,checking,no,
T102914,02/17/2024,Chipotle Mexican Grill,Subscriptions ,59.73,,1,split w/ roommate
T102326,05-06-2023,Amazon.com,groceries,121.22 USD,credit,0,
T103766,"December 16, 2023",Starbucks,SHOPPING,$167.03,checking,yes,
T103440,04/19/2024,Starbucks,ENTERTAINMENT,16091.999999999998,credit,False,  
T103851,2024-02-29,Trader Joe's,Entertainment,29.14,credit,,reimbursable
T104132,"October 29, 2024",Spotify,Healthcare ,36.19,savings,True,  
T104660,"November 20, 2023",Home Depot,Healthcare,27.94 USD,credit,False,  
T102143,02-02-2023,CHIPOTLE MEXICAN GRILL,Entertainmnt,101.39,credit,0,split w/ roommate
T101571,08/02/24,Whole Foods Market,travel,6.99,checking,True,
T104079,11-01-2023,Starbucks,Transport ,85.20 USD,checking,1,  
T101122,04/02/2023,Best Buy,Healthcare,$103.40,checking,yes,auto-pay
T102786,22-10-2023,costco wholesale,Healthcare,166.28,credit,N,  
T102967,"August 30, 2023",CVS Pharmacy,Healthcare,96.84,credit,0,
T102504,03/24/2023,Delta Air Lines,subscription,112.98 USD,savings,no,reimbursable
T103465,02/01/24,SHELL GAS STATION,Travel,$60.17,credit,yes,  
T100675,21-01-2024,Spotify,health care,101.69,savings,Y,split w/ roommate
T102808,07/03/23,Delta Air Lines,SUBSCRIPTIONS,18.78,savings,1,auto-pay
T103348,"March 10, 2024",Costco Wholesale,groceries,51.81,checking,True,auto-pay
T100728,"September 09, 2024",,Shoping,33.31 USD,credit,False,reimbursable
T100412,"May 26, 2023",Shell Gas Station,dining out,$112.41,savings,yes,auto-pay
T103146,06/21/23,Delta Air Lines,DINING,$8.97,,1,auto-pay
T101516,05/31/2023,Amazon.com,Dining ,77.2,checking,1,split w/ roommate
T100825,04/30/23,Home Depot,DINING,55.96 USD,checking,False,  
T103267,03-11-2024,Delta Air Lines,,113.41,checking,yes,  
T103974,"October 07, 2024",Best Buy,health care,21.07,savings,,  
T100616,2023-08-01,Uber,Grocery,21.20 USD,savings,0,
T100114,2024-03-01,Chipotle Mexican Grill,TRAVEL,30.50,savings,False,reimbursable
T100417,06/15/23,Spotify, Utilities,201.03 USD,checking,False,reimbursable
T103069,02/04/23,Spotify,ENTERTAINMENT,86.93,credit,N,auto-pay
T101625,12/26/2024,Target,dining out,11.83,credit,,auto-pay
T102067,23-05-2024,  Spotify  ,SUBSCRIPTIONS,33.23,credit,1,
T104185,20-10-2023,  Chipotle Mexican Grill  ,Utility,52.64,checking,no,split w/ roommate
T102896,11/13/2023,shell gas station,Transportation,33.40 USD,savings,0,split w/ roommate
T104742,"January 03, 2024",,Entertainmnt,56.71,savings,False,split w/ roommate
T102082,"April 01, 2024",  AT&T Wireless  ,travel,136.46 USD,checking,False,  
T100753,2024-02-02,Target,Subscriptions,107.47 USD,checking,no,  
T102546,2023-12-20,Starbucks,transport,$21.88,credit,True,
T103969,09/26/23,Target,Utilities,81.29 USD,savings,True,
T103373,"September 22, 2023",Spotify,Utilities,$192.88,credit,False,reimbursable
T104107,03-01-2024,Amazon.com,Entertainmnt,76.42 USD,savings,N,split w/ roommate
T102444,2023-01-07,Uber,Entertainmnt,$5.82,savings,Y,reimbursable
T104380,2024-06-16,Target, Groceries,22.70,savings,1,split w/ roommate
T101066,20-10-2024,Amazon.com,Utility,15.58,checking,yes,
T103913,2023-07-06,Best Buy,TRAVEL,134.26 USD,credit,Y,
T103498,13-02-2023,Amazon.com,Utility,37.19,,Y,auto-pay
T102738,04/05/2023,netflix,groceries,4.97 USD,savings,1,auto-pay
T104000,19-08-2024,Amazon.com,Dining ,48.26,savings,True,  
T101568,25-07-2024,Target,Utilities,176.97,credit,False,
T102427,"June 16, 2024",Netflix,health care,52.29,savings,yes,reimbursable
T103746,,AT&T Wireless,,29.02 USD,checking,False,auto-pay
T104710,07/27/23,CVS Pharmacy,transport,65.52,credit,,auto-pay
T101687,,  Shell Gas Station  ,Dining ,9.43,credit,N,
T100851,14-01-2024,Delta Air Lines,shopping,12.79,savings,,
T103546,"April 02, 2023",Amazon.com,SUBSCRIPTIONS,$43.46,checking,yes,reimbursable
T100895,04/16/24,Whole Foods Market,Groceries,58.51,checking,True,
T104592,2024-07-23,Whole Foods Market,Shoping,9.83,credit,N,reimbursable
T100335,07/19/2024,Home Depot,TRANSPORTATION,55.19 USD,credit,N,  
T102839,01/19/24,Home Depot,Entertainment,$67.65,credit,True,
T103087,07/30/24,Delta Air Lines,TRANSPORTATION,$79.40,credit,no,reimbursable
T104611,06/04/24,,TRANSPORTATION,"12,829.00 USD",savings,yes,
T101348,09/15/24,Chipotle Mexican Grill,utilities,41.46,credit,N,reimbursable
T101015,"April 15, 2024",CVS Pharmacy,Dining,91.09,checking,0,
T102816,"November 28, 2024",Shell Gas Station	,Travel,$83.62,savings,,auto-pay
T101631,06-01-2023,Shell Gas Station,health care,$73.46,credit,Y,
T102489,03/10/23,Starbucks,Healthcare,73.08 USD,credit,False,
T103730,"May 27, 2024",Shell Gas Station,groceries,19.90 USD,checking,Y,auto-pay
T103251,2024-01-31,Starbucks,transport,$36.21,savings,0,
T104705,06/07/23,Costco Wholesale,Entertainmnt,$58.88,checking,True,  
T102070,2024-05-30,spotify,Transportation,229.35 USD,checking,True,  
T104452,13-07-2024,Home Depot,Dining,$46.91,savings,1,auto-pay
T104956,08-04-2024,Chipotle Mexican Grill	,DINING,56.55,credit,no,split w/ roommate
T101635,03/16/2024,Best Buy,entertainment,$28.55,savings,yes,reimbursable
T104646,"April 25, 2024",,entertainment,$74.74,checking,False,reimbursable
T102479,06/09/2023,Trader Joe's,Healthcare ,55.50,credit,Y,  
T102265,04/05/2024,Delta Air Lines,Healthcare ,40.1,credit,no,auto-pay
T102959,10/22/2023,Delta Air Lines,Utilities,28.83,savings,N,split w/ roommate
T104804,19-11-2024,Trader Joe's,health care,71.5,savings,N,
T103059,04/13/2023,Netflix,Subscriptions,228.36,checking,no,
T102141,2024-12-14,Home Depot	,dining out,137.5,checking,,
T103118,30-11-2023,Netflix,Healthcare,104.86,savings,0,
T104797,08/25/24,Trader Joe's,Utility,5.59,credit,,  
T104045,2024-02-05,Best Buy,utilities,47.52 USD,checking,N,  
T103356,11/09/2023,CVS Pharmacy,GROCERIES,34.50 USD,savings,True,
T102744,08/19/2024,Target,Transportation,106.6,checking,no,auto-pay
T103506,2024-01-12,Costco Wholesale,Healthcare ,86.01,checking,,
T101679,"July 28, 2024",Starbucks,Dining,49.17 USD,credit,0,  
T104249,03-12-2023,Netflix,DINING,11.11,savings,no,  
T103147,,Best Buy,ENTERTAINMENT,$19.56,savings,N,
T102294,07/13/2024,Costco Wholesale,,$68.72,credit,no,auto-pay
T100580,"March 30, 2023",Amazon.com	,travel,15.95 USD,checking,False,split w/ roommate
T101470,25-05-2024,Best Buy,Healthcare ,93.79,savings,True,  
T104070,03/04/24,Spotify,SHOPPING,41.50,credit,N,  
T103343,09/15/24,CVS PHARMACY,DINING,$22.92,savings,True,  
T104583,04/30/2024,Whole Foods Market,entertainment,17.26,,1,
T103672,30-06-2023,CVS Pharmacy,Travel,$73.97,credit,False,auto-pay
T100559,2023-07-05,Delta Air Lines,Healthcare,85.29,savings,,reimbursable
T102849,07/28/24,Uber,utilities,69.03,credit,0,
T100512,06/11/2024,  AT&T Wireless  ,Transportation,$49.27,credit,,
T101081,01/14/23,Costco Wholesale,Utility,197.30 USD,savings,False,
T101664,09/22/2024,Shell Gas Station,SUBSCRIPTIONS,156.01,checking,no,reimbursable
T101012,11/05/23,Best Buy,shopping,41.58 USD,credit,N,auto-pay
T101931,"September 19, 2024",Uber,,$60.80,savings,True,auto-pay
T101150,07/17/2024,  Costco Wholesale  ,health care,68.14,credit,N,
T102838,03/09/23,Starbucks,SUBSCRIPTIONS,38.14,credit,no,reimbursable
T100116,03/19/2024,AT&T Wireless, Utilities,7684.999999999999,checking,,auto-pay
T100740,04-06-2023,Costco Wholesale,Utilities,170.46,savings,True,reimbursable
T104879,03/14/2023,Trader Joe's,ENTERTAINMENT,71.99,credit,,  
T103675,2023-04-27,best buy,SUBSCRIPTIONS,30.82,savings,1,reimbursable
T100830,22-11-2024,HOME DEPOT,Transport ,10.76,credit,True,split w/ roommate
T100119,"March 31, 2024",AT&T Wireless,Subscriptions ,110.78,credit,N,  
T104852,06/03/2024,Best Buy,,$86.19,checking,True,auto-pay
T104811,09/02/2023,Whole Foods Market,subscription,37.38 USD,credit,Y,auto-pay
T100635,2024-02-20,Amazon.com, Groceries,90.34,savings,Y,  
T104465,12/08/23,AT&T Wireless,GROCERIES,83.52 USD,checking,yes,split w/ roommate
T104364,"May 07, 2023",Best Buy,TRANSPORTATION,$35.58,savings,Y,auto-pay
T104142,29-04-2024,Target,Shopping,$144.56,savings,0,auto-pay
T100991,04/22/2024,Whole Foods Market,Transport ,187.38,,N,  
T100876,14-04-2024,Shell Gas Station, Groceries,$376.45,credit,0,
T100004,01-05-2023,Uber,Utility,151.82,checking,N,
T103051,"March 17, 2023",Best Buy,Utility,71.78,savings,0,split w/ roommate
T103124,08/16/2024,Shell Gas Station,shopping,88.35,,,  
T102660,28-05-2023,Costco Wholesale,Healthcare ,65.79,savings,1,
T102491,08/25/2023,Delta Air Lines,Subscriptions,73.8,savings,False,auto-pay
T103854,02/08/23,Best Buy,Transportation,69.52,checking,Y,split w/ roommate
T101715,2023-09-08,CVS PHARMACY,Shoping,88.64,savings,no,
T101148,"March 18, 2024",Spotify,SUBSCRIPTIONS,53.93,savings,0,reimbursable
T103261,2024-12-23,Netflix,Transport ,$146.23,checking,Y,reimbursable
T100574,16-04-2024,Whole Foods Market,subscription,29.69 USD,savings,0,  
T103769,2024-09-20,Netflix,ENTERTAINMENT,37.14 USD,savings,True,split w/ roommate
T103736,01/14/2023,Uber,Entertainmnt,32.41,checking,Y,reimbursable
T104146,2023-11-08,Target,Groceries,89.26 USD,savings,0,reimbursable
T100853,"June 14, 2024",best buy,utilities,$123.82,savings,1,reimbursable
T101982,03/09/23,Target,entertainment,$219.15,checking,no,split w/ roommate
T102774,13-10-2024,Spotify,Travel,12.07,,Y,split w/ roommate
T101166,16-12-2023,Delta Air Lines,SHOPPING,$142.59,credit,False,
T100971,09/06/2023,NETFLIX,shopping,101.28,credit,1,reimbursable
T102701,01-02-2024,Amazon.com,Utilities,25.74,savings,no,reimbursable
T104495,11-12-2023,CVS Pharmacy,health care,39.79,credit,no,
T103847,03/16/2023,Netflix	,dining out,185.03,savings,yes,auto-pay
T102368,05-02-2023,Home Depot	,GROCERIES,35.57,credit,N,auto-pay
T104115,2024-07-31,Costco Wholesale,TRAVEL,121.91,checking,0,split w/ roommate
T104131,19-05-2024,,entertainment,$63.45,checking,yes,auto-pay
T102950,2023-01-17,Spotify,Utility,$30.36,credit,,
T100524,2023-07-29,Costco Wholesale,GROCERIES,71.03,savings,no,reimbursable
T102455,"June 15, 2024",Best Buy,utilities,71.04,credit,no,  
T101841,26-09-2024,Spotify,ENTERTAINMENT,21.74,checking,1,reimbursable
T100537,09/15/2023,Whole Foods Market,travel,$282.27,credit,True,
T102806,2024-02-03,Shell Gas Station,Travel,$110.93,credit,0,split w/ roommate
T104341,07-08-2024,Costco Wholesale	,groceries ,30.72,savings,Y,
T103175,05/27/2024,Netflix,DINING,90.54,savings,1,
T100784,"July 02, 2024",Trader Joe's	,Subscriptions,90.63 USD,credit,False,  
T104057,06/04/2023,Costco Wholesale,Entertainment,142.82,checking,0,
T101409,03-03-2024,Trader Joe's,travel,7.26,credit,1,reimbursable
T102537,04/21/2024,AT&T Wireless,Subscriptions ,$93.19,checking,,reimbursable
T100154,"February 11, 2024",Starbucks,utilities,207.87,savings,0,  
T103009,16-12-2023,CVS Pharmacy,Utilities,66.16 USD,checking,yes,auto-pay
T101686,12/30/2024,shell gas station,TRAVEL,3.42 USD,credit,N,
T102901,2023-03-15,Chipotle Mexican Grill,Utility,122.15,checking,N,auto-pay
T104674,2023-10-05,Target,HEALTHCARE,$35.18,credit,0,  
T104721,08/20/2024,Whole Foods Market,Shopping,62.19,checking,0,split w/ roommate
T103863,"May 28, 2023",Chipotle Mexican Grill,HEALTHCARE,93.39 USD,checking,0,auto-pay
T102733,2024-08-05,Amazon.com,SHOPPING,65.34 USD,savings,,split w/ roommate
T101895,03/07/23,  CVS Pharmacy  ,dining out,41.40 USD,savings,1,
T100569,2023-08-07,  CVS Pharmacy  ,Entertainment,201.43,credit,True,
T101816,24-03-2023,Costco Wholesale,Dining,50.80,,0,  
T102065,"July 07, 2024",Uber,Utilities,97.80,savings,N,
T100127,11/25/24,CVS Pharmacy,TRAVEL,94.08 USD,credit,Y,auto-pay
T103394,11/05/24,AT&T Wireless	,Travel,8.21,savings,yes,reimbursable
T103327,04/09/23,Delta Air Lines,Grocery,144.76,credit,True,reimbursable
T100036,"September 09, 2024",DELTA AIR LINES,Healthcare ,82.54,checking,no,reimbursable
T102975,11/28/24,Home Depot,HEALTHCARE,21.38,credit,True,split w/ roommate
T100980,2023-07-27,Costco Wholesale,TRANSPORTATION,24.80 USD,checking,False,reimbursable
T102300,09/28/23,Starbucks,Groceries,71.80 USD,checking,,reimbursable
T100190,21-09-2023,AMAZON.COM,entertainment,$92.60,savings,Y,split w/ roommate
T101139,2023-10-27,Starbucks,transport,48.45,credit,yes,split w/ roommate
T100699,05/10/2024,Home Depot,travel,$47.19,credit,,  
T104853,2023-02-24,  Costco Wholesale  ,shopping,$31.59,savings,False,
T100606,19-01-2023,Costco Wholesale,Entertainment,46.14,checking,0,  
T104276,11-06-2023,Home Depot,DINING,54.59,credit,Y,reimbursable
T100301,06/15/24,Trader Joe's,,,checking,True,auto-pay
T103420,11/25/2023,Delta Air Lines,subscription,192.93,credit,1,reimbursable
T104893,16-12-2023,Starbucks, Utilities,76.84,savings,False,reimbursable
T101060,01/23/2024,Target,Dining ,51.83 USD,credit,1,  
T102565,"October 06, 2024",Starbucks,Dining,163.35,savings,0,auto-pay
T100601,04-01-2023,SHELL GAS STATION,Healthcare ,83.66 USD,,0,  
T101069,2023-08-07,CVS Pharmacy,HEALTHCARE,102.03,credit,Y,
T102524,2024-10-17,Spotify,SUBSCRIPTIONS,37.89,checking,no,auto-pay
T102205,"June 11, 2024",uber, Groceries,$48.86,,False,auto-pay
T101243,04/28/24,Shell Gas Station,utilities,$157.57,checking,False,auto-pay
T100016,"December 28, 2024",Amazon.com,Healthcare ,93.15 USD,savings,False,  
T103120,2023-04-29,  CVS Pharmacy  ,Transport ,16.90,credit,False,reimbursable
T104642,2023-05-28,Amazon.com,Healthcare,$24.28,savings,0,  
T104754,"January 26, 2024",Starbucks,travel,62.05,savings,N,split w/ roommate
T100815,2023-09-05,Best Buy,utilities,18.29,savings,False,
T103067,04/03/23,Target,Subscriptions ,67.27 USD,savings,no,auto-pay
T104857,07/12/2023,Spotify,,35.52,credit,,
T100959,"March 07, 2024",AT&T Wireless,Groceries,,credit,0,
T100225,2023-09-27,Netflix,Dining,,checking,1,
T103354,01/02/23,HOME DEPOT,utilities,100.62,,False,split w/ roommate
T102485,2024-10-10,Netflix,ENTERTAINMENT,30.76 USD,checking,Y,auto-pay
T100562,05/28/23,Target,Shoping,54.83,credit,yes,
T103436,"March 07, 2023",Spotify,GROCERIES,96.87 USD,checking,0,
T101693,"February 22, 2024",Chipotle Mexican Grill,SUBSCRIPTIONS,50.87 USD,checking,True,
T101045,2024-11-09,Best Buy,health care,38.52 USD,credit,N,split w/ roommate
T103446,12/07/2023,Uber,,,checking,1,split w/ roommate
T104565,"February 20, 2024",Spotify	,Grocery,33.26 USD,checking,0,reimbursable
T100954,"November 25, 2023",AT&T Wireless,subscription,101.01,savings,N,  
T101299,11-12-2023,TARGET,health care,26.42,savings,Y,auto-pay
T102735,03/29/23,Spotify,TRAVEL,$134.68,,,auto-pay
T104977,2024-07-02,NETFLIX,transport,186.03 USD,credit,0,
T104735,04/12/23,Chipotle Mexican Grill,utilities,154.64,credit,0,auto-pay
T104896,03/21/2023,AMAZON.COM,subscription,$45.22,checking,True,
T101218,"June 18, 2024",Costco Wholesale,Healthcare,27.11,credit,Y,
T101527,01/06/23,Netflix,,43.07,credit,True,
T103987,2024-08-12,CVS Pharmacy,Groceries,38.82,savings,yes,reimbursable
T101300,06/08/24,Costco Wholesale,shopping,17.75 USD,credit,0,split w/ roommate
T104965,09/25/24,Home Depot,Entertainment,87.11,checking,N,split w/ roommate
T100160,02/08/2024,,TRAVEL,67.26,credit,True,
T104067,17-03-2023,  Whole Foods Market  ,transport,$144.38,checking,False,
T100956,14-03-2023,Costco Wholesale,GROCERIES,191.91,credit,yes,split w/ roommate
T103791,2023-12-11,Best Buy,Dining,$135.78,savings,True,
T103234,03/31/2024,Trader Joe's,ENTERTAINMENT,$66.36,checking,False,split w/ roommate
T102869,04/24/2024,delta air lines,utilities,67.77,savings,yes,
T103777,2023-06-07,AT&T WIRELESS,TRANSPORTATION,$243.96,checking,1,  
T104433,"April 12, 2024",Starbucks	,Shoping,26.89,checking,0,
T102961,11/21/23,home depot,Utilities,30.62 USD,checking,Y,auto-pay
T102200,23-08-2023,  Uber  ,subscription,24.20 USD,savings,yes,auto-pay
T100098,"May 24, 2023",Best Buy,subscription,310.90,savings,False,split w/ roommate
T102557,10-06-2024,Target	,groceries ,71.42,savings,0,split w/ roommate
T103183,2023-09-17,Best Buy, Utilities,118.41,credit,0,  
T100253,2023-01-23,AT&T Wireless,Dining ,42.83 USD,checking,1,split w/ roommate
T103923,04/09/2024,Netflix,TRAVEL,59.50 USD,credit,0,  
T104199,12-02-2024,Shell Gas Station,Shopping,171.61,checking,N,  
T101445,2024-04-13,at&t wireless,HEALTHCARE,103.20 USD,credit,Y,split w/ roommate
T101648,04/22/2024,CVS Pharmacy,Subscriptions ,32.77,savings,N,auto-pay
T104682,03/04/24,Delta Air Lines,utilities,30.82 USD,savings,yes,
T104723,03/07/2023,Best Buy,Shoping,21.94,credit,False,split w/ roommate
T103991,06/05/23,Spotify,Grocery,141.50 USD,credit,yes,  
T101696,27-08-2024,AT&T Wireless,Groceries,66.01 USD,,0,reimbursable
T103191,10/18/24,AT&T WIRELESS,utilities,$30.76,credit,0,auto-pay
T104499,10/09/2024,Netflix	,TRAVEL,68.58,savings,False,
T101154,15-06-2024,Chipotle Mexican Grill,Subscriptions,$53.72,savings,Y,reimbursable
T102255,"December 23, 2024",Best Buy,TRANSPORTATION,91.39 USD,credit,True,reimbursable
T101682,"February 06, 2023",  Delta Air Lines  ,SUBSCRIPTIONS,53.83 USD,savings,no,  
T103170,"January 18, 2023",AT&T Wireless,,$18.01,savings,True,
T102056,11/12/2024,CVS Pharmacy,Subscriptions,$134.44,savings,True,split w/ roommate
T104090,2023-04-30,Best Buy,Shoping,125.29,savings,,split w/ roommate
T103108,09/01/23,Whole Foods Market,shopping,30.47,checking,1,
T104548,16-11-2023,AT&T Wireless,Subscriptions,$46.84,credit,Y,split w/ roommate
T103723,2023-01-05,SHELL GAS STATION,Subscriptions ,55.57 USD,checking,N,reimbursable
T102049,"July 09, 2023",Shell Gas Station,Shopping,118.92 USD,credit,N,  
T103643,10-12-2024,Amazon.com,Subscriptions ,42.61 USD,savings,1,split w/ roommate
T101510,2023-09-07,Amazon.com,Entertainment,$47.07,credit,True,auto-pay
T100623,"January 29, 2023",Delta Air Lines,Entertainmnt,91.76,savings,0,
T100262,,Netflix,,232.88,credit,yes,auto-pay
T103369,23-11-2024,Trader Joe's,health care,$90.72,,True,auto-pay
T104061,08/27/2024,Amazon.com,Healthcare,78.79 USD,savings,True,auto-pay
T101802,2024-11-17,Whole Foods Market,TRAVEL,124.00 USD,savings,False,
T104736,29-05-2023,Uber,TRAVEL,38.78 USD,savings,N,
T104931,04/16/24,TARGET,dining out,$16.39,savings,,auto-pay
T102385,02/11/23,Target,TRAVEL,,checking,Y,
T101959,10/31/2023,Best Buy,Groceries,141.08 USD,savings,no,split w/ roommate
T102976,"February 23, 2023",Trader Joe's,DINING,33.44,credit,1,split w/ roommate
T100488,10/19/23,CVS Pharmacy,utilities,16.50 USD,credit,1,split w/ roommate
T101843,"May 04, 2024",Netflix,Travel,173.59 USD,,N,split w/ roommate
T101734,"April 27, 2023",Whole Foods Market,shopping,164.24,credit,True,split w/ roommate
T102911,2024-02-08,Best Buy,SUBSCRIPTIONS,14.89,checking,yes,
T103219,"June 14, 2024",Delta Air Lines,Subscriptions ,57.47 USD,credit,False,  
T100146,10/30/2023,, Utilities,56.37,savings,1,
T101986,"October 21, 2024",Delta Air Lines,Healthcare ,$124.15,credit,False,reimbursable
T101369,"February 22, 2023",Trader Joe's, Groceries,97.62 USD,savings,False,reimbursable
T102811,12/22/24,Uber,Travel,$36.34,credit,,
T100659,07/31/24,chipotle mexican grill,travel,94.99,credit,N,
T101794,"August 19, 2023",,DINING,$23.22,savings,N,  
T102511,06/24/23,Home Depot,Transport ,72.61,checking,1,
T103397,10/04/2024,CVS Pharmacy,health care,106.04,,False,auto-pay
T104282,04/21/2023,Trader Joe's,groceries ,6.37,credit,False,reimbursable
T101147,"September 05, 2023",shell gas station,groceries ,$50.94,savings,,reimbursable
T103272,06-01-2024,Chipotle Mexican Grill,DINING,$21.91,checking,0,reimbursable
T100608,22-08-2023,Trader Joe's,Entertainment,34.40,savings,yes,
T103582,08/05/24,Starbucks,Utility,31.84,savings,yes,
T101930,11-08-2024,AT&T Wireless,SUBSCRIPTIONS,$26.43,credit,1,
T100197,07/04/24,CVS Pharmacy,TRANSPORTATION,$54.31,savings,Y,
T102931,2023-03-04,Shell Gas Station,Subscriptions ,$56.46,checking,,auto-pay
T102327,2023-05-01,AMAZON.COM,groceries,13483.000000000002,checking,True,
T104389,07/17/2024,Shell Gas Station,entertainment,$106.94,savings,no,reimbursable
T100766,2023-01-06,Home Depot,Shoping,29.96,credit,N,auto-pay
T104496,07/14/23,Shell Gas Station,Travel,66.46 USD,savings,yes,
T104218,20-12-2023,Amazon.com,Transport ,14.36,savings,True,
T103255,2024-03-13,Shell Gas Station,transport,$58.36,savings,no,  
T100202,22-07-2023,Starbucks,Transportation,44.71,savings,,auto-pay
T103510,05/13/23,,Healthcare,,checking,Y,
T101733,06/01/23,STARBUCKS, Groceries,212.11,,no,
T102777,2023-05-04,Trader Joe's,Dining,85.96,credit,,reimbursable
T101707,04/14/24,CVS Pharmacy,Shoping,91.00 USD,savings,0,
T103474,14-11-2023,Home Depot,Subscriptions ,146.75 USD,checking,N,auto-pay
T100854,"January 11, 2023",Starbucks,SHOPPING,99.55 USD,credit,False,
T104737,2023-04-23,Amazon.com,groceries ,148.75 USD,savings,0,split w/ roommate
T104097,"December 07, 2023",Netflix,,74.59,savings,True,auto-pay
T102160,03/28/2023,Home Depot,Healthcare,67.86,savings,True,split w/ roommate
T100698,03/21/2024,uber,Travel,69.1,checking,True,
T102834,2023-02-15,SHELL GAS STATION,HEALTHCARE,54.89 USD,savings,no,reimbursable
T102999,"June 26, 2024",Costco Wholesale,Dining,22.16 USD,credit,1,auto-pay
T103696,,Delta Air Lines,Dining ,155.47,credit,Y,split w/ roommate
T101636,01-07-2024,Whole Foods Market,TRAVEL,91.15,savings,no,
T103457,22-06-2023,Starbucks,dining out,$49.39,savings,,split w/ roommate
T103581,"January 01, 2023",Starbucks,dining out,$72.02,credit,False,auto-pay
T101291,26-06-2023,STARBUCKS,HEALTHCARE,32.00,checking,True,auto-pay
T104659,02/10/23,Chipotle Mexican Grill,SHOPPING,"$16,692.00",credit,,auto-pay
T101853,2023-04-23,Netflix,Shopping,80.30,savings,True,auto-pay
T103763,2023-09-22,AT&T Wireless,Subscriptions ,44.13,credit,,split w/ roommate
T103304,"July 07, 2024",Whole Foods Market,utilities,95.59,credit,Y,split w/ roommate
T104986,04/07/2024,Shell Gas Station,Dining,183.96,savings,Y,auto-pay
T103743,05-02-2024,Costco Wholesale,Healthcare,102.16,checking,1,  
T103445,29-04-2024,Home Depot,groceries ,15.37,,1,  
T101998,2024-01-30,Netflix,DINING,70.94 USD,credit,,reimbursable
T100663,20-10-2024,Chipotle Mexican Grill,Shopping,44.41 USD,checking,True,split w/ roommate
T104779,14-05-2024,Best Buy,Utility,$54.53,credit,yes,auto-pay
T103748,"February 21, 2024",CVS Pharmacy,Shopping,64.10,credit,False,
T104413,09/28/23,Costco Wholesale,DINING,16.24,checking,Y,auto-pay
T104744,05/05/24,Best Buy,Subscriptions,172.25,savings,yes,
T100709,04/13/2023,AT&T Wireless,transport,133.07,,True,
T101282,"October 22, 2024",Starbucks,Transportation,205.21,savings,1,auto-pay
T102675,02/27/2024,Target,SUBSCRIPTIONS,,savings,N,  
T104029,07/26/23,Netflix,Subscriptions ,91.24 USD,credit,yes,
T101306,10/22/2023,Amazon.com,Healthcare ,$56.73,credit,yes,split w/ roommate
T102237,"May 14, 2023",,Utility,$17.30,credit,Y,
T103302,12/10/24,CVS Pharmacy,Entertainment,210.64,credit,Y,split w/ roommate
T102038,10-11-2023,Amazon.com,Shoping,96.79 USD,checking,,reimbursable
T101529,11/07/2023,Costco Wholesale,HEALTHCARE,$90.88,checking,,  
T101663,01/15/24,Amazon.com,Entertainmnt,156.99,checking,N,
T102389,12/28/2023,AT&T Wireless,entertainment,24.94,savings,N,split w/ roommate
T101494,21-10-2024,Uber,Transport ,4552.00,credit,,
T103627,10/25/23,Chipotle Mexican Grill	, Groceries,$10.51,checking,0,
T104891,"December 27, 2024",Amazon.com,transport,$65.20,checking,False,reimbursable
T102693,10-10-2024,Shell Gas Station,HEALTHCARE,6.51,savings,True,
T103060,"July 31, 2023",Chipotle Mexican Grill,groceries ,$65.92,savings,yes,split w/ roommate
T101597,03/13/23,AT&T Wireless,Utilities,122.73 USD,savings,N,reimbursable
T102729,07/30/23,CVS Pharmacy,Utilities,,checking,True,auto-pay
T102625,"May 28, 2024",Best Buy,transport,78.75,savings,False,
T103157,2023-12-28,Trader Joe's,Healthcare,16.45 USD,savings,Y,split w/ roommate
T103314,,  Home Depot  ,transport,131.38,savings,N,
T101722,"January 25, 2024",  Trader Joe's  ,Transport ,$47.53,credit,N,split w/ roommate
T101059,02-07-2024,Spotify, Utilities,133.67 USD,checking,yes,
T104636,08/16/24,Whole Foods Market,Travel,189.58,savings,True,
T103242,2023-01-08,Amazon.com,shopping,124.63,credit,no,reimbursable
T101678,2023-02-13,Whole Foods Market,Utilities,51.72,checking,Y,auto-pay
T101757,,Target,shopping,19.60 USD,checking,,
T104191,30-11-2024,Delta Air Lines	,travel,65.51,checking,,split w/ roommate
T100563,01/17/24,best buy,travel,45.47,checking,Y,
T102790,2023-05-04,Uber,Dining,132.00,savings,True,auto-pay
T100863,09/18/2024,Uber,groceries,11.18,savings,yes,
T101484,05-05-2024,Delta Air Lines, Utilities,67.65 USD,checking,1,
T100206,"April 06, 2023",Costco Wholesale,DINING,88.21 USD,savings,Y,reimbursable
T104488,"March 08, 2024",Delta Air Lines,Grocery,25.30 USD,savings,no,split w/ roommate
T100870,03/31/2023,Best Buy,entertainment,46.35,savings,True,reimbursable
T104493,"June 13, 2024",Costco Wholesale,Shopping,42.28 USD,savings,0,
T100502,01/20/2024,Shell Gas Station,Shopping,$30.73,credit,N,reimbursable
T101028,06/26/24,Whole Foods Market,Grocery,$64.18,checking,True,
T103840,06/30/24,Netflix,SHOPPING,159.46 USD,credit,False,reimbursable
T102690,2024-08-23,AT&T Wireless,TRANSPORTATION,52.85,checking,0,
T101570,28-02-2023,Spotify,Utilities,$46.57,credit,Y,split w/ roommate
T102773,2023-12-19,Costco Wholesale,health care,34.96,checking,0,reimbursable
T102731,"May 21, 2024",Best Buy	,Dining ,101.73 USD,checking,0,  
T100804,"November 06, 2023",Shell Gas Station,Utility,25.97,,True,reimbursable
T103645,01/16/2023,Home Depot,Subscriptions ,$113.61,savings,,reimbursable
T102454,12/05/24,Whole Foods Market,DINING,$89.71,savings,yes,  
T104598,01/16/2023,Home Depot,Shoping,,credit,no,split w/ roommate
T103104,05-07-2024,UBER,Healthcare ,145.60 USD,credit,0,
T104875,"October 12, 2024",CVS Pharmacy,health care,65.72,credit,0,auto-pay
T100200,02/23/2023,,Shopping,14.75,credit,N,auto-pay
T103099,22-12-2023,Spotify,Dining,$147.37,savings,1,  
T102278,03/08/2024,Delta Air Lines,ENTERTAINMENT,143.70,credit,yes,auto-pay
T103561,2024-11-20,Best Buy,Travel,83.63 USD,credit,True,
T104474,16-07-2024,Chipotle Mexican Grill,Utility,15.69,checking,Y,
T104514,05-09-2024,Spotify,travel,42.14 USD,checking,yes,reimbursable
T100391,12/09/2024,Home Depot,Subscriptions ,$47.92,credit,no,
T101495,08/20/23,Uber, Groceries,93.54,credit,False,  
T102695,30-08-2023,Uber,TRANSPORTATION,42.10 USD,checking,yes,  
T102027,12/28/2024,Whole Foods Market	,Subscriptions,174.77,credit,False,split w/ roommate
T102568,03/28/2023,Netflix,Subscriptions ,12.17,credit,0,
T100064,"July 16, 2024",Spotify,Entertainmnt,203.36,credit,,
T103884,2023-05-26,Delta Air Lines,health care,31.03,credit,Y,
T102062,09/07/23,Trader Joe's,Dining ,16.24 USD,savings,1,auto-pay
T100492,2023-06-14,Home Depot,Travel,72.10,credit,no,auto-pay
T100379,"May 12, 2024",Target,travel,$41.66,savings,N,
T104859,2023-05-11,amazon.com,Healthcare,61.30,credit,0,reimbursable
T103993,"November 30, 2024",Target,Transportation,21.14,credit,yes,
T104887,"August 13, 2024",AT&T Wireless,TRAVEL,$33.06,credit,N,
T101076,"August 15, 2024",AT&T Wireless,Entertainment,163.60 USD,credit,yes,  
T100878,08/10/24,Amazon.com, Utilities,10.65,savings,N,split w/ roommate
T100337,09/17/2023,Target,Travel,149.06 USD,credit,1,
T101016,2024-11-09,Spotify,Dining ,$17.11,savings,1,split w/ roommate
T101275,06/28/2023,Best Buy,Healthcare,100.20 USD,credit,N,
T103798,"July 12, 2024",Amazon.com,TRAVEL,35.07 USD,savings,1,  
T104551,03/19/23,delta air lines,Utilities,86.89,credit,,
T103342,2023-12-12,Chipotle Mexican Grill,,63.85,credit,yes,  
T104911,03/04/2023,Uber	,DINING,52.09,checking,0,
T100995,07/29/2024,Shell Gas Station,DINING,2830.00,,0,
T101981,"July 24, 2023",Chipotle Mexican Grill,Subscriptions,$9.79,savings,yes,
T104297,"December 28, 2024",Trader Joe's,DINING,80.11,checking,N,split w/ roommate
T100161,10/30/2023,Shell Gas Station,GROCERIES,59.17 USD,,N,
T104798,2023-05-25,Home Depot,Subscriptions,124.23,checking,,split w/ roommate
T101500,11/06/24,Best Buy,Transportation,35.12,checking,1,  
T103843,09/27/2024,Trader Joe's,Entertainmnt,64.40,savings,1,reimbursable
T102613,02/14/2023,Starbucks,Travel,185.48 USD,checking,Y,reimbursable
T103461,2024-04-04,Netflix,HEALTHCARE,6119.00,savings,yes,split w/ roommate
T101021,11/03/2023,Spotify,transport,110.68,credit,False,reimbursable
T103073,"December 07, 2024",Home Depot,Grocery,28.65,credit,False,
T103943,2023-03-26,Costco Wholesale,GROCERIES,31.39,savings,1,
T101585,"December 28, 2024",,Travel,72.75 USD,credit,no,  
T101955,"January 18, 2024",Chipotle Mexican Grill,Healthcare,$190.11,credit,0,reimbursable
T103152,"August 17, 2024",Chipotle Mexican Grill,utilities,70.49,credit,N,split w/ roommate
T100034,2024-04-08,Trader Joe's,ENTERTAINMENT,64.58,credit,False,auto-pay
T104014,2024-04-12,Delta Air Lines,Shopping,25.11,savings,yes,  
T100775,21-01-2024,CVS Pharmacy,Utility,52.33 USD,credit,Y,reimbursable
T102556,01/02/24,Uber,Healthcare ,101.87 USD,savings,yes,auto-pay
T101478,2024-03-07,Amazon.com,TRAVEL,68.9,checking,Y,auto-pay
T101363,06/15/2024,Whole Foods Market,Shopping,46.53,savings,yes,
T102612,2023-09-02,Starbucks,TRAVEL,57.54,savings,False,
T102824,2024-05-02,Amazon.com,TRANSPORTATION,167.15,savings,True,
T102041,12-02-2023,Whole Foods Market,Shopping,$201.84,checking,no,split w/ roommate
T100241,2024-09-08,  Target  ,Shopping,$17.86,savings,0,reimbursable
T102061,"August 20, 2023",Trader Joe's,Shoping,139.56,checking,yes,auto-pay
T102363,10/03/2023,Target,TRAVEL,$51.97,credit,Y,reimbursable
T100600,03/24/23,Trader Joe's,Subscriptions ,72.72 USD,checking,,split w/ roommate
T102435,2023-09-20,AT&T Wireless,DINING,98.59,savings,yes,auto-pay
T102888,2024-10-24,Delta Air Lines,health care,23.88,credit,no,auto-pay
T100646,"May 07, 2024",Whole Foods Market,subscription,$15.37,credit,yes,auto-pay
T103890,08/01/2023,Delta Air Lines,travel,$168.37,savings,Y,reimbursable
T103556,27-07-2023,Home Depot,DINING,72.99,,yes,
T103202,2023-12-06,Whole Foods Market,Shoping,$90.76,credit,0,
T101528,09-07-2024,CVS Pharmacy,Subscriptions ,$200.64,savings,0,
T101267,2024-01-29,Spotify,utilities,144.2,checking,1,
T101899,06/03/2023,Home Depot,SUBSCRIPTIONS,122.39,credit,False,split w/ roommate
T104658,23-06-2024,Target,SUBSCRIPTIONS,20.31,savings,Y,
T103005,12/05/2024,Whole Foods Market,Utilities,40.64,checking,no,reimbursable
T102734,"January 08, 2023",Shell Gas Station, Groceries,97.76,,N,
T100189,"August 28, 2023",Chipotle Mexican Grill,travel,58.28 USD,checking,0,reimbursable
T101806,12/12/2023,Whole Foods Market,SHOPPING,100.66,savings,yes,  
T100975,,Whole Foods Market,SUBSCRIPTIONS,$40.06,savings,1,
T102747,01/17/2024,Best Buy,Entertainment,41.23 USD,checking,,  
T102047,07/13/24,Spotify,Travel,$75.37,savings,,
T102558,03/21/24,Whole Foods Market,health care,102.70 USD,savings,no,reimbursable
T101082,2023-01-31,Best Buy,Entertainmnt,$84.29,,True,split w/ roommate
T100474,2024-02-14,Amazon.com,Dining ,$28.08,checking,True,auto-pay
T102904,10/02/23,Uber,SHOPPING,39.67,savings,True,
T104843,11/15/24,target, Utilities,35.01,credit,Y,  
T104117,12/19/23,Best Buy, Utilities,85.17,credit,Y,
T103385,05/31/2023,AT&T Wireless,TRAVEL,$176.71,checking,0,split w/ roommate
T104555,30-11-2024,Trader Joe's,utilities,108.99,savings,,reimbursable
T101184,22-09-2023,Shell Gas Station,Shoping,53.25,savings,True,
T101040,"October 12, 2023",SPOTIFY,Shopping,67.28,credit,N,split w/ roommate
T102433,01/27/24,Starbucks,subscription,$63.94,checking,no,
T102391,2023-03-29,Spotify,entertainment,48.59 USD,,N,  
T100769,"April 15, 2023",Costco Wholesale,,$182.89,checking,True,reimbursable
T101685,08/04/2023,Delta Air Lines,subscription,126.9,checking,0,split w/ roommate
T100130,,amazon.com,TRANSPORTATION,$97.59,checking,yes,
T102919,2024-10-23,cvs pharmacy,TRAVEL,93.44,checking,Y,reimbursable
T103171,2023-06-02,Netflix,travel,52.66,savings,no,reimbursable
T103444,12-09-2023,Starbucks,Subscriptions ,52.17 USD,credit,Y,split w/ roommate
T104426,06/09/24,Costco Wholesale,Transport ,72.46 USD,savings,yes,
T100466,12/10/2023,Whole Foods Market,Healthcare ,44.30 USD,savings,,auto-pay
T103092,"November 01, 2023",  Spotify  ,Subscriptions,94.61,checking,,auto-pay
T103772,2023-01-05,Spotify,transport,7.58,credit,Y,
T100860,03/01/24,BEST BUY,travel,31.75,savings,N,
